市区町村コード,市区町村名,総65歳以上人口,居住125mメッシュ数,高齢者密度_人per_km2,圏外65歳以上人口_変種A,圏外率_変種A,圏外65歳以上人口_supermarketのみ,圏外65歳以上人口_変種C125,圏外率_変種C125,農水省_困難人口割合,農水省_困難人口,比_農水省÷変種A,比_農水省÷変種C125
01472,幌加内町,559,177,202.0,559,1.0,559,559,1.0,0.2929,164.0,0.293,0.293
02343,西目屋村,501,105,305.0,501,1.0,501,501,1.0,0.4401,220.0,0.44,0.44
02450,新郷村,1084,254,273.0,1084,1.0,1084,1084,1.0,0.4039,438.0,0.404,0.404
07364,檜枝岐村,196,39,322.0,196,1.0,196,196,1.0,0.4596,89.0,0.46,0.46
07444,三島町,786,138,365.0,786,1.0,786,786,1.0,0.4023,315.0,0.402,0.402
07446,昭和村,693,151,294.0,693,1.0,693,693,1.0,0.5607,389.0,0.561,0.561
10367,神流町,1018,210,310.0,1018,1.0,1018,1018,1.0,0.3881,392.0,0.388,0.388
13382,御蔵島村,58,13,286.0,58,1.0,58,58,1.0,0.7737,45.0,0.774,0.774
13402,青ヶ島村,31,17,117.0,31,1.0,31,31,1.0,0.7207,22.0,0.721,0.721
14402,清川村,1125,145,497.0,1125,1.0,1125,1020,0.9067,0.2838,321.0,0.284,0.313
19364,早川町,446,166,172.0,446,1.0,446,446,1.0,0.4963,224.0,0.496,0.496
19442,小菅村,310,70,283.0,310,1.0,310,310,1.0,0.5264,163.0,0.526,0.526
19443,丹波山村,233,40,373.0,233,1.0,233,233,1.0,0.5788,137.0,0.579,0.579
20306,南相木村,392,101,248.0,392,1.0,392,392,1.0,0.3117,122.0,0.312,0.312
20409,平谷村,124,52,153.0,124,1.0,124,76,0.6129,0.4114,54.0,0.411,0.671
20414,泰阜村,649,313,133.0,649,1.0,649,649,1.0,0.2753,179.0,0.275,0.275
26463,伊根町,855,153,358.0,855,1.0,855,855,1.0,0.4869,455.0,0.487,0.487
29322,山添村,1550,374,265.0,1550,1.0,1550,1550,1.0,0.2043,318.0,0.204,0.204
29385,曽爾村,669,191,224.0,669,1.0,669,669,1.0,0.3131,209.0,0.313,0.313
29386,御杖村,891,249,229.0,891,1.0,891,891,1.0,0.442,394.0,0.442,0.442
29450,下北山村,366,117,200.0,366,1.0,366,366,1.0,0.4265,156.0,0.426,0.426
31403,江府町,1311,209,401.0,1311,1.0,1311,1299,0.9908,0.3019,396.0,0.302,0.305
33643,西粟倉村,497,158,201.0,497,1.0,497,497,1.0,0.3688,183.0,0.369,0.369
35341,上関町,1274,139,587.0,1274,1.0,1274,1274,1.0,0.4751,628.0,0.475,0.475
36302,上勝町,770,242,204.0,770,1.0,770,770,1.0,0.5043,389.0,0.504,0.504
39304,安田町,1102,207,341.0,1102,1.0,1102,1102,1.0,0.3448,373.0,0.345,0.345
39305,北川村,493,147,215.0,493,1.0,493,493,1.0,0.3023,153.0,0.302,0.302
39427,三原村,683,221,198.0,683,1.0,683,683,1.0,0.2802,189.0,0.28,0.28
43513,球磨村,1066,264,258.0,1066,1.0,1066,1059,0.9934,0.2544,277.0,0.254,0.256
45403,西米良村,496,152,209.0,496,1.0,496,496,1.0,0.3999,175.0,0.4,0.4
46303,三島村,107,35,196.0,107,1.0,107,107,1.0,0.7372,79.0,0.737,0.737
46304,十島村,204,73,179.0,204,1.0,204,204,1.0,0.7215,147.0,0.722,0.722
46523,大和村,573,72,509.0,573,1.0,573,573,1.0,0.5451,319.0,0.545,0.545
46524,宇検村,681,106,411.0,681,1.0,681,681,1.0,0.5831,408.0,0.583,0.583
46533,和泊町,2257,513,282.0,2257,1.0,2257,2239,0.992,0.5456,1237.0,0.546,0.55
46534,知名町,2170,437,318.0,2170,1.0,2170,2170,1.0,0.5788,1252.0,0.579,0.579
47356,渡名喜村,143,14,654.0,143,1.0,143,143,1.0,0.7448,107.0,0.745,0.745
13362,利島村,80,17,301.0,80,1.0,80,80,1.0,0.7472,60.0,0.747,0.747
20429,王滝村,308,95,207.0,308,1.0,308,308,1.0,0.3894,120.0,0.389,0.389
29447,野迫川村,183,75,156.0,183,1.0,183,183,1.0,0.4648,84.0,0.465,0.465
29451,上北山村,234,59,254.0,234,1.0,234,234,1.0,0.4737,109.0,0.474,0.474
29452,川上村,640,174,235.0,640,1.0,640,640,1.0,0.3931,252.0,0.393,0.393
39364,大川村,143,82,112.0,143,1.0,143,143,1.0,0.4085,61.0,0.408,0.408
40609,赤村,1173,292,257.0,1173,1.0,1173,1173,1.0,0.2084,233.0,0.208,0.208
43507,水上村,921,296,199.0,921,1.0,921,921,1.0,0.3922,354.0,0.392,0.392
43512,山江村,1182,287,264.0,1182,1.0,1182,1127,0.9535,0.3294,385.0,0.329,0.345
20307,北相木村,270,71,243.0,270,1.0,270,270,1.0,0.4177,113.0,0.418,0.418
20412,売木村,265,127,134.0,265,1.0,265,265,1.0,0.4896,127.0,0.49,0.49
32527,知夫村,278,58,307.0,278,1.0,278,278,1.0,0.6625,188.0,0.663,0.663
03484,田野畑村,1299,462,180.0,1299,1.0,1299,1299,1.0,0.2801,363.0,0.28,0.28
07445,金山町,1131,245,295.0,1131,1.0,1131,1131,1.0,0.4982,565.0,0.498,0.498
07548,葛尾村,194,141,88.0,194,1.0,194,194,1.0,0.0323,6.0,0.032,0.032
43511,五木村,458,133,220.0,458,1.0,458,458,1.0,0.3997,178.0,0.4,0.4
26367,南山城村,1158,282,263.0,1153,0.9957,1153,1142,0.9862,0.2846,330.0,0.286,0.289
05327,上小阿仁村,1107,172,412.0,1102,0.9955,1107,1064,0.9612,0.4423,490.0,0.444,0.46
02424,東通村,2084,460,290.0,2074,0.9952,2084,2063,0.9899,0.5126,1085.0,0.515,0.518
20404,阿南町,1936,568,218.0,1925,0.9943,1936,1891,0.9768,0.2949,576.0,0.297,0.302
20350,長和町,2388,511,299.0,2371,0.9929,2388,2157,0.9033,0.2271,540.0,0.229,0.251
39301,東洋町,1110,165,431.0,1100,0.991,1110,1059,0.9541,0.4459,498.0,0.45,0.467
10444,川場村,1565,279,359.0,1548,0.9891,1565,1465,0.9361,0.1623,254.0,0.164,0.173
01403,泊村,614,117,336.0,607,0.9886,614,594,0.9674,0.4429,277.0,0.448,0.458
20451,朝日村,1382,228,388.0,1364,0.987,1382,1322,0.9566,0.1301,179.0,0.132,0.136
07422,湯川村,1051,189,356.0,1036,0.9857,1051,970,0.9229,0.1848,197.0,0.187,0.2
40401,小竹町,3006,364,529.0,2960,0.9847,3002,2754,0.9162,0.3778,1141.0,0.384,0.412
11369,東秩父村,1258,326,247.0,1238,0.9841,1238,1201,0.9547,0.1573,198.0,0.16,0.165
27383,千早赤阪村,2153,249,553.0,2117,0.9833,2150,2039,0.9471,0.413,922.0,0.42,0.436
07544,川内村,967,366,169.0,950,0.9824,967,921,0.9524,0.2062,201.0,0.21,0.216
26364,笠置町,590,98,385.0,579,0.9814,579,485,0.822,0.3634,211.0,0.37,0.442
39387,仁淀川町,2673,644,266.0,2616,0.9787,2673,2635,0.9858,0.3893,1045.0,0.398,0.395
45442,日之影町,1629,523,199.0,1592,0.9773,1618,1563,0.9595,0.3362,557.0,0.344,0.35
28442,市川町,4186,844,317.0,4088,0.9766,4088,3921,0.9367,0.3714,1554.0,0.38,0.396
06367,戸沢村,1708,346,316.0,1667,0.976,1708,1570,0.9192,0.2317,395.0,0.237,0.252
10383,南牧村,1043,235,284.0,1016,0.9741,1016,1008,0.9664,0.3851,405.0,0.395,0.399
02443,田子町,2197,497,283.0,2139,0.9736,2197,1830,0.833,0.4304,939.0,0.442,0.517
07484,鮫川村,1240,491,162.0,1207,0.9734,1240,1172,0.9452,0.1279,156.0,0.131,0.135
20410,根羽村,450,147,196.0,438,0.9733,450,427,0.9489,0.3809,170.0,0.391,0.401
30422,太地町,1253,127,631.0,1219,0.9729,1253,1149,0.917,0.4981,623.0,0.512,0.543
29449,十津川村,1313,485,173.0,1277,0.9726,1313,1188,0.9048,0.4221,551.0,0.434,0.467
35502,阿武町,1494,310,308.0,1451,0.9712,1494,1328,0.8889,0.307,467.0,0.316,0.345
43425,産山村,589,218,173.0,572,0.9711,572,517,0.8778,0.3204,190.0,0.33,0.365
07564,飯舘村,758,438,111.0,736,0.971,758,709,0.9354,0.0413,31.0,0.043,0.044
06366,鮭川村,1578,384,263.0,1532,0.9708,1578,1521,0.9639,0.1955,309.0,0.201,0.203
46531,天城町,2046,443,296.0,1985,0.9702,2046,1874,0.9159,0.5005,1025.0,0.516,0.546
03506,九戸村,2383,592,258.0,2309,0.9689,2383,2194,0.9207,0.2612,621.0,0.27,0.284
29453,東吉野村,880,252,223.0,852,0.9682,880,814,0.925,0.3848,337.0,0.397,0.416
31386,大山町,6184,1069,370.0,5986,0.968,6099,5596,0.9049,0.2596,1608.0,0.268,0.287
33681,吉備中央町,4532,1683,172.0,4383,0.9671,4422,4043,0.8921,0.3502,1586.0,0.362,0.393
43433,南阿蘇村,4202,1015,265.0,4061,0.9664,4176,3661,0.8713,0.298,1252.0,0.308,0.342
20452,筑北村,1911,463,264.0,1845,0.9655,1911,1651,0.8639,0.2659,513.0,0.275,0.308
46501,中種子町,2956,1019,186.0,2854,0.9655,2854,2547,0.8616,0.4522,1342.0,0.468,0.525
12426,長柄町,2878,786,234.0,2777,0.9649,2878,2317,0.8051,0.1772,525.0,0.184,0.22
45429,諸塚村,676,215,201.0,652,0.9645,676,651,0.963,0.3496,237.0,0.362,0.363
34545,神石高原町,4065,1635,159.0,3918,0.9638,4025,3808,0.9368,0.3054,1239.0,0.317,0.326
45431,美郷町,2484,717,222.0,2394,0.9638,2394,2332,0.9388,0.3332,829.0,0.346,0.355
33666,美咲町,5419,1741,199.0,5219,0.9631,5359,4960,0.9153,0.3205,1737.0,0.333,0.35
45443,五ヶ瀬町,1532,450,218.0,1475,0.9628,1507,1360,0.8877,0.2665,397.0,0.277,0.3
10448,昭和村,2277,631,231.0,2192,0.9627,2277,1914,0.8406,0.2238,511.0,0.232,0.266
01437,北竜町,776,228,218.0,747,0.9626,776,698,0.8995,0.3753,291.0,0.39,0.417
02411,六ヶ所村,2645,689,246.0,2545,0.9622,2620,2321,0.8775,0.4825,1263.0,0.501,0.55
20386,中川村,1663,510,209.0,1600,0.9621,1663,1389,0.8352,0.1748,293.0,0.182,0.209
32525,海士町,893,233,245.0,859,0.9619,859,839,0.9395,0.5541,501.0,0.576,0.59
36368,那賀町,3809,973,251.0,3660,0.9609,3766,3480,0.9136,0.3784,1441.0,0.394,0.414
44461,九重町,3878,1071,232.0,3726,0.9608,3783,3528,0.9097,0.2682,1035.0,0.279,0.295
08447,河内町,3223,728,283.0,3095,0.9603,3178,2843,0.8821,0.2164,698.0,0.225,0.245
07322,大玉村,2514,762,211.0,2413,0.9598,2514,2260,0.899,0.1535,377.0,0.16,0.171
40602,添田町,3925,662,379.0,3762,0.9585,3762,3467,0.8833,0.3081,1210.0,0.322,0.349
31389,南部町,3893,664,375.0,3728,0.9576,3830,3291,0.8454,0.2442,947.0,0.255,0.289
43484,津奈木町,1752,341,329.0,1676,0.9566,1676,1580,0.9018,0.308,551.0,0.322,0.342
10428,高山村,1309,381,220.0,1252,0.9565,1309,1207,0.9221,0.1767,230.0,0.185,0.192
20543,高山村,2456,379,415.0,2349,0.9564,2456,2210,0.8998,0.1607,392.0,0.168,0.179
03301,雫石町,6128,1600,245.0,5856,0.9556,5948,4895,0.7988,0.1908,1160.0,0.2,0.239
30424,古座川町,1373,334,263.0,1312,0.9556,1312,1202,0.8755,0.4862,666.0,0.509,0.555
07505,古殿町,1901,756,161.0,1812,0.9532,1901,1751,0.9211,0.1795,340.0,0.188,0.195
24443,大台町,3750,797,301.0,3574,0.9531,3616,3011,0.8029,0.2928,1100.0,0.307,0.365
20305,南牧村,997,313,204.0,950,0.9529,963,856,0.8586,0.137,136.0,0.144,0.16
38442,伊方町,3934,498,506.0,3748,0.9527,3783,3469,0.8818,0.4479,1782.0,0.47,0.508
33606,鏡野町,4680,1440,208.0,4455,0.9519,4563,3990,0.8526,0.3014,1409.0,0.317,0.354
20486,小谷村,1024,320,205.0,974,0.9512,983,883,0.8623,0.293,297.0,0.308,0.34
21507,東白川村,906,355,163.0,861,0.9503,861,715,0.7892,0.3138,286.0,0.33,0.398
07504,浅川町,2054,477,276.0,1951,0.9499,2027,1392,0.6777,0.188,386.0,0.198,0.277
01667,鶴居村,914,330,177.0,868,0.9497,914,798,0.8731,0.271,247.0,0.285,0.31
13381,三宅村,894,253,226.0,849,0.9497,866,813,0.9094,0.5896,527.0,0.621,0.648
46502,南種子町,1962,612,205.0,1863,0.9495,1863,1650,0.841,0.4556,894.0,0.48,0.542
21382,輪之内町,2601,497,335.0,2468,0.9489,2579,2036,0.7828,0.2608,671.0,0.275,0.333
30304,紀美野町,4029,783,329.0,3821,0.9484,3937,3685,0.9146,0.393,1576.0,0.414,0.43
21504,七宗町,1559,376,265.0,1478,0.948,1559,1342,0.8608,0.3073,482.0,0.324,0.357
45430,椎葉村,1135,442,164.0,1076,0.948,1135,1036,0.9128,0.3588,410.0,0.378,0.393
13307,檜原村,1049,261,257.0,994,0.9476,994,970,0.9247,0.4528,479.0,0.478,0.49
07503,平田村,2076,1050,127.0,1966,0.947,2025,1850,0.8911,0.1532,315.0,0.162,0.172
20304,川上村,1197,274,280.0,1133,0.9465,1188,949,0.7928,0.0802,96.0,0.085,0.101
20349,青木村,1617,359,288.0,1530,0.9462,1617,1364,0.8435,0.2048,333.0,0.216,0.243
01560,滝上町,1077,233,296.0,1019,0.9461,1077,927,0.8607,0.4254,461.0,0.45,0.494
10366,上野村,518,135,246.0,490,0.9459,490,502,0.9691,0.4618,239.0,0.488,0.477
39412,四万十町,6990,1834,244.0,6604,0.9448,6684,6087,0.8708,0.2755,1923.0,0.292,0.316
09384,塩谷町,4187,1205,222.0,3954,0.9444,4086,3566,0.8517,0.2133,887.0,0.226,0.25
02323,深浦町,3605,538,429.0,3403,0.944,3469,3124,0.8666,0.5266,1962.0,0.558,0.608
32449,邑南町,4584,1565,187.0,4327,0.9439,4461,3816,0.8325,0.3778,1731.0,0.4,0.454
21502,富加町,1813,277,419.0,1711,0.9437,1804,1424,0.7854,0.2516,457.0,0.267,0.32
34462,世羅町,6329,2158,188.0,5972,0.9436,6236,5398,0.8529,0.2708,1717.0,0.287,0.317
17324,川北町,1452,187,497.0,1370,0.9435,1452,1079,0.7431,0.1251,181.0,0.133,0.168
43531,苓北町,3027,490,395.0,2855,0.9432,2919,2281,0.7536,0.3943,1211.0,0.418,0.523
46527,龍郷町,1880,349,345.0,1772,0.9426,1781,1550,0.8245,0.4996,952.0,0.53,0.606
05366,井川町,1969,284,444.0,1855,0.9421,1969,1644,0.8349,0.3289,650.0,0.349,0.394
10443,片品村,1634,372,281.0,1539,0.9419,1585,1378,0.8433,0.2122,348.0,0.225,0.252
19422,道志村,614,196,200.0,578,0.9414,614,512,0.8339,0.2612,160.0,0.277,0.313
31401,日南町,2182,722,193.0,2054,0.9413,2144,1916,0.8781,0.3814,835.0,0.405,0.434
30392,日高川町,3369,879,245.0,3170,0.9409,3369,3111,0.9234,0.3742,1268.0,0.398,0.405
34431,大崎上島町,3244,558,372.0,3051,0.9405,3101,2876,0.8866,0.4577,1513.0,0.487,0.516
01602,平取町,1657,593,179.0,1558,0.9403,1657,1325,0.7996,0.3071,516.0,0.327,0.384
06363,舟形町,2073,360,369.0,1949,0.9402,2073,1685,0.8128,0.2376,500.0,0.253,0.292
18483,おおい町,2540,533,305.0,2385,0.939,2492,1951,0.7681,0.458,1167.0,0.488,0.596
43369,和水町,3972,897,283.0,3729,0.9388,3824,3223,0.8114,0.2889,1144.0,0.308,0.356
30382,日高町,2257,499,289.0,2118,0.9384,2257,1830,0.8108,0.3843,890.0,0.41,0.474
20602,栄村,890,211,270.0,835,0.9382,835,835,0.9382,0.4098,370.0,0.437,0.437
43423,南小国町,1506,425,227.0,1413,0.9382,1466,1310,0.8699,0.3641,550.0,0.388,0.419
05349,八峰町,3035,463,420.0,2847,0.9381,2942,2647,0.8722,0.4308,1308.0,0.459,0.494
07344,天栄村,1916,431,285.0,1795,0.9368,1916,1743,0.9097,0.1078,206.0,0.115,0.118
01434,秩父別町,981,235,267.0,918,0.9358,981,739,0.7533,0.2372,234.0,0.253,0.315
02425,風間浦村,748,110,435.0,700,0.9358,700,602,0.8048,0.5751,435.0,0.614,0.715
20303,小海町,1836,337,349.0,1718,0.9357,1822,1587,0.8644,0.2456,450.0,0.262,0.284
45404,木城町,1829,413,283.0,1709,0.9344,1829,1470,0.8037,0.2631,479.0,0.282,0.327
04422,大郷町,3029,750,258.0,2830,0.9343,3029,2276,0.7514,0.1664,502.0,0.178,0.221
05346,藤里町,1411,249,363.0,1318,0.9341,1411,1149,0.8143,0.3631,513.0,0.389,0.446
01645,豊頃町,1226,408,192.0,1144,0.9331,1171,1112,0.907,0.249,297.0,0.267,0.275
30343,九度山町,1780,247,461.0,1661,0.9331,1661,1475,0.8287,0.3317,594.0,0.356,0.4
20448,生坂村,713,209,218.0,665,0.9327,665,631,0.885,0.268,187.0,0.287,0.303
21403,大野町,6615,862,491.0,6169,0.9326,6536,5122,0.7743,0.2273,1502.0,0.244,0.294
01431,浦臼町,782,233,215.0,729,0.9322,782,713,0.9118,0.3973,309.0,0.426,0.436
22429,川根本町,3082,599,329.0,2873,0.9322,3082,2797,0.9075,0.3725,1146.0,0.4,0.41
31402,日野町,1472,295,319.0,1372,0.9321,1372,994,0.6753,0.3569,525.0,0.383,0.528
01331,松前町,3205,374,548.0,2987,0.932,3197,2412,0.7526,0.4621,1509.0,0.496,0.614
27322,能勢町,3757,798,301.0,3499,0.9313,3689,3210,0.8544,0.3395,1279.0,0.365,0.397
10424,長野原町,1981,584,217.0,1845,0.9313,1934,1520,0.7673,0.2134,425.0,0.229,0.278
39344,大豊町,1897,766,158.0,1766,0.9309,1828,1668,0.8793,0.4295,819.0,0.461,0.489
01391,島牧村,563,144,250.0,524,0.9307,563,507,0.9005,0.3895,220.0,0.419,0.433
12347,多古町,4954,1171,271.0,4610,0.9306,4868,4121,0.8319,0.1534,782.0,0.165,0.184
32386,飯南町,2116,852,159.0,1968,0.9301,1968,1733,0.819,0.2904,614.0,0.312,0.355
03503,野田村,1506,374,258.0,1400,0.9296,1400,1093,0.7258,0.3078,466.0,0.331,0.424
09344,市貝町,3357,1087,198.0,3120,0.9294,3341,2805,0.8356,0.2609,865.0,0.281,0.312
07423,柳津町,1391,279,319.0,1292,0.9288,1341,1147,0.8246,0.2642,369.0,0.284,0.32
02402,七戸町,5935,1273,298.0,5510,0.9284,5577,4972,0.8377,0.3899,2317.0,0.42,0.465
40625,みやこ町,7894,1468,344.0,7328,0.9283,7721,6658,0.8434,0.3305,2616.0,0.356,0.392
20588,小川村,1015,327,199.0,942,0.9281,983,912,0.8985,0.3122,318.0,0.336,0.347
29444,黒滝村,345,108,204.0,320,0.9275,345,295,0.8551,0.3614,124.0,0.39,0.423
06426,三川町,2677,348,492.0,2482,0.9272,2632,2236,0.8353,0.2125,566.0,0.229,0.254
46529,喜界町,2658,447,381.0,2463,0.9266,2463,2114,0.7953,0.6068,1616.0,0.655,0.763
02423,大間町,1700,256,425.0,1575,0.9265,1582,1342,0.7894,0.4495,769.0,0.485,0.569
32505,吉賀町,2710,726,239.0,2509,0.9258,2647,2044,0.7542,0.4045,1100.0,0.437,0.536
42210,壱岐市,9531,3107,196.0,8821,0.9255,9136,8139,0.854,0.4681,4512.0,0.506,0.548
21506,白川町,3464,1043,213.0,3205,0.9252,3383,2905,0.8386,0.3506,1217.0,0.379,0.418
12409,芝山町,2504,714,224.0,2316,0.9249,2466,2062,0.8235,0.1211,318.0,0.131,0.147
45405,川南町,5361,1701,202.0,4958,0.9248,5147,4045,0.7545,0.2324,1261.0,0.251,0.308
35213,美祢市,9893,2520,251.0,9148,0.9247,9648,7973,0.8059,0.1544,1529.0,0.167,0.192
07561,新地町,2599,726,229.0,2402,0.9242,2442,1840,0.708,0.2196,570.0,0.238,0.31
07402,北塩原村,944,236,256.0,872,0.9237,944,829,0.8782,0.2341,222.0,0.253,0.267
41387,玄海町,1766,397,285.0,1631,0.9236,1761,1502,0.8505,0.2349,417.0,0.254,0.276
02405,六戸町,3536,829,273.0,3266,0.9236,3376,2633,0.7446,0.4153,1466.0,0.45,0.558
34214,安芸高田市,11098,3088,230.0,10250,0.9236,10614,8728,0.7864,0.2698,2998.0,0.292,0.343
20583,信濃町,3398,849,256.0,3138,0.9235,3386,2873,0.8455,0.2421,827.0,0.262,0.286
04302,七ヶ宿町,586,153,245.0,541,0.9232,586,523,0.8925,0.4212,246.0,0.456,0.472
07362,下郷町,2355,446,338.0,2174,0.9231,2355,1893,0.8038,0.2986,705.0,0.323,0.372
31329,八頭町,5784,841,440.0,5339,0.9231,5774,5184,0.8963,0.1907,1104.0,0.207,0.213
20324,立科町,2424,560,277.0,2237,0.9229,2253,2045,0.8436,0.177,432.0,0.192,0.21
15581,関川村,2213,415,341.0,2042,0.9227,2213,1845,0.8337,0.2041,453.0,0.221,0.245
08233,行方市,11616,3561,209.0,10712,0.9222,11441,9945,0.8561,0.2084,2418.0,0.226,0.243
22304,南伊豆町,3871,783,316.0,3568,0.9217,3700,3180,0.8215,0.436,1689.0,0.473,0.531
39424,大月町,2146,559,246.0,1978,0.9217,2045,1852,0.863,0.3136,682.0,0.34,0.363
36342,神山町,2525,760,213.0,2325,0.9208,2458,2186,0.8657,0.4069,1027.0,0.442,0.47
42411,新上五島町,7245,1213,382.0,6670,0.9206,7007,5914,0.8163,0.6051,4525.0,0.657,0.741
20363,原村,2661,617,276.0,2447,0.9196,2661,2233,0.8392,0.1901,507.0,0.207,0.226
20590,飯綱町,4223,802,337.0,3881,0.919,3970,3437,0.8139,0.1881,787.0,0.205,0.231
20425,木祖村,1163,243,306.0,1068,0.9183,1068,1041,0.8951,0.2235,261.0,0.243,0.25
09345,芳賀町,4715,1667,181.0,4329,0.9181,4576,3953,0.8384,0.203,971.0,0.221,0.242
15504,刈羽村,1488,286,333.0,1366,0.918,1428,1224,0.8226,0.1595,225.0,0.174,0.194
03485,普代村,1073,267,257.0,984,0.9171,984,878,0.8183,0.3397,362.0,0.37,0.415
26407,京丹波町,5707,1389,263.0,5232,0.9168,5530,4665,0.8174,0.3082,1759.0,0.336,0.377
33215,美作市,10795,2702,256.0,9896,0.9167,10578,9013,0.8349,0.3315,3580.0,0.362,0.397
12427,長南町,3250,967,215.0,2977,0.916,3150,2566,0.7895,0.1488,478.0,0.162,0.188
40608,大任町,1939,347,358.0,1776,0.9159,1871,1573,0.8112,0.2688,524.0,0.293,0.331
06341,大石田町,2639,372,454.0,2416,0.9155,2537,1946,0.7374,0.2082,548.0,0.227,0.282
40522,大木町,4130,667,396.0,3781,0.9155,4029,2787,0.6748,0.2989,1206.0,0.326,0.443
18382,池田町,1078,248,278.0,986,0.9147,1044,925,0.8581,0.425,458.0,0.465,0.495
09411,那珂川町,6035,1779,217.0,5519,0.9145,5846,4687,0.7766,0.2586,1559.0,0.283,0.333
24471,大紀町,3934,680,370.0,3597,0.9143,3799,3448,0.8765,0.3313,1303.0,0.362,0.378
20417,大鹿村,465,189,157.0,425,0.914,425,395,0.8495,0.4132,192.0,0.452,0.486
20423,南木曽町,1685,453,238.0,1540,0.9139,1609,1383,0.8208,0.3375,568.0,0.369,0.411
03501,軽米町,3526,929,243.0,3219,0.9129,3526,2902,0.823,0.3188,1123.0,0.349,0.387
46491,南大隅町,3183,765,266.0,2905,0.9127,3023,2570,0.8074,0.4776,1527.0,0.523,0.592
43367,南関町,3514,889,253.0,3206,0.9124,3318,2837,0.8073,0.3127,1104.0,0.343,0.387
05464,東成瀬村,1015,259,251.0,926,0.9123,1015,778,0.7665,0.3535,356.0,0.388,0.461
01604,新冠町,1753,478,235.0,1599,0.9122,1722,1336,0.7621,0.3365,588.0,0.369,0.442
07407,磐梯町,1236,258,307.0,1127,0.9118,1127,1023,0.8277,0.1895,236.0,0.208,0.229
39428,黒潮町,4568,703,416.0,4165,0.9118,4241,3457,0.7568,0.272,1255.0,0.298,0.359
15405,出雲崎町,1797,404,285.0,1638,0.9115,1696,1403,0.7807,0.2808,506.0,0.308,0.36
20432,木曽町,4425,1022,277.0,4031,0.911,4087,3185,0.7198,0.2985,1321.0,0.328,0.415
12424,白子町,4187,889,301.0,3812,0.9104,4055,3316,0.792,0.2118,882.0,0.233,0.267
17461,穴水町,3790,687,353.0,3450,0.9103,3591,2963,0.7818,0.311,1204.0,0.342,0.398
36387,美波町,3035,499,389.0,2762,0.91,3035,2417,0.7964,0.4127,1267.0,0.453,0.518
10425,嬬恋村,3295,882,239.0,2997,0.9096,3106,2614,0.7933,0.1735,570.0,0.191,0.219
02209,つがる市,12009,1923,400.0,10922,0.9095,11518,9237,0.7692,0.3894,4673.0,0.428,0.506
45361,高原町,3616,887,261.0,3287,0.909,3501,2787,0.7707,0.2916,1052.0,0.321,0.378
41423,大町町,2571,239,688.0,2335,0.9082,2555,1962,0.7631,0.219,562.0,0.241,0.287
28501,佐用町,6856,1446,303.0,6226,0.9081,6706,5918,0.8632,0.3673,2517.0,0.405,0.426
32448,美郷町,2071,730,182.0,1880,0.9078,1880,1847,0.8918,0.3682,767.0,0.406,0.413
33586,新庄村,346,101,219.0,314,0.9075,314,304,0.8786,0.3376,117.0,0.372,0.384
06403,飯豊町,2572,755,218.0,2326,0.9044,2385,2113,0.8215,0.1965,502.0,0.217,0.239
39411,津野町,2390,673,227.0,2158,0.9029,2390,2157,0.9025,0.2385,570.0,0.264,0.264
28365,多可町,7305,1328,352.0,6596,0.9029,7008,6107,0.836,0.3151,2302.0,0.349,0.377
11349,ときがわ町,4082,778,336.0,3684,0.9025,3939,2932,0.7183,0.1811,741.0,0.201,0.252
10449,みなかみ町,7012,1530,293.0,6325,0.902,6935,5657,0.8068,0.2244,1574.0,0.249,0.278
46404,長島町,3493,1036,216.0,3149,0.9015,3395,2801,0.8019,0.4,1418.0,0.444,0.499
07464,泉崎村,1983,487,261.0,1785,0.9002,1882,1397,0.7045,0.1347,267.0,0.15,0.191
08364,大子町,7282,1938,240.0,6555,0.9002,6693,5989,0.8224,0.2971,2159.0,0.33,0.361
01425,上砂川町,1468,157,598.0,1321,0.8999,1468,1061,0.7228,0.506,738.0,0.562,0.7
36405,上板町,4037,729,354.0,3632,0.8997,3948,2990,0.7406,0.241,974.0,0.268,0.325
12342,神崎町,2021,342,378.0,1818,0.8996,1956,1362,0.6739,0.2345,472.0,0.261,0.348
02367,田舎館村,2676,361,474.0,2406,0.8991,2676,2225,0.8315,0.4095,1081.0,0.455,0.492
36301,勝浦町,2119,429,316.0,1905,0.899,1922,1426,0.673,0.33,702.0,0.367,0.49
38422,内子町,6274,1338,300.0,5640,0.8989,5928,4578,0.7297,0.3054,1914.0,0.34,0.419
41441,太良町,3150,629,321.0,2831,0.8987,3150,2523,0.801,0.2075,655.0,0.231,0.259
23427,飛島村,1414,282,321.0,1270,0.8982,1414,1015,0.7178,0.1466,208.0,0.163,0.204
39405,檮原町,1542,469,210.0,1385,0.8982,1385,1308,0.8482,0.3783,579.0,0.421,0.446
28222,養父市,8745,1364,410.0,7853,0.898,8481,6260,0.7158,0.381,3334.0,0.424,0.532
17407,中能登町,6162,1008,391.0,5533,0.8979,6069,4515,0.7327,0.2097,1289.0,0.234,0.286
24461,玉城町,4278,577,475.0,3841,0.8978,4227,2816,0.6583,0.1797,765.0,0.2,0.273
10429,東吾妻町,5229,1292,259.0,4691,0.8971,4883,3915,0.7487,0.2139,1124.0,0.238,0.286
38484,松野町,1733,422,263.0,1554,0.8967,1605,1320,0.7617,0.3603,624.0,0.402,0.473
10523,千代田町,3395,559,389.0,3042,0.896,3372,2173,0.6401,0.1862,628.0,0.208,0.291
01663,浜中町,1755,574,196.0,1572,0.8957,1640,1178,0.6712,0.2347,413.0,0.262,0.35
46535,与論町,1782,569,200.0,1596,0.8956,1633,1386,0.7778,0.6199,1111.0,0.692,0.797
24441,多気町,4842,838,370.0,4336,0.8955,4698,3715,0.7672,0.1531,742.0,0.171,0.2
07367,只見町,1911,394,310.0,1711,0.8953,1824,1533,0.8022,0.3882,740.0,0.434,0.484
45441,高千穂町,5038,1195,270.0,4507,0.8946,4748,3723,0.739,0.2876,1443.0,0.322,0.389
02307,外ヶ浜町,2616,386,434.0,2340,0.8945,2497,2110,0.8066,0.5458,1501.0,0.61,0.677
44214,国東市,11216,2491,288.0,10033,0.8945,10715,8982,0.8008,0.3105,3511.0,0.347,0.388
08229,稲敷市,14282,2918,313.0,12766,0.8939,13473,10689,0.7484,0.2096,3004.0,0.235,0.28
34210,庄原市,14456,4636,200.0,12922,0.8939,13374,11348,0.785,0.2994,4365.0,0.335,0.381
33663,久米南町,2025,655,198.0,1810,0.8938,1924,1520,0.7506,0.3584,729.0,0.401,0.478
07521,三春町,5918,1100,344.0,5289,0.8937,5644,4110,0.6945,0.2115,1244.0,0.237,0.305
02387,中泊町,4277,568,482.0,3822,0.8936,4259,3232,0.7557,0.4604,1975.0,0.515,0.609
07405,西会津町,2717,549,317.0,2428,0.8936,2428,2157,0.7939,0.3358,913.0,0.376,0.423
12422,睦沢町,2870,653,281.0,2564,0.8934,2862,2228,0.7763,0.2144,610.0,0.24,0.276
24561,御浜町,3311,617,343.0,2957,0.8931,3067,2594,0.7834,0.3582,1182.0,0.401,0.457
07545,大熊町,84,32,168.0,75,0.8929,84,26,0.3095,0.0765,7.0,0.086,0.247
46532,伊仙町,2323,686,217.0,2073,0.8924,2144,1747,0.752,0.5358,1245.0,0.6,0.712
42212,西海市,9905,2144,296.0,8838,0.8923,9126,7968,0.8044,0.4751,4838.0,0.532,0.591
34369,北広島町,6922,2572,172.0,6174,0.8919,6766,5446,0.7868,0.3407,2357.0,0.382,0.433
10521,板倉町,4724,848,357.0,4212,0.8916,4554,3253,0.6886,0.2076,983.0,0.233,0.302
46525,瀬戸内町,3221,409,504.0,2871,0.8913,2902,2454,0.7619,0.5129,1667.0,0.575,0.673
28446,神河町,4055,931,279.0,3612,0.8908,3742,3142,0.7748,0.356,1444.0,0.4,0.459
04606,南三陸町,4619,968,305.0,4113,0.8905,4441,3329,0.7207,0.2522,1187.0,0.283,0.35
42321,東彼杵町,2922,630,297.0,2602,0.8905,2828,2147,0.7348,0.4015,1201.0,0.451,0.546
32526,西ノ島町,1262,161,502.0,1123,0.8899,1123,1044,0.8273,0.546,704.0,0.614,0.66
36321,佐那河内村,990,273,232.0,881,0.8899,990,833,0.8414,0.2954,291.0,0.332,0.351
21503,川辺町,3312,511,415.0,2947,0.8898,3147,2397,0.7237,0.2703,854.0,0.304,0.373
20384,飯島町,3308,897,236.0,2942,0.8894,3308,2283,0.6901,0.2139,712.0,0.24,0.31
18442,美浜町,3265,482,434.0,2900,0.8882,3265,2525,0.7734,0.4363,1437.0,0.491,0.564
07211,田村市,12620,3951,204.0,11208,0.8881,12197,9480,0.7512,0.1888,2381.0,0.213,0.251
41425,白石町,7987,1892,270.0,7090,0.8877,7635,5315,0.6655,0.1926,1538.0,0.217,0.289
09343,茂木町,5090,1636,199.0,4517,0.8874,4862,4035,0.7927,0.2577,1308.0,0.29,0.325
18501,若狭町,5093,933,349.0,4519,0.8873,4929,3746,0.7355,0.3736,1907.0,0.421,0.508
28481,上郡町,5451,866,403.0,4834,0.8868,5005,4064,0.7456,0.3498,1908.0,0.394,0.469
20309,佐久穂町,3926,695,362.0,3481,0.8867,3748,2868,0.7305,0.1861,737.0,0.21,0.255
05348,三種町,6934,1064,417.0,6147,0.8865,6730,5372,0.7747,0.3726,2584.0,0.42,0.481
43510,相良村,1742,359,311.0,1544,0.8863,1638,1391,0.7985,0.316,554.0,0.356,0.396
33346,和気町,5586,1025,349.0,4950,0.8861,5385,3996,0.7154,0.317,1775.0,0.358,0.443
01363,厚沢部町,1535,421,233.0,1360,0.886,1535,1286,0.8378,0.295,454.0,0.333,0.352
08442,美浦村,4692,850,353.0,4157,0.886,4410,3254,0.6935,0.1616,756.0,0.182,0.233
46217,曽於市,13759,3466,254.0,12186,0.8857,13026,10349,0.7522,0.3669,5062.0,0.414,0.488
11381,美里町,3710,685,347.0,3282,0.8846,3646,2555,0.6887,0.1834,682.0,0.207,0.266
19209,北杜市,17615,4549,248.0,15580,0.8845,16804,13549,0.7692,0.349,6149.0,0.395,0.454
17205,珠洲市,6643,1281,332.0,5875,0.8844,6373,5342,0.8042,0.3336,2226.0,0.377,0.415
04341,丸森町,5314,1700,200.0,4699,0.8843,5076,4322,0.8133,0.2378,1259.0,0.269,0.292
31364,三朝町,2389,410,373.0,2112,0.8841,2218,1615,0.676,0.3073,740.0,0.348,0.455
42208,松浦市,7715,1671,295.0,6820,0.884,7508,5920,0.7673,0.442,3466.0,0.5,0.576
24442,明和町,7017,835,538.0,6199,0.8834,6823,4740,0.6755,0.1982,1389.0,0.224,0.293
09407,那須町,9687,3407,182.0,8557,0.8833,9424,7324,0.7561,0.2548,2469.0,0.288,0.337
05434,美郷町,7314,2020,232.0,6459,0.8831,7189,5697,0.7789,0.3017,2223.0,0.342,0.387
03366,西和賀町,2617,712,235.0,2309,0.8823,2321,2209,0.8441,0.2801,734.0,0.318,0.332
39302,奈半利町,1404,173,519.0,1238,0.8818,1397,868,0.6182,0.3658,519.0,0.415,0.592
30383,由良町,2082,294,453.0,1835,0.8814,1867,1699,0.816,0.3509,733.0,0.398,0.43
08310,城里町,6787,1585,274.0,5977,0.8807,6295,5185,0.764,0.2181,1478.0,0.248,0.286
28223,丹波市,21542,3815,361.0,18973,0.8807,20489,15991,0.7423,0.3638,7833.0,0.413,0.49
01511,猿払村,617,225,176.0,543,0.8801,562,378,0.6126,0.2933,180.0,0.333,0.479
32343,奥出雲町,5132,1684,195.0,4516,0.88,5046,4349,0.8474,0.3015,1547.0,0.343,0.356
40646,上毛町,2612,548,305.0,2297,0.8794,2422,1938,0.742,0.331,866.0,0.376,0.446
12423,長生村,4740,1003,302.0,4167,0.8791,4740,3467,0.7314,0.2355,1116.0,0.268,0.322
46452,湧水町,4037,920,281.0,3548,0.8789,3955,3253,0.8058,0.3783,1523.0,0.43,0.47
01519,利尻富士町,928,192,309.0,815,0.8782,850,659,0.7101,0.5339,502.0,0.608,0.752
19366,南部町,3118,632,316.0,2738,0.8781,3069,2424,0.7774,0.3116,973.0,0.355,0.401
36388,海陽町,3829,699,351.0,3362,0.878,3659,2612,0.6822,0.4382,1697.0,0.499,0.642
03208,遠野市,10280,2640,249.0,9025,0.8779,9525,7107,0.6913,0.2459,2529.0,0.28,0.356
29441,吉野町,3227,621,333.0,2833,0.8779,3058,2193,0.6796,0.3338,1080.0,0.38,0.491
03214,八幡平市,9937,2448,260.0,8719,0.8774,9082,7385,0.7432,0.2422,2408.0,0.276,0.326
31372,北栄町,5007,643,498.0,4392,0.8772,4860,3410,0.681,0.2314,1171.0,0.264,0.34
43447,山都町,6777,1753,247.0,5945,0.8772,6397,4947,0.73,0.352,2384.0,0.401,0.482
36383,牟岐町,2008,272,472.0,1760,0.8765,1838,1295,0.6449,0.3859,778.0,0.44,0.598
25384,竜王町,3338,418,511.0,2925,0.8763,3267,2225,0.6666,0.3151,1045.0,0.36,0.473
08234,鉾田市,15470,4743,209.0,13550,0.8759,14538,11724,0.7579,0.2358,3644.0,0.269,0.311
43364,玉東町,1762,364,310.0,1543,0.8757,1657,1156,0.6561,0.2867,525.0,0.327,0.437
46530,徳之島町,3317,449,473.0,2904,0.8755,3198,2214,0.6675,0.475,1600.0,0.543,0.712
01370,今金町,2078,494,269.0,1819,0.8754,2078,1659,0.7984,0.3674,767.0,0.42,0.46
20411,下條村,1242,391,203.0,1087,0.8752,1126,991,0.7979,0.1793,223.0,0.205,0.225
15385,阿賀町,4944,852,371.0,4323,0.8744,4873,3838,0.7763,0.3037,1502.0,0.347,0.391
01575,壮瞥町,1239,246,322.0,1083,0.8741,1170,986,0.7958,0.4092,506.0,0.468,0.514
13361,大島町,2713,752,231.0,2371,0.8739,2416,1770,0.6524,0.5547,1505.0,0.635,0.85
45406,都農町,3856,837,295.0,3368,0.8734,3450,2663,0.6906,0.221,848.0,0.253,0.32
01401,共和町,1816,584,199.0,1586,0.8733,1645,1306,0.7192,0.3733,682.0,0.427,0.519
12234,南房総市,16857,3146,343.0,14721,0.8733,16047,11699,0.694,0.314,5306.0,0.36,0.453
20219,東御市,9343,1536,389.0,8156,0.873,9094,5717,0.6119,0.188,1755.0,0.215,0.307
43514,あさぎり町,5639,1220,296.0,4922,0.8728,5050,4267,0.7567,0.3048,1717.0,0.349,0.403
13401,八丈町,2801,601,298.0,2444,0.8725,2444,1626,0.5805,0.521,1459.0,0.597,0.897
42209,対馬市,10523,1819,370.0,9178,0.8722,9548,8279,0.7868,0.5007,5502.0,0.574,0.636
43501,錦町,3439,791,278.0,2999,0.8721,3400,2702,0.7857,0.2987,1022.0,0.343,0.38
20407,阿智村,2284,608,240.0,1991,0.8717,2179,1434,0.6278,0.1633,369.0,0.187,0.26
33622,勝央町,3502,788,284.0,3052,0.8715,3364,2709,0.7736,0.2965,1027.0,0.34,0.383
09342,益子町,7017,1684,267.0,6113,0.8712,6849,4605,0.6563,0.2343,1650.0,0.269,0.357
19365,身延町,5062,1002,323.0,4409,0.871,4635,3829,0.7564,0.34,1722.0,0.39,0.45
01547,小清水町,1765,466,242.0,1536,0.8703,1765,1369,0.7756,0.2336,414.0,0.268,0.301
04424,大衡村,1720,487,226.0,1497,0.8703,1720,1260,0.7326,0.1886,322.0,0.217,0.257
20362,富士見町,5126,989,332.0,4460,0.8701,4577,3963,0.7731,0.2533,1296.0,0.291,0.328
03461,大槌町,4239,502,540.0,3687,0.8698,4173,3145,0.7419,0.2916,1224.0,0.335,0.393
28225,朝来市,10340,1682,393.0,8993,0.8697,9429,7496,0.725,0.3767,3899.0,0.433,0.52
28220,加西市,14149,2411,376.0,12301,0.8694,13093,10152,0.7175,0.3535,5079.0,0.407,0.493
46492,肝付町,5867,1256,299.0,5101,0.8694,5558,4339,0.7396,0.3693,2173.0,0.425,0.499
01552,佐呂間町,1921,562,219.0,1670,0.8693,1846,1368,0.7121,0.3212,618.0,0.369,0.451
06382,川西町,5676,1484,245.0,4932,0.8689,5406,4181,0.7366,0.1745,991.0,0.201,0.237
15482,津南町,3787,687,353.0,3290,0.8688,3392,2713,0.7164,0.3171,1194.0,0.365,0.443
03302,葛巻町,2735,710,247.0,2376,0.8687,2546,2090,0.7642,0.3777,1026.0,0.435,0.494
12441,大多喜町,3878,979,254.0,3369,0.8687,3709,2894,0.7463,0.2243,871.0,0.258,0.301
33623,奈義町,1986,574,221.0,1725,0.8686,1811,1485,0.7477,0.2482,491.0,0.286,0.332
17384,志賀町,8259,1607,329.0,7174,0.8686,7613,6227,0.754,0.1997,1660.0,0.23,0.265
43468,氷川町,4278,695,394.0,3714,0.8682,3810,3145,0.7352,0.3066,1318.0,0.353,0.417
46224,伊佐市,10154,2484,262.0,8812,0.8678,9928,7806,0.7688,0.3899,3964.0,0.449,0.507
20446,麻績村,1179,246,307.0,1023,0.8677,1023,859,0.7286,0.234,272.0,0.27,0.321
20562,木島平村,1764,358,315.0,1530,0.8673,1688,1381,0.7829,0.2087,368.0,0.241,0.267
24472,南伊勢町,5675,693,524.0,4922,0.8673,4922,4286,0.7552,0.3523,2067.0,0.406,0.466
07368,南会津町,6045,1137,340.0,5241,0.867,5602,4840,0.8007,0.3059,1850.0,0.353,0.382
43212,上天草市,9651,1534,403.0,8364,0.8666,9190,7532,0.7804,0.3707,3826.0,0.428,0.475
12238,いすみ市,15045,3166,304.0,13033,0.8663,14036,11058,0.735,0.2718,4094.0,0.314,0.37
17207,羽咋市,8208,1003,524.0,7110,0.8662,7752,5057,0.6161,0.2096,1725.0,0.242,0.34
11347,吉見町,6138,999,393.0,5313,0.8656,5893,3966,0.6461,0.1954,1201.0,0.226,0.302
44212,豊後大野市,14880,3417,279.0,12873,0.8651,13553,10717,0.7202,0.2694,4012.0,0.311,0.374
01394,蘭越町,1817,598,194.0,1570,0.8641,1803,1215,0.6687,0.3482,637.0,0.403,0.521
23562,東栄町,1455,399,233.0,1257,0.8639,1455,1034,0.7107,0.4176,622.0,0.483,0.588
08212,常陸太田市,18824,3582,336.0,16258,0.8637,17788,14193,0.754,0.2664,5011.0,0.308,0.353
33209,高梁市,11925,3228,236.0,10299,0.8636,11220,9148,0.7671,0.4531,5394.0,0.525,0.591
36468,つるぎ町,3586,860,267.0,3096,0.8634,3281,2644,0.7373,0.3812,1371.0,0.442,0.517
24214,いなべ市,12292,2201,357.0,10611,0.8632,11752,8329,0.6776,0.2206,2713.0,0.256,0.326
40610,福智町,7981,955,535.0,6885,0.8627,7813,5656,0.7087,0.3056,2465.0,0.354,0.431
01694,羅臼町,1419,295,308.0,1224,0.8626,1388,1003,0.7068,0.2776,412.0,0.322,0.393
11348,鳩山町,6260,535,749.0,5399,0.8625,5703,4155,0.6637,0.2604,1621.0,0.302,0.392
37406,まんのう町,6671,1811,236.0,5753,0.8624,6347,4407,0.6606,0.2088,1387.0,0.242,0.316
33214,真庭市,17084,3690,296.0,14725,0.8619,15544,12340,0.7223,0.2603,4441.0,0.302,0.36
45209,えびの市,7467,1699,281.0,6434,0.8617,6811,5482,0.7342,0.3007,2247.0,0.349,0.41
46482,東串良町,2296,479,307.0,1977,0.8611,2196,1851,0.8062,0.4093,936.0,0.475,0.508
07465,中島村,1460,373,251.0,1257,0.861,1443,1123,0.7692,0.141,209.0,0.164,0.183
43441,御船町,5626,904,398.0,4842,0.8606,5418,3212,0.5709,0.2804,1588.0,0.326,0.491
29401,高取町,2763,344,514.0,2377,0.8603,2763,2166,0.7839,0.3161,879.0,0.367,0.403
07501,石川町,5450,1399,249.0,4682,0.8591,5181,4082,0.749,0.2044,1110.0,0.238,0.273
42214,南島原市,16954,2940,369.0,14564,0.859,15502,12455,0.7346,0.4368,7473.0,0.508,0.595
35305,周防大島町,7887,1222,413.0,6774,0.8589,7552,5912,0.7496,0.3909,3155.0,0.455,0.521
16343,朝日町,4955,713,445.0,4255,0.8587,4779,3559,0.7183,0.2602,1285.0,0.303,0.362
01665,弟子屈町,2871,694,265.0,2464,0.8582,2724,1819,0.6336,0.3346,955.0,0.39,0.528
12463,鋸南町,3367,534,404.0,2889,0.858,3280,2221,0.6596,0.3366,1131.0,0.392,0.51
36206,阿波市,13200,2760,306.0,11322,0.8577,12528,9020,0.6833,0.2654,3504.0,0.309,0.388
01430,月形町,1374,363,242.0,1178,0.8574,1239,979,0.7125,0.3116,429.0,0.363,0.437
11383,神川町,4409,781,361.0,3779,0.8571,4148,2921,0.6625,0.2009,880.0,0.234,0.303
20383,箕輪町,7163,1041,440.0,6139,0.857,6874,4806,0.6709,0.1995,1430.0,0.233,0.297
01343,鹿部町,1516,292,332.0,1299,0.8569,1396,1065,0.7025,0.3396,515.0,0.396,0.483
20430,大桑村,1476,302,313.0,1264,0.8564,1394,988,0.6694,0.3264,484.0,0.381,0.488
09215,那須烏山市,9306,2481,240.0,7969,0.8563,9044,6596,0.7088,0.2537,2368.0,0.296,0.358
28301,猪名川町,9390,796,755.0,8037,0.8559,8262,6087,0.6482,0.3568,3358.0,0.417,0.55
12410,横芝光町,8317,1549,344.0,7118,0.8558,7918,5310,0.6385,0.2045,1696.0,0.239,0.32
46468,大崎町,4896,1413,222.0,4189,0.8556,4446,3764,0.7688,0.3972,1934.0,0.464,0.517
08302,茨城町,10953,2484,282.0,9370,0.8555,10413,6939,0.6335,0.2245,2466.0,0.262,0.354
15224,佐渡市,21531,4435,311.0,18417,0.8554,19458,15303,0.7107,0.3268,7166.0,0.382,0.46
19206,大月市,9107,1240,470.0,7789,0.8553,8499,6350,0.6973,0.3438,3126.0,0.402,0.493
17204,輪島市,11255,1941,371.0,9620,0.8547,10209,7644,0.6792,0.3178,3599.0,0.372,0.468
43348,美里町,4395,814,346.0,3756,0.8546,4030,3056,0.6953,0.2859,1262.0,0.334,0.411
28228,加東市,10979,2055,342.0,9380,0.8544,10199,6221,0.5666,0.3778,4064.0,0.442,0.667
04301,蔵王町,4377,1275,220.0,3738,0.854,4060,3283,0.7501,0.2242,979.0,0.263,0.299
08521,八千代町,6489,1585,262.0,5538,0.8534,6309,4593,0.7078,0.1885,1218.0,0.221,0.266
07303,国見町,3626,588,395.0,3094,0.8533,3482,2840,0.7832,0.2247,818.0,0.263,0.287
22461,森町,6162,941,419.0,5253,0.8525,5806,3512,0.5699,0.2704,1622.0,0.317,0.474
03402,平泉町,2879,721,256.0,2454,0.8524,2711,1962,0.6815,0.1705,487.0,0.2,0.25
20413,天龍村,752,160,301.0,641,0.8524,752,502,0.6676,0.4523,331.0,0.531,0.678
20323,御代田町,4307,760,363.0,3671,0.8523,3997,2422,0.5623,0.2634,1139.0,0.309,0.468
44208,竹田市,9837,2650,238.0,8381,0.852,8744,7750,0.7878,0.2997,2939.0,0.352,0.38
45402,新富町,5223,986,339.0,4449,0.8518,4967,3056,0.5851,0.1994,1048.0,0.234,0.341
03381,金ケ崎町,4763,1553,196.0,4055,0.8514,4402,3169,0.6653,0.2443,1164.0,0.287,0.367
08225,常陸大宮市,14602,3624,258.0,12432,0.8514,13817,10043,0.6878,0.2668,3903.0,0.313,0.388
33211,備前市,12666,1690,480.0,10784,0.8514,11665,9124,0.7204,0.3337,4248.0,0.392,0.463
39208,宿毛市,7330,1141,411.0,6241,0.8514,7076,4912,0.6701,0.2467,1817.0,0.29,0.368
37364,直島町,989,123,515.0,842,0.8514,989,727,0.7351,0.4062,417.0,0.477,0.553
42323,波佐見町,4600,798,369.0,3916,0.8513,4367,2934,0.6378,0.3749,1724.0,0.44,0.588
36207,美馬市,10933,2366,296.0,9306,0.8512,10323,7569,0.6923,0.31,3395.0,0.364,0.448
39202,室戸市,5997,759,506.0,5103,0.8509,5663,4586,0.7647,0.3316,2003.0,0.39,0.434
21604,白川村,502,114,282.0,427,0.8506,478,427,0.8506,0.3231,162.0,0.38,0.38
03482,山田町,5736,840,437.0,4879,0.8506,5211,3594,0.6266,0.2761,1586.0,0.325,0.441
41345,上峰町,2361,304,497.0,2008,0.8505,2257,833,0.3528,0.2175,527.0,0.256,0.616
40348,久山町,2472,304,520.0,2102,0.8503,2224,1295,0.5239,0.2901,717.0,0.341,0.554
20402,松川町,4339,923,301.0,3689,0.8502,3975,2537,0.5847,0.1488,643.0,0.175,0.254
25214,米原市,11052,1562,453.0,9396,0.8502,10438,7361,0.666,0.3182,3519.0,0.374,0.478
12237,山武市,17360,3309,336.0,14758,0.8501,16465,11790,0.6791,0.1908,3307.0,0.224,0.281
06402,白鷹町,4986,1115,286.0,4238,0.85,4539,3597,0.7214,0.2085,1041.0,0.245,0.289
18423,越前町,7100,1074,423.0,6034,0.8499,6618,4972,0.7003,0.3081,2212.0,0.363,0.44
01333,知内町,1639,410,256.0,1393,0.8499,1624,1248,0.7614,0.3336,550.0,0.393,0.438
38386,久万高原町,3662,1108,212.0,3110,0.8493,3564,2797,0.7638,0.3665,1340.0,0.432,0.48
20482,松川村,3298,623,339.0,2799,0.8487,3195,2149,0.6516,0.1945,643.0,0.229,0.299
44209,豊後高田市,8557,1846,297.0,7261,0.8485,8083,6128,0.7161,0.3349,2863.0,0.395,0.468
03524,一戸町,4866,1130,276.0,4127,0.8481,4454,3296,0.6774,0.3301,1611.0,0.389,0.487
07408,猪苗代町,5372,872,394.0,4555,0.8479,4910,3933,0.7321,0.2225,1193.0,0.262,0.304
44211,宇佐市,19259,3942,313.0,16330,0.8479,18123,13676,0.7101,0.2522,4866.0,0.297,0.355
20212,大町市,9925,1885,337.0,8412,0.8476,9411,6212,0.6259,0.2332,2307.0,0.275,0.373
16208,砺波市,14514,3235,287.0,12300,0.8475,13741,9360,0.6449,0.2119,3093.0,0.25,0.329
35343,田布施町,5238,1014,331.0,4439,0.8475,4830,3715,0.7092,0.1838,961.0,0.217,0.259
03507,洋野町,6263,1588,252.0,5306,0.8472,5611,4959,0.7918,0.2748,1724.0,0.324,0.347
10522,明和町,3300,561,376.0,2794,0.8467,3206,1568,0.4752,0.2322,770.0,0.274,0.489
47361,久米島町,2140,371,369.0,1812,0.8467,2014,1505,0.7033,0.392,841.0,0.463,0.557
08236,小美玉市,14485,3431,270.0,12265,0.8467,13714,9710,0.6703,0.2085,3069.0,0.246,0.311
33210,新見市,11614,2994,248.0,9828,0.8462,10756,8381,0.7216,0.3528,4095.0,0.417,0.489
28586,新温泉町,5464,658,531.0,4617,0.845,5446,3839,0.7026,0.3772,2061.0,0.446,0.537
21221,海津市,11239,1708,421.0,9495,0.8448,10376,7752,0.6897,0.2305,2595.0,0.273,0.334
39410,日高村,2080,409,325.0,1756,0.8442,1953,1203,0.5784,0.1775,368.0,0.21,0.307
20385,南箕輪村,3712,618,384.0,3132,0.8438,3601,2087,0.5622,0.1957,724.0,0.232,0.348
21218,本巣市,9842,1481,425.0,8303,0.8436,9159,5774,0.5867,0.2477,2487.0,0.294,0.422
21361,垂井町,8277,765,692.0,6982,0.8435,7969,4871,0.5885,0.2638,2184.0,0.313,0.448
01332,福島町,1791,233,492.0,1510,0.8431,1584,1055,0.5891,0.3866,716.0,0.459,0.656
32209,雲南市,14418,3666,252.0,12156,0.8431,13531,11127,0.7717,0.2238,3228.0,0.265,0.29
39307,芸西村,1401,210,427.0,1181,0.843,1197,952,0.6795,0.2648,394.0,0.314,0.39
03210,陸前高田市,7352,1424,330.0,6197,0.8429,6925,5323,0.724,0.2657,1955.0,0.315,0.367
42211,五島市,13775,2282,386.0,11610,0.8428,12948,9330,0.6773,0.5258,7363.0,0.624,0.776
39306,馬路村,305,76,257.0,257,0.8426,257,201,0.659,0.2598,79.0,0.308,0.394
27382,河南町,4884,411,761.0,4115,0.8425,4527,2622,0.5369,0.4566,2238.0,0.542,0.85
02446,階上町,4266,989,276.0,3593,0.8422,4135,3199,0.7499,0.4686,2006.0,0.556,0.625
02303,今別町,1258,196,411.0,1059,0.8418,1258,895,0.7114,0.6002,774.0,0.713,0.844
37208,三豊市,22547,4056,356.0,18980,0.8418,20878,14183,0.629,0.1882,4247.0,0.224,0.299
01405,積丹町,859,180,305.0,723,0.8417,859,537,0.6251,0.454,390.0,0.539,0.726
38506,愛南町,8814,1523,370.0,7413,0.841,8349,6431,0.7296,0.325,2906.0,0.386,0.445
01395,ニセコ町,1318,541,156.0,1108,0.8407,1318,782,0.5933,0.3547,464.0,0.422,0.598
01409,赤井川村,364,143,163.0,306,0.8407,364,291,0.7995,0.3721,134.0,0.443,0.465
44210,杵築市,10389,2392,278.0,8733,0.8406,9493,7122,0.6855,0.3024,3138.0,0.36,0.441
05206,男鹿市,11797,1507,501.0,9917,0.8406,11204,8402,0.7122,0.3914,4622.0,0.466,0.55
33213,赤磐市,14395,2182,422.0,12094,0.8402,13654,9358,0.6501,0.2969,4268.0,0.353,0.457
46490,錦江町,3130,642,312.0,2628,0.8396,2911,2152,0.6875,0.399,1290.0,0.475,0.58
28227,宍粟市,12646,2426,334.0,10612,0.8392,11817,8956,0.7082,0.3317,4195.0,0.395,0.468
01546,清里町,1497,357,268.0,1256,0.839,1392,758,0.5063,0.2503,371.0,0.298,0.494
21206,中津川市,25022,5555,288.0,20985,0.8387,23134,17360,0.6938,0.2996,7485.0,0.357,0.432
10384,甘楽町,4285,697,393.0,3593,0.8385,4088,3116,0.7272,0.2042,873.0,0.244,0.281
21521,御嵩町,5552,720,494.0,4655,0.8384,5285,3454,0.6221,0.2794,1555.0,0.333,0.449
30366,有田川町,8339,1673,319.0,6990,0.8382,7774,5907,0.7084,0.3168,2638.0,0.378,0.447
37387,綾川町,8152,1856,281.0,6833,0.8382,7527,5411,0.6638,0.1961,1606.0,0.234,0.295
12443,御宿町,3567,392,582.0,2989,0.838,3241,2167,0.6075,0.3717,1327.0,0.444,0.612
11361,横瀬町,2626,394,427.0,2200,0.8378,2626,1519,0.5784,0.2305,625.0,0.275,0.399
11363,長瀞町,2698,432,400.0,2260,0.8377,2643,2067,0.7661,0.1996,538.0,0.238,0.26
43205,水俣市,9519,1157,527.0,7969,0.8372,8529,6335,0.6655,0.3304,3180.0,0.395,0.497
01585,安平町,2717,623,279.0,2274,0.837,2644,1717,0.6319,0.295,800.0,0.352,0.467
21401,揖斐川町,7676,1252,392.0,6423,0.8368,7241,5352,0.6972,0.2479,1865.0,0.296,0.355
31390,伯耆町,4209,694,388.0,3522,0.8368,3969,2479,0.589,0.2315,982.0,0.277,0.393
25209,甲賀市,24938,3447,463.0,20844,0.8358,23739,15109,0.6059,0.3324,8279.0,0.398,0.549
23563,豊根村,528,193,175.0,441,0.8352,528,423,0.8011,0.3597,192.0,0.431,0.449
43482,芦北町,6984,1141,392.0,5833,0.8352,6404,4826,0.691,0.3425,2406.0,0.41,0.496
20481,池田町,3689,560,422.0,3080,0.8349,3512,2642,0.7162,0.2028,752.0,0.243,0.283
21207,美濃市,6961,922,483.0,5812,0.8349,6552,4303,0.6182,0.2576,1796.0,0.308,0.417
46223,南九州市,13267,2740,310.0,11076,0.8349,12627,9062,0.683,0.3815,5053.0,0.457,0.558
08231,桜川市,13516,2924,296.0,11283,0.8348,13020,8845,0.6544,0.1859,2496.0,0.223,0.284
32528,隠岐の島町,5517,941,375.0,4604,0.8345,5219,3433,0.6223,0.4601,2563.0,0.551,0.739
40448,東峰村,875,226,248.0,730,0.8343,730,727,0.8309,0.3386,294.0,0.406,0.408
26465,与謝野町,7509,903,532.0,6262,0.8339,6582,4451,0.5928,0.2956,2230.0,0.354,0.499
15307,聖籠町,3706,591,401.0,3089,0.8335,3693,2675,0.7218,0.1482,551.0,0.178,0.205
02362,大鰐町,3778,408,593.0,3149,0.8335,3260,2225,0.5889,0.3717,1402.0,0.446,0.631
29361,川西町,2826,195,928.0,2355,0.8333,2398,1828,0.6469,0.3123,877.0,0.375,0.483
01465,剣淵町,1199,399,192.0,999,0.8332,1078,566,0.4721,0.3441,412.0,0.413,0.729
13308,奥多摩町,2410,378,408.0,2008,0.8332,2103,1892,0.7851,0.5383,1297.0,0.646,0.686
46206,阿久根市,8032,1517,339.0,6690,0.8329,7824,5172,0.6439,0.3428,2760.0,0.412,0.532
07502,玉川村,2024,611,212.0,1684,0.832,1895,1618,0.7994,0.1126,228.0,0.135,0.141
21220,下呂市,12299,2282,345.0,10231,0.8319,11163,8742,0.7108,0.3569,4389.0,0.429,0.502
20485,白馬村,2772,688,258.0,2306,0.8319,2546,1734,0.6255,0.2237,623.0,0.269,0.358
02442,五戸町,6457,1170,353.0,5371,0.8318,6173,4559,0.7061,0.4024,2602.0,0.484,0.57
22344,小山町,5586,772,463.0,4646,0.8317,5214,3322,0.5947,0.252,1404.0,0.303,0.424
01398,喜茂別町,802,193,266.0,667,0.8317,780,407,0.5075,0.3893,313.0,0.468,0.767
01514,枝幸町,2687,547,314.0,2234,0.8314,2485,1656,0.6163,0.2659,717.0,0.32,0.431
15342,弥彦村,2497,351,455.0,2076,0.8314,2490,1756,0.7032,0.1477,365.0,0.178,0.21
03209,一関市,41318,11844,223.0,34333,0.8309,37130,28462,0.6889,0.2211,9134.0,0.266,0.321
46220,南さつま市,12960,2297,361.0,10764,0.8306,11991,9031,0.6968,0.3807,4956.0,0.458,0.546
01483,苫前町,1190,291,262.0,988,0.8303,1190,686,0.5765,0.4327,513.0,0.521,0.751
25212,高島市,16641,2493,427.0,13814,0.8301,15712,10894,0.6546,0.383,6375.0,0.461,0.585
01632,士幌町,1959,539,233.0,1626,0.83,1913,1316,0.6718,0.245,475.0,0.295,0.365
25383,日野町,6416,855,480.0,5325,0.83,6173,4787,0.7461,0.3124,2007.0,0.376,0.419
06361,金山町,1876,426,282.0,1557,0.83,1846,1335,0.7116,0.2172,408.0,0.262,0.305
07461,西郷村,5131,1162,283.0,4258,0.8299,5006,3468,0.6759,0.2126,1103.0,0.256,0.315
36208,三好市,10896,2358,296.0,9040,0.8297,9915,7600,0.6975,0.3613,3927.0,0.436,0.518
38214,西予市,15451,2661,372.0,12818,0.8296,14529,11657,0.7544,0.3573,5566.0,0.431,0.474
35344,平生町,5123,650,504.0,4249,0.8294,4753,3925,0.7662,0.2178,1119.0,0.263,0.284
06365,大蔵村,1180,253,298.0,978,0.8288,1134,903,0.7653,0.2358,280.0,0.285,0.308
31384,日吉津村,980,104,603.0,812,0.8286,812,411,0.4194,0.2011,198.0,0.243,0.479
01520,幌延町,682,186,235.0,565,0.8284,597,404,0.5924,0.2622,179.0,0.316,0.443
31328,智頭町,2802,494,363.0,2321,0.8283,2627,2092,0.7466,0.2739,767.0,0.331,0.367
34368,安芸太田町,3014,821,235.0,2496,0.8281,2803,2360,0.783,0.3596,1075.0,0.434,0.459
07482,矢祭町,2134,505,270.0,1767,0.828,1917,1534,0.7188,0.21,447.0,0.254,0.292
01550,置戸町,1255,303,265.0,1039,0.8279,1085,794,0.6327,0.2935,365.0,0.354,0.464
43432,西原村,2014,395,326.0,1667,0.8277,1847,1291,0.641,0.1907,386.0,0.23,0.298
29212,宇陀市,11794,2095,360.0,9759,0.8275,10633,7683,0.6514,0.2947,3476.0,0.356,0.452
33216,浅口市,11949,1499,510.0,9887,0.8274,10832,6851,0.5734,0.3111,3748.0,0.376,0.543
41210,神埼市,9702,1491,416.0,8026,0.8273,9011,5426,0.5593,0.2251,2197.0,0.272,0.402
42207,平戸市,11996,2647,290.0,9924,0.8273,10825,8517,0.71,0.4573,5557.0,0.553,0.644
21341,養老町,9198,1300,453.0,7608,0.8271,9124,6470,0.7034,0.2159,1978.0,0.261,0.307
01601,日高町,4081,1069,244.0,3375,0.827,3951,2729,0.6687,0.3211,1304.0,0.388,0.48
02321,鰺ヶ沢町,4012,621,413.0,3317,0.8268,3524,2568,0.6401,0.4487,1810.0,0.543,0.701
03303,岩手町,4901,1263,248.0,4051,0.8266,4526,3319,0.6772,0.2835,1388.0,0.343,0.419
20213,飯山市,7434,1329,358.0,6145,0.8266,7056,4721,0.6351,0.2062,1535.0,0.249,0.325
40647,築上町,6564,1120,375.0,5425,0.8265,6436,3880,0.5911,0.3552,2332.0,0.43,0.601
05368,大潟村,954,97,629.0,788,0.826,840,540,0.566,0.2943,281.0,0.356,0.52
16321,舟橋村,551,106,333.0,455,0.8258,551,360,0.6534,0.2735,173.0,0.331,0.419
01649,浦幌町,1844,487,242.0,1522,0.8254,1763,1062,0.5759,0.1801,336.0,0.218,0.313
29362,三宅町,2306,170,868.0,1903,0.8252,2306,1110,0.4814,0.4132,963.0,0.501,0.858
40226,宮若市,9660,1446,428.0,7971,0.8252,9165,5911,0.6119,0.3303,3185.0,0.4,0.54
01559,湧別町,3246,845,246.0,2677,0.8247,3174,1998,0.6155,0.279,906.0,0.338,0.453
17386,宝達志水町,4810,776,397.0,3967,0.8247,4512,3475,0.7225,0.1606,770.0,0.195,0.222
40402,鞍手町,5932,696,545.0,4892,0.8247,5315,3871,0.6526,0.2871,1698.0,0.348,0.44
38488,鬼北町,4521,1038,279.0,3728,0.8246,4097,3395,0.7509,0.3608,1634.0,0.438,0.48
01517,礼文町,843,202,267.0,695,0.8244,703,691,0.8197,0.5373,489.0,0.652,0.655
08542,五霞町,2725,524,333.0,2246,0.8242,2705,1579,0.5794,0.2306,630.0,0.28,0.398
47355,粟国村,244,51,306.0,201,0.8238,244,120,0.4918,0.6207,154.0,0.753,1.262
07447,会津美里町,7528,1036,465.0,6200,0.8236,7152,4883,0.6486,0.2033,1530.0,0.247,0.313
31371,琴浦町,6028,855,451.0,4964,0.8235,5532,4101,0.6803,0.2327,1403.0,0.283,0.342
28224,南あわじ市,15969,2882,355.0,13149,0.8234,14891,10161,0.6363,0.4053,6467.0,0.492,0.637
29402,明日香村,2135,291,470.0,1758,0.8234,1992,1213,0.5681,0.3199,682.0,0.388,0.563
01581,厚真町,1618,609,170.0,1332,0.8232,1548,1025,0.6335,0.323,521.0,0.392,0.51
20416,豊丘村,2107,450,300.0,1734,0.823,2034,1440,0.6834,0.1665,353.0,0.202,0.244
20450,山形村,2454,343,458.0,2019,0.8227,2387,1833,0.7469,0.1593,388.0,0.194,0.213
02412,おいらせ町,6677,1175,364.0,5493,0.8227,6270,4119,0.6169,0.353,2355.0,0.429,0.572
01345,森町,5520,1004,352.0,4541,0.8226,5047,3104,0.5623,0.278,1538.0,0.338,0.494
24470,度会町,2835,505,359.0,2332,0.8226,2645,1999,0.7051,0.1547,438.0,0.188,0.219
32205,大田市,13196,2886,293.0,10855,0.8226,11754,9200,0.6972,0.3334,4422.0,0.405,0.478
42213,雲仙市,14572,2474,377.0,11986,0.8225,13240,9444,0.6481,0.4198,6162.0,0.51,0.648
21501,坂祝町,2277,311,469.0,1872,0.8221,2274,1400,0.6148,0.2866,646.0,0.349,0.466
43444,甲佐町,3986,640,399.0,3276,0.8219,3502,2887,0.7243,0.2339,933.0,0.285,0.323
02301,平内町,4111,592,444.0,3376,0.8212,3820,2628,0.6393,0.4603,1917.0,0.561,0.72
16209,小矢部市,10841,2284,304.0,8900,0.821,10572,6381,0.5886,0.1928,2086.0,0.235,0.328
43506,湯前町,1609,390,264.0,1321,0.821,1468,1111,0.6905,0.3209,514.0,0.391,0.465
01608,様似町,1703,307,355.0,1397,0.8203,1484,1051,0.6171,0.2784,476.0,0.339,0.451
10211,安中市,19810,2996,423.0,16245,0.82,18858,11888,0.6001,0.2188,4323.0,0.267,0.365
40447,筑前町,9259,1027,577.0,7592,0.82,8853,4878,0.5268,0.2937,2713.0,0.358,0.558
20403,高森町,4176,831,322.0,3424,0.8199,3866,2327,0.5572,0.1894,788.0,0.231,0.34
26203,綾部市,12316,2122,371.0,10087,0.819,11433,8068,0.6551,0.3552,4374.0,0.434,0.542
21210,恵那市,16811,3809,282.0,13752,0.818,15953,10893,0.648,0.2905,4897.0,0.355,0.448
15227,胎内市,10267,1254,524.0,8397,0.8179,9872,6621,0.6449,0.198,2031.0,0.242,0.307
08226,那珂市,17234,2893,381.0,14093,0.8177,16238,9659,0.5605,0.255,4385.0,0.312,0.455
15217,妙高市,11328,1698,427.0,9263,0.8177,10579,6679,0.5896,0.2241,2537.0,0.274,0.38
30208,紀の川市,19370,2956,419.0,15832,0.8173,18446,12005,0.6198,0.3035,5903.0,0.371,0.49
01432,新十津川町,2653,556,305.0,2167,0.8168,2497,1379,0.5198,0.3422,912.0,0.419,0.658
01641,大樹町,1976,464,273.0,1614,0.8168,1838,1283,0.6493,0.2798,555.0,0.343,0.431
01456,愛別町,1206,285,271.0,985,0.8167,1069,871,0.7222,0.3009,363.0,0.368,0.417
34215,江田島市,9182,1137,517.0,7495,0.8163,8305,6240,0.6796,0.4216,4036.0,0.517,0.62
01222,三笠市,3808,495,492.0,3107,0.8159,3763,2293,0.6022,0.4662,1780.0,0.571,0.774
33461,矢掛町,5189,1073,310.0,4233,0.8158,4683,3762,0.725,0.2851,1485.0,0.35,0.393
01396,真狩村,698,226,198.0,569,0.8152,659,472,0.6762,0.2859,202.0,0.351,0.423
03483,岩泉町,3852,1095,225.0,3140,0.8152,3481,2770,0.7191,0.3872,1496.0,0.475,0.538
39211,香南市,10513,1540,437.0,8570,0.8152,9678,6550,0.623,0.2298,2402.0,0.282,0.369
01367,奥尻町,973,193,323.0,793,0.815,871,695,0.7143,0.4681,467.0,0.574,0.655
08215,北茨城市,14335,1931,475.0,11681,0.8149,13211,8910,0.6216,0.2883,4133.0,0.354,0.464
40229,みやま市,13587,1970,441.0,11068,0.8146,12143,8964,0.6597,0.2915,4007.0,0.358,0.442
37324,小豆島町,6007,733,524.0,4893,0.8145,5281,3647,0.6071,0.3476,2127.0,0.427,0.573
05303,小坂町,2149,368,374.0,1750,0.8143,1941,1460,0.6794,0.3896,836.0,0.478,0.573
30381,美浜町,2580,266,621.0,2101,0.8143,2490,1540,0.5969,0.3215,825.0,0.395,0.539
46392,さつま町,8444,2249,240.0,6873,0.814,7548,5614,0.6649,0.3899,3293.0,0.479,0.586
01362,上ノ国町,1859,325,366.0,1513,0.8139,1647,1337,0.7192,0.4079,762.0,0.501,0.567
40227,嘉麻市,14331,1753,523.0,11662,0.8138,13414,8480,0.5917,0.3204,4595.0,0.394,0.541
21219,郡上市,14608,3198,292.0,11886,0.8137,13581,9569,0.6551,0.2994,4375.0,0.368,0.457
36489,東みよし町,4986,857,372.0,4057,0.8137,4440,2699,0.5413,0.2938,1460.0,0.361,0.543
41346,みやき町,8866,1128,503.0,7213,0.8136,8213,5741,0.6475,0.231,2043.0,0.284,0.357
15226,南魚沼市,18394,2875,409.0,14960,0.8133,16682,11995,0.6521,0.2289,4209.0,0.281,0.351
05209,鹿角市,11838,2042,371.0,9627,0.8132,11099,6699,0.5659,0.3714,4398.0,0.457,0.656
40604,糸田町,3177,271,750.0,2583,0.813,2864,2090,0.6579,0.3614,1162.0,0.444,0.549
35211,長門市,14159,2225,407.0,11509,0.8128,13256,9907,0.6997,0.2653,3799.0,0.326,0.379
45208,西都市,10829,1911,363.0,8796,0.8123,9685,7220,0.6667,0.254,2750.0,0.313,0.381
41204,多久市,6743,989,436.0,5475,0.812,6161,4248,0.63,0.2285,1543.0,0.281,0.363
12349,東庄町,5162,760,435.0,4190,0.8117,4892,3195,0.6189,0.161,835.0,0.198,0.26
01586,むかわ町,3110,846,235.0,2524,0.8116,2870,1863,0.599,0.2758,861.0,0.34,0.46
01549,訓子府町,1817,534,218.0,1474,0.8112,1751,1192,0.656,0.2449,448.0,0.302,0.373
05463,羽後町,5438,1131,308.0,4411,0.8111,5012,4059,0.7464,0.3173,1725.0,0.391,0.425
01691,別海町,3974,1422,179.0,3223,0.811,3698,2579,0.649,0.1987,793.0,0.245,0.306
32501,津和野町,3348,758,283.0,2713,0.8103,2713,2494,0.7449,0.4121,1375.0,0.509,0.553
25425,愛荘町,4595,687,428.0,3723,0.8102,4262,2999,0.6527,0.3091,1420.0,0.381,0.474
05212,大仙市,29923,6219,308.0,24230,0.8097,27164,19321,0.6457,0.3171,9471.0,0.392,0.491
25442,甲良町,2107,257,525.0,1706,0.8097,1835,1260,0.598,0.2879,610.0,0.356,0.482
21505,八百津町,4118,856,308.0,3333,0.8094,3739,2527,0.6136,0.2777,1138.0,0.343,0.452
06461,遊佐町,5489,874,402.0,4439,0.8087,4731,4139,0.7541,0.2227,1227.0,0.275,0.295
03441,住田町,2288,600,244.0,1850,0.8086,2149,1697,0.7417,0.2879,658.0,0.356,0.388
47353,渡嘉敷村,146,26,359.0,118,0.8082,118,114,0.7808,0.5116,75.0,0.633,0.655
06322,西川町,2262,416,348.0,1828,0.8081,2054,1506,0.6658,0.2334,528.0,0.289,0.351
39206,須崎市,8368,1141,469.0,6762,0.8081,7885,4546,0.5433,0.263,2198.0,0.326,0.484
12235,匝瑳市,12707,2337,348.0,10262,0.8076,11317,7697,0.6057,0.1815,2283.0,0.225,0.3
02406,横浜町,1678,354,303.0,1355,0.8075,1678,1048,0.6246,0.5247,887.0,0.65,0.84
36404,板野町,4392,594,473.0,3545,0.8071,4251,2031,0.4624,0.3021,1322.0,0.374,0.653
08223,潮来市,9084,1372,424.0,7331,0.807,8624,5412,0.5958,0.2355,2138.0,0.292,0.395
21381,神戸町,6010,624,616.0,4848,0.8067,5820,3556,0.5917,0.2727,1629.0,0.338,0.461
43428,高森町,2498,589,271.0,2015,0.8066,2120,1361,0.5448,0.3346,837.0,0.415,0.614
05207,湯沢市,16927,2515,431.0,13646,0.8062,15523,10449,0.6173,0.3325,5627.0,0.412,0.539
07547,浪江町,576,364,101.0,464,0.8056,531,342,0.5938,0.058,33.0,0.072,0.098
38207,大洲市,14911,2715,351.0,12006,0.8052,13596,9183,0.6159,0.2849,4261.0,0.354,0.463
30341,かつらぎ町,6515,1016,410.0,5242,0.8046,5616,3565,0.5472,0.328,2108.0,0.408,0.599
46505,屋久島町,4283,1002,274.0,3444,0.8041,3833,2723,0.6358,0.4741,2046.0,0.59,0.746
29446,天川村,602,133,290.0,484,0.804,562,378,0.6279,0.3564,213.0,0.443,0.568
32204,益田市,17014,2810,388.0,13677,0.8039,15271,10470,0.6154,0.3179,5410.0,0.396,0.517
11362,皆野町,3575,640,358.0,2873,0.8036,3214,1908,0.5337,0.1804,645.0,0.224,0.338
32206,安来市,13834,2418,366.0,11105,0.8027,13148,8448,0.6107,0.2208,3055.0,0.275,0.362
38356,上島町,2881,372,496.0,2312,0.8025,2765,2088,0.7247,0.4907,1449.0,0.611,0.677
43215,天草市,30138,4986,387.0,24170,0.802,26824,20596,0.6834,0.3836,11897.0,0.478,0.561
20561,山ノ内町,4766,659,463.0,3821,0.8017,4280,2664,0.559,0.2448,1166.0,0.305,0.438
16322,上市町,7210,1051,439.0,5779,0.8015,6924,4114,0.5706,0.2271,1635.0,0.283,0.398
40214,豊前市,9140,1344,435.0,7322,0.8011,8586,5316,0.5816,0.3462,3160.0,0.432,0.595
20563,野沢温泉村,1256,152,529.0,1006,0.801,1256,843,0.6712,0.2874,361.0,0.359,0.428
06428,庄内町,7590,905,537.0,6079,0.8009,7191,4966,0.6543,0.2049,1553.0,0.256,0.313
02408,東北町,6365,1484,275.0,5097,0.8008,6000,3893,0.6116,0.4025,2536.0,0.503,0.658
01453,東神楽町,2932,491,382.0,2342,0.7988,2639,1245,0.4246,0.1529,448.0,0.191,0.36
07214,本宮市,8582,1812,303.0,6853,0.7985,7794,4828,0.5626,0.173,1484.0,0.217,0.308
16342,入善町,8746,1715,326.0,6984,0.7985,8385,5953,0.6807,0.2419,2124.0,0.303,0.355
31302,岩美町,4036,521,496.0,3222,0.7983,3712,2841,0.7039,0.2587,1049.0,0.324,0.368
04362,山元町,4944,940,337.0,3947,0.7983,4823,2954,0.5975,0.2718,1344.0,0.34,0.455
30362,広川町,2390,391,391.0,1906,0.7975,2390,1464,0.6126,0.3671,886.0,0.46,0.599
01464,和寒町,1411,333,271.0,1125,0.7973,1307,429,0.304,0.3369,476.0,0.423,1.108
07483,塙町,3171,813,250.0,2528,0.7972,2929,2260,0.7127,0.2009,642.0,0.252,0.282
06401,小国町,2882,587,314.0,2297,0.797,2609,1937,0.6721,0.3347,965.0,0.42,0.498
44207,津久見市,7097,557,815.0,5654,0.7967,6763,4455,0.6277,0.3112,2252.0,0.391,0.496
04212,登米市,27022,6039,286.0,21519,0.7964,25242,17768,0.6575,0.2047,5518.0,0.257,0.311
26213,南丹市,11142,2160,330.0,8869,0.796,10358,8054,0.7229,0.3756,4183.0,0.472,0.52
35212,柳井市,11902,1767,431.0,9469,0.7956,10823,6762,0.5681,0.2611,3134.0,0.328,0.46
12223,鴨川市,12310,2142,368.0,9791,0.7954,11531,8023,0.6517,0.3432,4247.0,0.431,0.527
20220,安曇野市,29858,4632,413.0,23749,0.7954,27369,17657,0.5914,0.2105,6302.0,0.265,0.356
37207,東かがわ市,11939,1771,431.0,9494,0.7952,11456,6340,0.531,0.2619,3140.0,0.329,0.493
15223,阿賀野市,14034,1881,477.0,11157,0.795,13006,8784,0.6259,0.1349,1891.0,0.17,0.216
07481,棚倉町,4262,822,332.0,3388,0.7949,3844,2451,0.5751,0.1776,756.0,0.223,0.309
20214,茅野市,17045,2546,428.0,13548,0.7948,15707,9910,0.5814,0.2534,4324.0,0.319,0.436
01392,寿都町,1159,215,345.0,921,0.7947,1159,500,0.4314,0.455,531.0,0.573,1.055
10382,下仁田町,3336,606,352.0,2651,0.7947,3028,1904,0.5707,0.1895,633.0,0.238,0.332
03207,久慈市,11025,2396,294.0,8758,0.7944,10102,7475,0.678,0.3157,3475.0,0.397,0.466
27366,岬町,5961,432,883.0,4735,0.7943,5655,3174,0.5325,0.4188,2498.0,0.527,0.786
08216,笠間市,23406,4368,343.0,18576,0.7936,21800,13779,0.5887,0.261,6114.0,0.329,0.443
46221,志布志市,10548,2915,232.0,8370,0.7935,9489,6742,0.6392,0.3655,3842.0,0.461,0.572
08211,常総市,18333,3033,387.0,14541,0.7932,16308,10648,0.5808,0.2201,4032.0,0.278,0.379
07542,楢葉町,1388,512,174.0,1101,0.7932,1290,900,0.6484,0.1919,266.0,0.242,0.296
34209,三次市,18556,4694,253.0,14716,0.7931,17385,12230,0.6591,0.269,4959.0,0.339,0.408
11365,小鹿野町,4241,933,291.0,3362,0.7927,3831,2770,0.6531,0.218,926.0,0.275,0.334
26344,宇治田原町,2681,355,483.0,2125,0.7926,2320,1493,0.5569,0.2447,657.0,0.309,0.439
41401,有田町,6718,930,462.0,5325,0.7926,6201,3779,0.5625,0.2352,1580.0,0.297,0.418
04213,栗原市,26139,6468,259.0,20712,0.7924,23824,16661,0.6374,0.2297,6018.0,0.29,0.36
41327,吉野ヶ里町,4036,541,477.0,3198,0.7924,3610,1882,0.4663,0.2132,846.0,0.269,0.457
08228,坂東市,15781,3516,287.0,12501,0.7922,13979,9473,0.6003,0.1934,3050.0,0.244,0.322
46213,西之表市,5587,1198,298.0,4426,0.7922,5233,3832,0.6859,0.4407,2467.0,0.556,0.643
40601,香春町,4427,613,462.0,3506,0.792,4054,2681,0.6056,0.348,1475.0,0.439,0.575
02361,藤崎町,4766,631,483.0,3774,0.7919,4414,2089,0.4383,0.3751,1799.0,0.474,0.856
37322,土庄町,5453,707,494.0,4318,0.7919,4598,3108,0.57,0.3266,1805.0,0.412,0.573
26212,京丹後市,19245,2856,431.0,15237,0.7917,16993,11808,0.6136,0.2928,5649.0,0.37,0.477
01646,本別町,2759,631,280.0,2184,0.7916,2487,1833,0.6644,0.2722,750.0,0.344,0.41
02210,平川市,10779,1281,539.0,8532,0.7915,10035,6340,0.5882,0.3695,3982.0,0.467,0.628
19207,韮崎市,8880,1356,419.0,7028,0.7914,8314,5274,0.5939,0.2729,2430.0,0.345,0.459
21362,関ケ原町,2646,309,548.0,2091,0.7902,2646,1580,0.5971,0.318,842.0,0.402,0.532
29343,三郷町,7453,289,1650.0,5888,0.79,6492,2950,0.3958,0.426,3208.0,0.539,1.076
32207,江津市,9012,1557,370.0,7117,0.7897,8097,5248,0.5823,0.3404,3067.0,0.431,0.585
47303,東村,585,182,206.0,462,0.7897,507,251,0.4291,0.2803,165.0,0.355,0.653
32441,川本町,1458,398,234.0,1151,0.7894,1304,1005,0.6893,0.3667,525.0,0.465,0.532
04324,川崎町,3213,851,242.0,2535,0.789,3099,1919,0.5973,0.2015,647.0,0.255,0.337
06362,最上町,3260,605,345.0,2571,0.7887,3046,2152,0.6601,0.2315,755.0,0.294,0.351
06212,尾花沢市,6225,1075,371.0,4904,0.7878,5395,4293,0.6896,0.1936,1206.0,0.246,0.281
12236,香取市,26660,4743,360.0,20996,0.7875,23869,15495,0.5812,0.1728,4607.0,0.219,0.297
26365,和束町,1651,289,366.0,1300,0.7874,1404,1104,0.6687,0.2549,422.0,0.324,0.381
02384,鶴田町,4562,604,483.0,3590,0.7869,4272,3091,0.6776,0.4164,1905.0,0.529,0.615
28381,稲美町,9717,1185,525.0,7646,0.7869,8990,5392,0.5549,0.3489,3390.0,0.443,0.629
03213,二戸市,9511,1805,337.0,7483,0.7868,8854,5582,0.5869,0.2944,2800.0,0.374,0.502
41206,武雄市,15076,2541,380.0,11862,0.7868,12700,9695,0.6431,0.2066,3112.0,0.263,0.321
29443,下市町,2352,441,341.0,1850,0.7866,2270,1242,0.5281,0.3417,806.0,0.434,0.647
45205,小林市,16233,3374,308.0,12762,0.7862,15040,10155,0.6256,0.2768,4492.0,0.352,0.443
40421,桂川町,4526,448,647.0,3558,0.7861,3992,2041,0.451,0.3352,1516.0,0.426,0.743
31370,湯梨浜町,5138,618,532.0,4037,0.7857,4662,3060,0.5956,0.2593,1333.0,0.33,0.435
05215,仙北市,10534,2380,283.0,8274,0.7855,9069,6766,0.6423,0.3384,3565.0,0.431,0.527
08230,かすみがうら市,12836,2370,347.0,10079,0.7852,12035,7067,0.5506,0.2367,3025.0,0.302,0.43
17463,能登町,7742,1524,325.0,6079,0.7852,6928,5142,0.6642,0.2416,1911.0,0.308,0.364
01642,広尾町,2519,402,401.0,1978,0.7852,2296,1602,0.636,0.2845,716.0,0.362,0.447
25443,多賀町,2474,389,407.0,1942,0.785,2233,1641,0.6633,0.341,840.0,0.434,0.514
20521,坂城町,5054,591,547.0,3963,0.7841,4605,1967,0.3892,0.1884,945.0,0.24,0.484
01346,八雲町,5509,902,391.0,4319,0.784,5261,2615,0.4747,0.3204,1773.0,0.409,0.675
16323,立山町,8302,1555,342.0,6508,0.7839,7799,4952,0.5965,0.2459,2034.0,0.314,0.412
07210,二本松市,18377,4668,252.0,14403,0.7838,16766,11510,0.6263,0.2031,3739.0,0.259,0.324
21383,安八町,4112,584,451.0,3222,0.7836,3719,2272,0.5525,0.1973,811.0,0.252,0.357
01334,木古内町,1895,318,381.0,1485,0.7836,1535,855,0.4512,0.3021,576.0,0.385,0.669
01347,長万部町,2091,418,320.0,1637,0.7829,1803,971,0.4644,0.3999,835.0,0.511,0.861
01584,洞爺湖町,3663,541,433.0,2867,0.7827,3496,2112,0.5766,0.4112,1513.0,0.525,0.713
28229,たつの市,22955,2711,542.0,17968,0.7827,21456,14049,0.612,0.3235,7427.0,0.413,0.528
45207,串間市,7187,1208,381.0,5624,0.7825,5806,4579,0.6371,0.3103,2232.0,0.397,0.487
24212,熊野市,7072,1102,411.0,5530,0.782,6241,3613,0.5109,0.3806,2707.0,0.487,0.745
43505,多良木町,3844,913,269.0,3006,0.782,3543,2399,0.6241,0.3159,1225.0,0.404,0.506
43206,玉名市,22020,3160,446.0,17220,0.782,19146,13767,0.6252,0.2886,6345.0,0.369,0.462
01485,初山別村,417,128,209.0,326,0.7818,389,294,0.705,0.419,176.0,0.536,0.594
01218,赤平市,4661,509,586.0,3642,0.7814,4159,2877,0.6172,0.3811,1779.0,0.488,0.617
01693,標津町,1569,413,243.0,1226,0.7814,1463,670,0.427,0.2616,411.0,0.335,0.613
02445,南部町,6715,1076,399.0,5245,0.7811,6253,4104,0.6112,0.4104,2760.0,0.525,0.671
07522,小野町,3390,1120,194.0,2648,0.7811,3240,2214,0.6531,0.2032,688.0,0.26,0.311
36204,阿南市,23026,3748,393.0,17985,0.7811,21040,13413,0.5825,0.2825,6535.0,0.362,0.485
11346,川島町,6965,893,499.0,5438,0.7808,6774,3803,0.546,0.2153,1501.0,0.276,0.394
28221,丹波篠山市,13870,2836,313.0,10829,0.7807,12440,8886,0.6407,0.3885,5385.0,0.498,0.606
46208,出水市,17328,3069,361.0,13517,0.7801,15491,9467,0.5463,0.3364,5844.0,0.431,0.616
24211,鳥羽市,6702,690,622.0,5227,0.7799,5892,4531,0.6761,0.3087,2125.0,0.396,0.457
05361,五城目町,4099,558,470.0,3195,0.7795,3574,2643,0.6448,0.4078,1647.0,0.523,0.632
43210,菊池市,15728,2195,459.0,12256,0.7792,14873,9678,0.6153,0.2802,4429.0,0.36,0.455
29442,大淀町,5783,644,575.0,4504,0.7788,5231,3157,0.5459,0.2607,1508.0,0.335,0.478
04444,色麻町,2339,607,247.0,1820,0.7781,2262,1588,0.6789,0.1791,420.0,0.23,0.264
19346,市川三郷町,5521,625,565.0,4296,0.7781,5037,2679,0.4852,0.305,1685.0,0.392,0.629
24210,亀山市,12762,1616,505.0,9930,0.7781,11436,6640,0.5203,0.2322,2966.0,0.298,0.446
33207,井原市,14335,2614,351.0,11149,0.7777,12319,8869,0.6187,0.3062,4396.0,0.394,0.495
44341,日出町,8453,1336,405.0,6573,0.7776,7490,4833,0.5717,0.2581,2196.0,0.332,0.451
28226,淡路市,16120,2958,349.0,12534,0.7775,14264,8579,0.5322,0.4573,7439.0,0.588,0.859
05211,潟上市,11220,1330,540.0,8721,0.7773,10791,6416,0.5718,0.3696,4147.0,0.476,0.646
23561,設楽町,2268,611,238.0,1763,0.7773,2176,1464,0.6455,0.349,790.0,0.449,0.541
01215,美唄市,8691,1290,431.0,6755,0.7772,8249,4699,0.5407,0.3789,3275.0,0.488,0.701
01609,えりも町,1432,336,273.0,1113,0.7772,1309,1101,0.7689,0.2813,405.0,0.362,0.366
40605,川崎町,5917,701,540.0,4594,0.7764,5351,3569,0.6032,0.328,1946.0,0.422,0.544
46215,薩摩川内市,29684,5599,339.0,23041,0.7762,27844,17505,0.5897,0.3634,10793.0,0.468,0.616
12403,九十九里町,5958,873,437.0,4623,0.7759,5519,3097,0.5198,0.2202,1304.0,0.284,0.424
18481,高浜町,3266,442,473.0,2534,0.7759,2937,1494,0.4574,0.4283,1407.0,0.552,0.936
19429,鳴沢村,959,198,310.0,744,0.7758,918,538,0.561,0.2129,204.0,0.274,0.379
33445,里庄町,3537,411,551.0,2743,0.7755,3249,1982,0.5604,0.3312,1144.0,0.427,0.591
02304,蓬田村,1037,152,437.0,804,0.7753,1037,751,0.7242,0.4597,495.0,0.593,0.635
32202,浜田市,19395,3794,327.0,15029,0.7749,17489,11713,0.6039,0.3446,6702.0,0.445,0.571
23445,南知多町,6377,556,734.0,4940,0.7747,6175,3246,0.509,0.3104,2002.0,0.401,0.61
41209,嬉野市,9203,1538,383.0,7129,0.7746,8076,5490,0.5965,0.2263,2086.0,0.292,0.379
36205,吉野川市,14661,2081,451.0,11355,0.7745,13036,7643,0.5213,0.3087,4528.0,0.399,0.592
35204,萩市,19372,2748,451.0,15002,0.7744,16787,10990,0.5673,0.2666,5229.0,0.344,0.47
12218,勝浦市,7261,1201,387.0,5621,0.7741,6702,4749,0.654,0.381,2777.0,0.492,0.582
12421,一宮町,3860,650,380.0,2986,0.7736,3544,1928,0.4995,0.3002,1168.0,0.388,0.601
30390,印南町,2849,620,294.0,2203,0.7733,2616,1904,0.6683,0.38,1085.0,0.491,0.569
01664,標茶町,2465,770,205.0,1906,0.7732,2200,1518,0.6158,0.2185,541.0,0.283,0.355
24215,志摩市,18709,2487,481.0,14464,0.7731,17149,10677,0.5707,0.2871,5403.0,0.371,0.503
09211,矢板市,10323,1862,355.0,7980,0.773,9149,5616,0.544,0.2499,2583.0,0.323,0.459
05213,北秋田市,13440,1904,452.0,10370,0.7716,12113,8634,0.6424,0.4026,5410.0,0.522,0.627
20210,駒ヶ根市,9953,1734,367.0,7680,0.7716,9018,4883,0.4906,0.2029,2013.0,0.263,0.414
39341,本山町,1563,306,327.0,1206,0.7716,1310,855,0.547,0.3137,489.0,0.407,0.574
01471,中川町,586,148,253.0,452,0.7713,516,358,0.6109,0.3365,200.0,0.436,0.551
10210,富岡市,16323,2189,477.0,12588,0.7712,14761,6901,0.4228,0.1978,3230.0,0.256,0.468
22219,下田市,8489,1106,491.0,6546,0.7711,7165,5472,0.6446,0.3778,3224.0,0.49,0.586
06381,高畠町,7594,1360,357.0,5855,0.771,6711,4510,0.5939,0.1939,1473.0,0.252,0.327
16210,南砺市,18795,4146,290.0,14484,0.7706,16622,11651,0.6199,0.207,3881.0,0.269,0.334
39402,佐川町,5039,880,366.0,3880,0.77,4331,2943,0.584,0.2208,1117.0,0.287,0.378
21215,山県市,9147,1428,410.0,7041,0.7698,8266,5359,0.5859,0.2487,2267.0,0.323,0.425
46214,垂水市,5852,699,536.0,4502,0.7693,5440,3709,0.6338,0.3933,2320.0,0.511,0.621
27321,豊能町,8626,444,1243.0,6634,0.7691,7353,4573,0.5301,0.2968,2572.0,0.386,0.56
12239,大網白里市,15743,1952,516.0,12106,0.769,14055,8763,0.5566,0.2639,4162.0,0.343,0.474
29342,平群町,7055,451,1001.0,5425,0.769,6371,3256,0.4615,0.3509,2445.0,0.456,0.76
07308,川俣町,5064,1117,290.0,3893,0.7688,4649,2960,0.5845,0.2128,1085.0,0.277,0.364
24303,木曽岬町,2011,262,491.0,1546,0.7688,2011,1215,0.6042,0.1867,375.0,0.243,0.309
30406,すさみ町,1782,347,329.0,1370,0.7688,1558,1146,0.6431,0.4124,740.0,0.536,0.641
06364,真室川町,3015,658,293.0,2314,0.7675,2972,2183,0.724,0.2,601.0,0.261,0.276
33212,瀬戸内市,12378,1751,452.0,9498,0.7673,11015,6643,0.5367,0.3186,3957.0,0.415,0.594
43214,阿蘇市,10032,1813,354.0,7698,0.7673,9207,5604,0.5586,0.305,3065.0,0.397,0.546
45382,国富町,6861,1100,399.0,5261,0.7668,5809,3793,0.5528,0.2377,1629.0,0.31,0.43
31325,若桜町,1393,205,435.0,1068,0.7667,1068,1005,0.7215,0.2863,399.0,0.373,0.397
07205,白河市,17597,2774,406.0,13490,0.7666,15921,9454,0.5373,0.2219,3893.0,0.289,0.413
28213,西脇市,12971,1557,533.0,9941,0.7664,12195,6827,0.5263,0.3176,4120.0,0.414,0.603
35321,和木町,1622,122,851.0,1243,0.7663,1577,994,0.6128,0.2578,424.0,0.336,0.421
01433,妹背牛町,1274,262,311.0,976,0.7661,1127,809,0.635,0.3838,487.0,0.501,0.604
10208,渋川市,26290,3682,457.0,20139,0.766,24729,13874,0.5277,0.1868,4910.0,0.244,0.354
23221,新城市,16026,2899,354.0,12272,0.7658,15110,9509,0.5933,0.2648,4245.0,0.346,0.446
39210,四万十市,12010,2132,361.0,9197,0.7658,10208,7149,0.5953,0.251,3017.0,0.328,0.422
01461,中富良野町,1746,523,214.0,1337,0.7658,1562,1036,0.5934,0.276,478.0,0.36,0.465
01555,遠軽町,7236,1047,442.0,5539,0.7655,6588,3227,0.446,0.3184,2302.0,0.416,0.714
11408,寄居町,10839,1618,429.0,8295,0.7653,9924,5666,0.5227,0.2202,2401.0,0.288,0.421
04581,女川町,2336,255,586.0,1786,0.7646,2065,1095,0.4688,0.3776,881.0,0.494,0.806
01459,美瑛町,3763,784,307.0,2877,0.7645,2992,2114,0.5618,0.2851,1069.0,0.373,0.507
44213,由布市,11177,2180,328.0,8545,0.7645,9553,7124,0.6374,0.2565,2872.0,0.336,0.402
01407,仁木町,1276,376,217.0,974,0.7633,1265,775,0.6074,0.4137,530.0,0.542,0.681
37341,三木町,8429,1526,354.0,6434,0.7633,7692,4699,0.5575,0.2428,2050.0,0.318,0.435
12215,旭市,19841,3095,410.0,15141,0.7631,17639,10676,0.5381,0.1984,3936.0,0.26,0.369
14361,中井町,3294,348,606.0,2513,0.7629,3192,1642,0.4985,0.2906,960.0,0.381,0.583
28218,小野市,13857,1653,537.0,10569,0.7627,13093,8109,0.5852,0.3612,5000.0,0.474,0.617
01516,豊富町,1354,330,263.0,1032,0.7622,1144,614,0.4535,0.274,372.0,0.359,0.604
20209,伊那市,20668,3513,377.0,15731,0.7611,18855,11419,0.5525,0.1978,4087.0,0.26,0.358
01561,興部町,1213,291,267.0,923,0.7609,1048,416,0.343,0.3541,428.0,0.465,1.033
01607,浦河町,4080,896,291.0,3104,0.7608,3809,2106,0.5162,0.3375,1383.0,0.444,0.654
07543,富岡町,480,329,93.0,365,0.7604,441,354,0.7375,0.1029,50.0,0.135,0.14
04322,村田町,3762,918,262.0,2860,0.7602,3512,1931,0.5133,0.2386,903.0,0.314,0.465
09206,日光市,27850,4782,373.0,21168,0.7601,24649,14530,0.5217,0.2768,7709.0,0.364,0.531
29345,安堵町,2331,159,938.0,1771,0.7598,2331,936,0.4015,0.4515,1149.0,0.594,1.125
20217,佐久市,30208,4304,449.0,22948,0.7597,27051,15423,0.5106,0.2291,6912.0,0.302,0.449
24562,紀宝町,3854,560,440.0,2928,0.7597,3605,2219,0.5758,0.3246,1255.0,0.427,0.564
06323,朝日町,2838,497,365.0,2156,0.7597,2587,1812,0.6385,0.2666,754.0,0.351,0.418
41424,江北町,2731,488,358.0,2074,0.7594,2614,1562,0.572,0.2113,575.0,0.278,0.37
01578,白老町,7438,926,514.0,5645,0.7589,6771,4065,0.5465,0.361,2682.0,0.476,0.661
20422,上松町,1763,317,356.0,1338,0.7589,1698,1117,0.6336,0.319,559.0,0.42,0.503
02381,板柳町,4826,632,489.0,3662,0.7588,4139,2611,0.541,0.3717,1792.0,0.49,0.687
06324,大江町,3035,467,416.0,2302,0.7585,3035,1841,0.6066,0.225,683.0,0.297,0.371
40220,宗像市,28248,2241,807.0,21417,0.7582,24418,13907,0.4923,0.3466,9801.0,0.457,0.704
34203,竹原市,10026,1182,543.0,7595,0.7575,8563,5352,0.5338,0.3188,3215.0,0.421,0.597
01571,豊浦町,1525,313,312.0,1155,0.7574,1508,969,0.6354,0.4188,633.0,0.553,0.659
01458,東川町,2752,668,264.0,2084,0.7573,2397,1538,0.5589,0.2971,820.0,0.392,0.532
10421,中之条町,6302,1260,320.0,4772,0.7572,5668,3599,0.5711,0.2516,1584.0,0.332,0.441
43208,山鹿市,18611,2901,411.0,14093,0.7572,16502,11481,0.6169,0.2967,5519.0,0.392,0.481
01227,歌志内市,1589,183,556.0,1203,0.7571,1533,716,0.4506,0.4301,685.0,0.568,0.955
23231,田原市,16707,2526,423.0,12649,0.7571,15187,9266,0.5546,0.2694,4498.0,0.356,0.486
01371,せたな町,3449,742,297.0,2611,0.757,2984,2176,0.6309,0.4309,1500.0,0.569,0.683
15210,十日町市,19842,2598,489.0,15020,0.757,17751,11352,0.5721,0.2425,4810.0,0.32,0.424
33205,笠岡市,16998,2228,488.0,12868,0.757,15160,10050,0.5912,0.3198,5457.0,0.422,0.541
20388,宮田村,2529,441,367.0,1914,0.7568,2277,904,0.3575,0.1567,398.0,0.207,0.438
43213,宇城市,19992,2922,438.0,15122,0.7564,18065,10598,0.5301,0.285,5677.0,0.377,0.538
40212,大川市,11659,1191,627.0,8814,0.756,10579,5292,0.4539,0.2977,3511.0,0.394,0.656
03321,紫波町,10110,2490,260.0,7637,0.7554,9124,6146,0.6079,0.1676,1691.0,0.222,0.276
18322,永平寺町,5624,723,498.0,4246,0.755,4751,3368,0.5989,0.4179,2357.0,0.553,0.698
19368,富士川町,4942,577,548.0,3731,0.755,4379,2381,0.4818,0.2783,1372.0,0.369,0.578
19425,山中湖村,1767,459,246.0,1333,0.7544,1725,1117,0.6321,0.1925,333.0,0.255,0.305
18404,南越前町,3747,593,404.0,2824,0.7537,3590,2540,0.6779,0.296,1115.0,0.393,0.437
30391,みなべ町,3932,711,354.0,2963,0.7536,3603,2462,0.6261,0.3082,1211.0,0.409,0.492
01634,鹿追町,1651,486,217.0,1244,0.7535,1479,1082,0.6554,0.227,370.0,0.301,0.346
25211,湖南市,13347,1002,853.0,10056,0.7534,11859,4561,0.3417,0.3137,4200.0,0.416,0.918
28443,福崎町,5296,706,480.0,3986,0.7526,4576,2388,0.4509,0.3373,1840.0,0.448,0.748
33208,総社市,19426,2408,516.0,14604,0.7518,17118,9778,0.5033,0.3119,6052.0,0.415,0.62
07213,伊達市,20901,3663,365.0,15708,0.7515,18652,11332,0.5422,0.2008,4219.0,0.267,0.37
10525,邑楽町,8268,1023,517.0,6212,0.7513,7684,4246,0.5135,0.1806,1488.0,0.24,0.352
22223,御前崎市,9559,1560,392.0,7181,0.7512,7758,4934,0.5162,0.2422,2310.0,0.322,0.469
43368,長洲町,5486,571,615.0,4120,0.751,4697,2835,0.5168,0.3201,1758.0,0.426,0.619
15225,魚沼市,12898,1977,418.0,9684,0.7508,10682,7393,0.5732,0.2383,3074.0,0.317,0.416
30344,高野町,1202,230,334.0,902,0.7504,1030,802,0.6672,0.4931,602.0,0.657,0.739
19424,忍野村,1766,358,316.0,1325,0.7503,1591,664,0.376,0.2508,454.0,0.334,0.667
09210,大田原市,20792,4745,280.0,15593,0.75,18259,11360,0.5464,0.2852,5910.0,0.38,0.522
19212,上野原市,8252,1077,490.0,6187,0.7498,7063,4277,0.5183,0.3461,2857.0,0.462,0.668
40225,うきは市,9863,1371,460.0,7391,0.7494,9441,5513,0.559,0.2665,2632.0,0.356,0.477
30401,白浜町,7978,1057,483.0,5974,0.7488,7198,4683,0.587,0.3979,3190.0,0.531,0.678
34212,東広島市,45688,8434,347.0,34185,0.7482,41452,25324,0.5543,0.3309,15134.0,0.442,0.597
08222,鹿嶋市,20718,2900,457.0,15500,0.7481,19266,10613,0.5123,0.2993,6207.0,0.4,0.584
01662,厚岸町,3178,629,323.0,2376,0.7476,3043,1853,0.5831,0.2782,885.0,0.372,0.477
39386,いの町,8413,1175,458.0,6288,0.7474,7621,3810,0.4529,0.193,1622.0,0.258,0.426
37206,さぬき市,17336,2789,398.0,12940,0.7464,15494,10283,0.5932,0.2545,4420.0,0.341,0.429
04361,亘理町,10389,1401,475.0,7749,0.7459,9436,4909,0.4725,0.2355,2446.0,0.316,0.498
07209,相馬市,10790,2050,337.0,8046,0.7457,9629,5589,0.518,0.2348,2533.0,0.315,0.453
24208,名張市,24768,1918,826.0,18469,0.7457,22446,14005,0.5654,0.2519,6257.0,0.338,0.446
01220,士別市,7344,1233,381.0,5475,0.7455,6253,2370,0.3227,0.3282,2412.0,0.44,1.017
28212,赤穂市,15039,1235,779.0,11211,0.7455,13390,7348,0.4886,0.4014,6059.0,0.538,0.822
39204,南国市,14857,2067,460.0,11066,0.7448,14427,8493,0.5716,0.2081,3091.0,0.279,0.364
03203,大船渡市,13050,1980,422.0,9716,0.7445,11916,6454,0.4946,0.2456,3206.0,0.33,0.497
01429,栗山町,4616,794,372.0,3434,0.7439,4044,1768,0.383,0.2483,1151.0,0.334,0.648
01404,神恵内村,441,68,415.0,328,0.7438,328,251,0.5692,0.4733,212.0,0.636,0.832
01564,大空町,2502,637,251.0,1860,0.7434,2294,1344,0.5372,0.1369,343.0,0.184,0.255
01544,津別町,1981,388,327.0,1471,0.7426,1762,1260,0.636,0.3586,709.0,0.483,0.564
28585,香美町,6507,891,467.0,4821,0.7409,5385,4248,0.6528,0.3892,2542.0,0.525,0.596
17211,能美市,12659,1273,636.0,9376,0.7407,11642,4956,0.3915,0.1783,2262.0,0.241,0.455
01455,比布町,1462,382,245.0,1082,0.7401,1236,900,0.6156,0.2887,422.0,0.39,0.469
19205,山梨市,11421,1608,455.0,8450,0.7399,10796,5118,0.4481,0.2974,3389.0,0.402,0.664
09386,高根沢町,7434,1724,276.0,5498,0.7396,6598,4455,0.5993,0.2653,1966.0,0.359,0.443
24216,伊賀市,29010,4231,439.0,21447,0.7393,26449,17635,0.6079,0.2474,7157.0,0.335,0.407
06208,村山市,8892,1165,488.0,6573,0.7392,8276,5142,0.5783,0.2184,1945.0,0.295,0.378
20415,喬木村,2128,397,343.0,1573,0.7392,1947,1206,0.5667,0.1704,362.0,0.23,0.301
23232,愛西市,19481,2051,608.0,14388,0.7386,16998,8743,0.4488,0.2981,5721.0,0.404,0.664
44206,臼杵市,14664,1969,477.0,10823,0.7381,12328,8186,0.5582,0.2483,3682.0,0.336,0.445
22306,西伊豆町,3557,333,684.0,2625,0.738,3019,1886,0.5302,0.4508,1647.0,0.611,0.85
01469,美深町,1696,365,297.0,1251,0.7376,1349,570,0.3361,0.2637,448.0,0.357,0.784
03205,花巻市,32251,7355,281.0,23782,0.7374,27933,17741,0.5501,0.1974,6361.0,0.268,0.359
15208,小千谷市,12072,1366,566.0,8900,0.7372,10041,5823,0.4824,0.199,2406.0,0.27,0.412
44462,玖珠町,5519,1143,309.0,4064,0.7364,4921,3414,0.6186,0.2604,1439.0,0.354,0.421
45204,日南市,19556,2547,491.0,14396,0.7361,17315,10899,0.5573,0.2943,5769.0,0.4,0.528
01648,陸別町,901,218,265.0,663,0.7358,749,578,0.6415,0.2439,216.0,0.331,0.38
01563,雄武町,1407,316,285.0,1035,0.7356,1335,869,0.6176,0.3231,459.0,0.439,0.523
01457,上川町,1547,270,367.0,1138,0.7356,1245,778,0.5029,0.2958,459.0,0.402,0.588
05203,横手市,33397,4990,428.0,24551,0.7351,31153,20317,0.6083,0.335,11188.0,0.456,0.551
07466,矢吹町,5451,973,359.0,4004,0.7345,4956,2750,0.5045,0.2074,1126.0,0.282,0.411
25203,長浜市,32353,3715,557.0,23762,0.7345,28482,18528,0.5727,0.3068,9925.0,0.418,0.536
41341,基山町,5524,449,787.0,4052,0.7335,5030,2425,0.439,0.2748,1469.0,0.375,0.626
41205,伊万里市,16922,2648,409.0,12408,0.7332,15072,9037,0.534,0.2159,3653.0,0.294,0.404
01364,乙部町,1531,215,456.0,1122,0.7329,1531,854,0.5578,0.4095,635.0,0.559,0.734
37404,多度津町,7182,757,607.0,5263,0.7328,6409,2443,0.3402,0.255,1847.0,0.348,0.75
46203,鹿屋市,29906,5674,337.0,21910,0.7326,26351,16423,0.5492,0.3647,10916.0,0.498,0.664
01427,由仁町,2056,651,202.0,1505,0.732,1702,1408,0.6848,0.2646,541.0,0.362,0.386
40210,八女市,22022,3245,434.0,16111,0.7316,19669,12060,0.5476,0.2796,6162.0,0.382,0.511
28205,洲本市,15087,2547,379.0,11036,0.7315,12863,7793,0.5165,0.4248,6444.0,0.581,0.822
42383,小値賀町,1162,169,440.0,850,0.7315,850,636,0.5473,0.6975,811.0,0.954,1.274
37205,観音寺市,19418,2520,493.0,14203,0.7314,16842,8713,0.4487,0.2174,4225.0,0.297,0.485
16205,氷見市,17333,2428,457.0,12672,0.7311,15660,9521,0.5493,0.2124,3694.0,0.291,0.387
46216,日置市,16604,3068,346.0,12140,0.7311,14706,9218,0.5552,0.3346,5563.0,0.458,0.603
39203,安芸市,6643,814,522.0,4853,0.7305,5865,4150,0.6247,0.2816,1869.0,0.385,0.451
01668,白糠町,3038,519,375.0,2219,0.7304,3038,1861,0.6126,0.2794,856.0,0.382,0.456
01438,沼田町,1242,282,282.0,907,0.7303,1019,852,0.686,0.3242,402.0,0.444,0.473
40642,吉富町,2094,222,604.0,1529,0.7302,1794,1017,0.4857,0.3162,669.0,0.433,0.651
08210,下妻市,12052,1994,387.0,8799,0.7301,11205,5977,0.4959,0.1644,1980.0,0.225,0.332
08220,つくば市,45669,7082,413.0,33334,0.7299,41678,21513,0.4711,0.3785,17297.0,0.519,0.804
01460,上富良野町,3311,585,362.0,2416,0.7297,2951,1458,0.4404,0.2736,907.0,0.375,0.621
34208,府中市,14406,1794,514.0,10511,0.7296,12512,7066,0.4905,0.2386,3429.0,0.327,0.486
34204,三原市,32173,4426,465.0,23451,0.7289,26700,17893,0.5561,0.2965,9541.0,0.407,0.533
36341,石井町,8195,1037,506.0,5973,0.7289,7481,4052,0.4944,0.2834,2324.0,0.389,0.573
43424,小国町,2781,654,272.0,2026,0.7285,2505,1830,0.658,0.2811,780.0,0.386,0.427
04208,角田市,9980,2166,295.0,7268,0.7283,8588,5497,0.5508,0.2144,2147.0,0.294,0.389
04505,美里町,8568,1186,462.0,6238,0.7281,8174,4419,0.5158,0.2642,2258.0,0.363,0.512
02205,五所川原市,18351,2237,525.0,13352,0.7276,16518,8345,0.4547,0.3773,6928.0,0.519,0.83
08564,利根町,6876,522,843.0,5001,0.7273,5869,3409,0.4958,0.2912,2010.0,0.4,0.587
35216,山陽小野田市,20438,2193,596.0,14855,0.7268,17217,9972,0.4879,0.2066,4225.0,0.284,0.423
32203,出雲市,51880,8283,401.0,37688,0.7264,44589,25207,0.4859,0.2499,12980.0,0.344,0.514
35210,光市,17773,1793,634.0,12901,0.7259,16343,8800,0.4951,0.2223,3965.0,0.306,0.449
10464,玉村町,9176,894,657.0,6656,0.7254,8602,4042,0.4405,0.2116,1949.0,0.292,0.48
22224,菊川市,12865,1971,418.0,9331,0.7253,10727,6447,0.5011,0.2628,3381.0,0.362,0.524
07207,須賀川市,21153,3318,408.0,15322,0.7243,19190,10418,0.4925,0.1884,3992.0,0.26,0.383
08227,筑西市,31888,5056,404.0,23073,0.7236,28982,17306,0.5427,0.2159,6909.0,0.298,0.398
01647,足寄町,2603,580,287.0,1883,0.7234,2188,1202,0.4618,0.2873,752.0,0.397,0.622
20382,辰野町,6969,877,509.0,5039,0.7231,5769,3550,0.5094,0.1917,1342.0,0.265,0.376
40381,芦屋町,4336,270,1028.0,3135,0.723,3470,2054,0.4737,0.3332,1454.0,0.461,0.703
07541,広野町,1542,398,248.0,1114,0.7224,1470,895,0.5804,0.3637,567.0,0.503,0.627
01303,当別町,5578,991,360.0,4028,0.7221,5414,3108,0.5572,0.3511,1950.0,0.486,0.63
01635,新得町,2185,458,305.0,1577,0.7217,1963,925,0.4233,0.2955,650.0,0.409,0.698
05210,由利本荘市,27786,4345,409.0,20053,0.7217,24270,14455,0.5202,0.3162,8785.0,0.438,0.608
07342,鏡石町,3418,582,376.0,2466,0.7215,2980,1254,0.3669,0.1607,553.0,0.223,0.438
11341,滑川町,4687,782,384.0,3379,0.7209,4518,2217,0.473,0.3211,1481.0,0.445,0.679
22222,伊豆市,11988,1850,415.0,8642,0.7209,10816,6381,0.5323,0.333,3996.0,0.462,0.626
47359,伊平屋村,329,70,301.0,237,0.7204,281,181,0.5502,0.3918,130.0,0.544,0.712
08214,高萩市,9916,1040,610.0,7137,0.7197,8909,4408,0.4445,0.2918,2889.0,0.405,0.656
45383,綾町,2542,459,354.0,1829,0.7195,2109,1509,0.5936,0.2266,579.0,0.315,0.382
10209,藤岡市,20506,2380,551.0,14746,0.7191,18210,8126,0.3963,0.2005,4108.0,0.279,0.506
26205,宮津市,7180,766,600.0,5162,0.7189,5956,3707,0.5163,0.3634,2633.0,0.505,0.704
21214,可児市,27843,2294,777.0,20017,0.7189,24430,12419,0.446,0.2729,7576.0,0.38,0.612
24343,朝日町,2134,195,700.0,1532,0.7179,1812,575,0.2694,0.277,583.0,0.386,1.028
03211,釜石市,12778,1280,639.0,9171,0.7177,11558,6016,0.4708,0.3258,4164.0,0.454,0.692
33203,津山市,30482,5294,369.0,21871,0.7175,26582,13917,0.4566,0.2939,8978.0,0.41,0.644
07208,喜多方市,16482,2485,424.0,11824,0.7174,14548,10106,0.6132,0.2168,3572.0,0.302,0.354
30427,北山村,184,45,262.0,132,0.7174,184,132,0.7174,0.5518,100.0,0.769,0.769
02208,むつ市,18155,2255,515.0,13022,0.7173,16283,7916,0.436,0.3752,6847.0,0.523,0.86
47358,北大東村,127,80,102.0,91,0.7165,100,62,0.4882,0.5698,72.0,0.795,1.167
01436,雨竜町,1015,257,253.0,727,0.7163,1015,644,0.6345,0.2476,250.0,0.346,0.39
01486,遠別町,1036,211,314.0,742,0.7162,842,397,0.3832,0.3053,316.0,0.426,0.797
26201,福知山市,22944,3501,419.0,16398,0.7147,19704,11884,0.518,0.3174,7292.0,0.444,0.613
04421,大和町,6577,1025,411.0,4700,0.7146,5764,2571,0.3909,0.2583,1679.0,0.361,0.661
33204,玉野市,21731,1716,810.0,15521,0.7142,19259,10504,0.4834,0.2872,6254.0,0.402,0.594
09214,さくら市,11715,2312,324.0,8364,0.714,11011,5749,0.4907,0.2781,3263.0,0.389,0.567
36202,鳴門市,19000,1977,615.0,13564,0.7139,16210,9868,0.5194,0.2988,5714.0,0.419,0.575
40228,朝倉市,17505,2448,458.0,12494,0.7137,15655,8732,0.4988,0.2928,5130.0,0.41,0.587
40384,遠賀町,6513,546,763.0,4647,0.7135,6005,3361,0.516,0.2849,1851.0,0.399,0.552
03216,滝沢市,14155,1826,496.0,10098,0.7134,12971,6838,0.4831,0.2519,3567.0,0.353,0.521
15212,村上市,22540,2541,568.0,16064,0.7127,19313,12599,0.559,0.2277,5149.0,0.319,0.407
01452,鷹栖町,2293,539,272.0,1633,0.7122,2031,933,0.4069,0.2716,617.0,0.381,0.667
01399,京極町,1110,227,313.0,790,0.7117,1110,753,0.6784,0.2714,302.0,0.381,0.4
16211,射水市,27724,2541,698.0,19720,0.7113,25186,12026,0.4338,0.217,6021.0,0.305,0.5
20321,軽井沢町,6163,1661,237.0,4383,0.7112,5585,3059,0.4963,0.2401,1476.0,0.338,0.484
15205,柏崎市,27312,3450,507.0,19425,0.7112,25074,13341,0.4885,0.2431,6661.0,0.342,0.498
39205,土佐市,9413,1189,507.0,6690,0.7107,8404,4886,0.5191,0.1855,1755.0,0.261,0.357
03215,奥州市,39989,9409,272.0,28403,0.7103,36258,21816,0.5456,0.2069,8275.0,0.291,0.379
12226,富津市,16068,2601,395.0,11407,0.7099,14542,8246,0.5132,0.2714,4375.0,0.382,0.529
30204,有田市,9263,804,737.0,6574,0.7097,8623,3546,0.3828,0.3226,2991.0,0.455,0.843
05214,にかほ市,9137,910,643.0,6484,0.7096,8045,4698,0.5142,0.3116,2848.0,0.439,0.606
21205,関市,26047,3250,513.0,18483,0.7096,23496,11768,0.4518,0.2629,6836.0,0.371,0.582
25213,東近江市,30175,3194,605.0,21409,0.7095,27048,16224,0.5377,0.3229,9754.0,0.455,0.601
20208,小諸市,13774,1902,463.0,9770,0.7093,11318,6114,0.4439,0.2045,2816.0,0.288,0.461
39303,田野町,1039,127,524.0,737,0.7093,1039,238,0.2291,0.2095,222.0,0.295,0.915
40211,筑後市,13547,1393,622.0,9597,0.7084,11888,5150,0.3802,0.2822,3762.0,0.398,0.742
40213,行橋市,21612,2165,639.0,15301,0.708,19026,8995,0.4162,0.3317,7180.0,0.468,0.797
01644,池田町,2725,572,305.0,1929,0.7079,2419,1521,0.5582,0.2652,727.0,0.375,0.475
04406,利府町,8624,688,802.0,6104,0.7078,7336,4052,0.4699,0.21,1816.0,0.297,0.447
24324,東員町,8101,621,835.0,5730,0.7073,7316,4045,0.4993,0.1778,1424.0,0.251,0.356
24341,菰野町,10516,1456,462.0,7433,0.7068,9639,5183,0.4929,0.208,2211.0,0.294,0.422
28215,三木市,26761,2642,648.0,18901,0.7063,23736,9917,0.3706,0.3324,8777.0,0.471,0.897
21212,土岐市,17699,1766,641.0,12493,0.7059,15029,8428,0.4762,0.2746,4858.0,0.389,0.577
17206,加賀市,22677,2205,658.0,16005,0.7058,20762,11246,0.4959,0.179,4059.0,0.254,0.361
27216,河内長野市,36027,1564,1474.0,25425,0.7057,32227,14153,0.3928,0.381,13723.0,0.54,0.97
01304,新篠津村,1134,360,202.0,800,0.7055,1029,606,0.5344,0.226,258.0,0.32,0.423
05204,大館市,26996,3051,566.0,19043,0.7054,24977,13675,0.5066,0.3731,10074.0,0.529,0.737
07421,会津坂下町,5520,739,478.0,3891,0.7049,4981,3018,0.5467,0.2024,1118.0,0.287,0.37
44205,佐伯市,27134,3342,520.0,19119,0.7046,22956,14834,0.5467,0.2764,7560.0,0.392,0.506
01513,中頓別町,660,139,304.0,465,0.7045,493,296,0.4485,0.3937,258.0,0.559,0.878
01454,当麻町,2669,678,252.0,1880,0.7044,1974,1357,0.5084,0.2834,754.0,0.402,0.557
39209,土佐清水市,6133,780,503.0,4319,0.7042,5045,3771,0.6149,0.3198,2002.0,0.454,0.52
40207,柳川市,21560,2399,575.0,15170,0.7036,19082,10901,0.5056,0.2875,6203.0,0.409,0.569
22213,掛川市,32091,4311,476.0,22562,0.7031,28076,13344,0.4158,0.2631,8431.0,0.374,0.633
18210,坂井市,25366,2714,598.0,17833,0.703,22404,11636,0.4587,0.3148,8007.0,0.448,0.686
01216,芦別市,6007,776,495.0,4221,0.7027,5462,2635,0.4387,0.3381,2027.0,0.481,0.771
18208,あわら市,9382,1119,537.0,6589,0.7023,8699,4653,0.4959,0.3,2805.0,0.427,0.605
03202,宮古市,19010,2615,465.0,13344,0.7019,16842,10228,0.538,0.3188,6070.0,0.454,0.593
08546,境町,7018,1309,343.0,4925,0.7018,6106,3250,0.4631,0.1898,1332.0,0.271,0.41
19204,都留市,8765,1079,520.0,6150,0.7017,7761,4242,0.484,0.3619,3174.0,0.516,0.748
08235,つくばみらい市,13176,1724,489.0,9241,0.7014,12209,6239,0.4735,0.3095,4071.0,0.441,0.654
46210,指宿市,15409,1803,547.0,10808,0.7014,13562,7605,0.4935,0.3799,5855.0,0.542,0.77
01463,占冠村,308,108,183.0,216,0.7013,308,238,0.7727,0.5478,167.0,0.781,0.709
30203,橋本市,20133,2017,639.0,14117,0.7012,18015,9372,0.4655,0.3303,6644.0,0.471,0.71
03206,北上市,25214,4715,342.0,17655,0.7002,23485,11692,0.4637,0.2452,6189.0,0.35,0.529
08205,石岡市,24109,4084,378.0,16870,0.6997,21178,11352,0.4709,0.2486,5960.0,0.355,0.528
20211,中野市,13651,1716,509.0,9551,0.6997,12470,6983,0.5115,0.186,2542.0,0.266,0.364
43204,荒尾市,18252,1633,715.0,12769,0.6996,15313,7787,0.4266,0.2872,5240.0,0.41,0.673
10344,榛東村,3784,685,354.0,2646,0.6993,3469,1546,0.4086,0.1544,583.0,0.221,0.378
15361,田上町,4219,437,618.0,2950,0.6992,3797,1407,0.3335,0.1931,817.0,0.276,0.579
16206,滑川市,9695,1467,423.0,6779,0.6992,8519,3947,0.4071,0.231,2251.0,0.33,0.567
15216,糸魚川市,16242,1854,561.0,11331,0.6976,13965,7539,0.4642,0.2581,4206.0,0.37,0.556
06213,南陽市,10339,1305,507.0,7206,0.697,9252,4573,0.4423,0.1833,1895.0,0.263,0.414
19208,南アルプス市,19304,2353,525.0,13453,0.6969,17256,7115,0.3686,0.2532,4887.0,0.363,0.687
29427,河合町,6769,336,1289.0,4717,0.6969,5989,1742,0.2573,0.3861,2538.0,0.554,1.5
12211,成田市,31394,3830,525.0,21868,0.6966,27430,13649,0.4348,0.2986,9360.0,0.429,0.687
21208,瑞浪市,11640,1775,420.0,8107,0.6965,10352,5605,0.4815,0.2857,3326.0,0.41,0.593
16207,黒部市,12506,1890,423.0,8709,0.6964,11292,6137,0.4907,0.2462,3081.0,0.353,0.502
07301,桑折町,4358,586,476.0,3032,0.6957,3955,2132,0.4892,0.198,861.0,0.285,0.405
17209,かほく市,10308,1107,596.0,7166,0.6952,9249,4108,0.3985,0.1686,1739.0,0.243,0.423
46218,霧島市,33781,5442,397.0,23483,0.6952,29225,16083,0.4761,0.3271,11090.0,0.471,0.687
29208,御所市,10170,1096,594.0,7060,0.6942,8536,4338,0.4265,0.3272,3305.0,0.471,0.767
38402,砥部町,6966,621,718.0,4836,0.6942,6352,2195,0.3151,0.2549,1781.0,0.367,0.809
40204,直方市,19085,1589,769.0,13237,0.6936,16653,8881,0.4653,0.325,6176.0,0.469,0.698
17361,津幡町,9006,998,578.0,6245,0.6934,8268,4914,0.5456,0.1557,1407.0,0.224,0.285
15222,上越市,61444,7571,519.0,42596,0.6932,54595,27136,0.4416,0.2197,13500.0,0.317,0.497
01228,深川市,8528,1338,408.0,5908,0.6928,7937,4066,0.4768,0.3482,2975.0,0.503,0.73
47302,大宜味村,1124,252,285.0,778,0.6922,939,630,0.5605,0.3529,404.0,0.51,0.63
42391,佐々町,3918,513,489.0,2711,0.6919,3138,1581,0.4035,0.3859,1514.0,0.558,0.956
19213,甲州市,10721,1664,412.0,7414,0.6915,9528,4313,0.4023,0.2785,2985.0,0.403,0.692
01631,音更町,12886,1537,537.0,8911,0.6915,11964,4647,0.3606,0.241,3111.0,0.349,0.668
40383,岡垣町,10295,826,798.0,7115,0.6911,9307,4032,0.3916,0.3494,3601.0,0.505,0.892
47311,恩納村,2587,390,425.0,1788,0.6911,2258,1238,0.4785,0.2798,733.0,0.405,0.585
28209,豊岡市,26473,3484,486.0,18269,0.6901,23780,13882,0.5244,0.3458,9170.0,0.501,0.659
01643,幕別町,8653,1209,458.0,5971,0.69,7543,3882,0.4486,0.1962,1699.0,0.284,0.437
41202,唐津市,38150,4653,525.0,26302,0.6894,32896,18803,0.4929,0.2415,9266.0,0.35,0.49
27361,熊取町,12428,573,1388.0,8565,0.6892,11091,4579,0.3684,0.3909,4865.0,0.567,1.061
19214,中央市,7543,750,644.0,5199,0.6892,6558,2307,0.3058,0.2892,2183.0,0.42,0.946
40205,飯塚市,39746,3620,703.0,27335,0.6877,34577,15903,0.4001,0.319,12675.0,0.464,0.797
22226,牧之原市,13773,2054,429.0,9463,0.6871,11655,6555,0.4759,0.2319,3208.0,0.337,0.487
12213,東金市,17091,2278,480.0,11738,0.6868,15856,7951,0.4652,0.2432,4174.0,0.354,0.523
45341,三股町,7245,827,561.0,4973,0.6864,6500,2865,0.3954,0.2245,1627.0,0.327,0.568
47306,今帰仁村,3020,689,281.0,2073,0.6864,2449,1628,0.5391,0.2564,774.0,0.374,0.476
19211,笛吹市,19838,2717,467.0,13602,0.6857,16993,7948,0.4006,0.2827,5618.0,0.412,0.706
05202,能代市,20769,2007,662.0,14218,0.6846,17386,7883,0.3796,0.3384,7028.0,0.494,0.892
28208,相生市,10401,830,802.0,7118,0.6844,9639,5004,0.4811,0.3574,3722.0,0.522,0.743
44322,姫島村,942,78,773.0,644,0.6837,644,469,0.4979,0.3566,336.0,0.522,0.716
42204,諫早市,40772,4528,576.0,27846,0.683,33912,17823,0.4371,0.3777,15448.0,0.553,0.864
41208,小城市,12600,1650,489.0,8600,0.6825,10175,5896,0.4679,0.1888,2379.0,0.277,0.404
24201,津市,80708,7486,690.0,55011,0.6816,70249,34078,0.4222,0.2413,19485.0,0.354,0.572
02441,三戸町,3760,726,331.0,2560,0.6809,3461,1879,0.4997,0.4004,1515.0,0.588,0.801
04206,白石市,11663,2130,350.0,7940,0.6808,10420,5858,0.5023,0.2405,2802.0,0.353,0.479
21404,池田町,6934,885,501.0,4721,0.6808,5811,2441,0.352,0.2459,1699.0,0.361,0.698
01639,更別村,977,303,206.0,665,0.6807,866,579,0.5926,0.2421,235.0,0.356,0.409
26214,木津川市,19182,1355,906.0,13057,0.6807,15637,7937,0.4138,0.3089,5927.0,0.454,0.746
01428,長沼町,3964,998,254.0,2697,0.6804,3831,1933,0.4876,0.2311,917.0,0.34,0.474
24543,紀北町,6633,728,583.0,4513,0.6804,5391,3457,0.5212,0.3136,2097.0,0.461,0.602
06302,中山町,3828,346,708.0,2604,0.6803,3763,2178,0.569,0.1767,678.0,0.26,0.311
08232,神栖市,22162,3642,389.0,15076,0.6803,20127,7672,0.3462,0.2654,5882.0,0.39,0.767
17202,七尾市,19220,2778,443.0,13072,0.6801,16010,9849,0.5124,0.2229,4317.0,0.328,0.435
15218,五泉市,17131,2083,526.0,11642,0.6796,15501,8121,0.4741,0.1702,2918.0,0.25,0.359
19430,富士河口湖町,6878,1030,427.0,4670,0.679,6309,2837,0.4125,0.2622,1799.0,0.386,0.636
20541,小布施町,3746,351,683.0,2543,0.6789,3462,1349,0.3601,0.2121,795.0,0.312,0.589
18204,小浜市,9207,1196,493.0,6249,0.6787,7583,4639,0.5039,0.3676,3411.0,0.542,0.73
47381,竹富町,899,249,231.0,610,0.6785,809,412,0.4583,0.513,464.0,0.756,1.119
20203,上田市,47117,5268,572.0,31939,0.6779,41709,19001,0.4033,0.2162,10191.0,0.319,0.536
29211,葛城市,10286,852,773.0,6972,0.6778,8765,3729,0.3625,0.3121,3227.0,0.461,0.861
02206,十和田市,20312,3087,421.0,13763,0.6776,18131,8929,0.4396,0.3569,7253.0,0.527,0.812
43211,宇土市,10833,1291,537.0,7337,0.6773,9990,5197,0.4797,0.276,3004.0,0.407,0.575
22302,河津町,2932,494,380.0,1985,0.677,2714,1708,0.5825,0.3907,1156.0,0.577,0.671
41207,鹿島市,9124,1265,462.0,6172,0.6765,8127,4540,0.4976,0.2024,1850.0,0.299,0.407
47315,伊江村,1419,269,338.0,960,0.6765,1142,602,0.4242,0.2653,378.0,0.392,0.625
21209,羽島市,18151,1891,614.0,12275,0.6763,16613,6809,0.3751,0.2513,4558.0,0.372,0.67
01638,中札内村,1118,301,238.0,756,0.6762,1061,469,0.4195,0.2618,293.0,0.387,0.624
04501,涌谷町,5767,1207,306.0,3897,0.6757,5314,3131,0.5429,0.226,1310.0,0.335,0.416
22305,松崎町,2948,373,506.0,1989,0.6747,2452,1489,0.5051,0.4035,1190.0,0.598,0.799
47328,中城村,4341,474,586.0,2929,0.6747,3781,2017,0.4646,0.2719,1118.0,0.403,0.585
01209,夕張市,3839,628,391.0,2588,0.6741,2863,1959,0.5103,0.4126,1579.0,0.612,0.809
25210,野洲市,13210,977,865.0,8905,0.6741,11816,6170,0.4671,0.3327,4388.0,0.494,0.712
01468,下川町,1257,270,298.0,847,0.6738,847,397,0.3158,0.307,386.0,0.456,0.972
45421,門川町,5915,564,671.0,3985,0.6737,4915,2214,0.3743,0.199,1183.0,0.295,0.532
08207,結城市,15155,2023,479.0,10208,0.6736,13589,6181,0.4079,0.2459,3784.0,0.365,0.603
38210,伊予市,11938,1621,471.0,8042,0.6736,9810,5208,0.4363,0.2668,3200.0,0.396,0.612
15213,燕市,24029,2162,711.0,16173,0.6731,20338,8923,0.3713,0.1661,3996.0,0.247,0.447
30404,上富田町,4081,636,411.0,2747,0.6731,3460,1732,0.4244,0.3362,1383.0,0.499,0.792
06211,東根市,13435,1510,569.0,9037,0.6726,11704,5560,0.4138,0.234,3145.0,0.348,0.565
01424,奈井江町,2169,336,413.0,1458,0.6722,1947,896,0.4131,0.259,567.0,0.385,0.627
11210,加須市,33302,4176,510.0,22378,0.672,30087,14923,0.4481,0.2465,8205.0,0.367,0.55
35206,防府市,35014,3155,710.0,23530,0.672,30587,13504,0.3857,0.1787,6260.0,0.266,0.463
39403,越知町,2448,329,476.0,1643,0.6712,2170,1127,0.4604,0.2633,643.0,0.392,0.572
11343,小川町,11083,1185,599.0,7437,0.671,10591,4524,0.4082,0.2568,2848.0,0.383,0.629
36203,小松島市,12588,1341,601.0,8447,0.671,11057,5243,0.4165,0.2749,3444.0,0.41,0.66
18205,大野市,11680,1539,486.0,7834,0.6707,9315,5091,0.4359,0.2869,3351.0,0.428,0.658
30428,串本町,6881,862,511.0,4612,0.6703,5922,4115,0.598,0.4796,3324.0,0.716,0.802
01636,清水町,3388,763,284.0,2269,0.6697,3032,1170,0.3453,0.243,823.0,0.363,0.704
45202,都城市,50725,6786,478.0,33948,0.6693,42614,21482,0.4235,0.2285,11576.0,0.341,0.54
20205,飯田市,31959,4407,464.0,21388,0.6692,27248,13017,0.4073,0.2059,6586.0,0.308,0.505
05363,八郎潟町,2417,243,637.0,1617,0.669,2304,1176,0.4866,0.39,966.0,0.583,0.801
01226,砂川市,6415,716,573.0,4291,0.6689,6026,1762,0.2747,0.3189,2042.0,0.477,1.161
11342,嵐山町,5879,651,578.0,3931,0.6687,5372,2541,0.4322,0.3095,1816.0,0.463,0.716
29207,五條市,10388,1776,374.0,6940,0.6681,8587,5420,0.5218,0.2507,2597.0,0.375,0.48
20207,須坂市,16002,1480,692.0,10680,0.6674,14084,6368,0.398,0.1952,3127.0,0.293,0.491
01233,伊達市,12594,1422,567.0,8400,0.667,11757,5081,0.4034,0.3386,4267.0,0.508,0.839
40503,大刀洗町,4445,565,504.0,2963,0.6666,4149,2220,0.4994,0.2891,1258.0,0.434,0.579
09209,真岡市,21226,4058,335.0,14135,0.6659,18260,9133,0.4303,0.2138,4535.0,0.321,0.497
09203,栃木市,49199,6899,456.0,32733,0.6653,43969,20989,0.4266,0.2557,12576.0,0.384,0.599
06209,長井市,9435,1560,387.0,6270,0.6645,8744,4369,0.4631,0.2249,2125.0,0.338,0.486
04445,加美町,8142,1635,319.0,5404,0.6637,7027,4079,0.501,0.2007,1633.0,0.302,0.401
15204,三条市,31251,3132,639.0,20728,0.6633,26122,11018,0.3526,0.1585,4955.0,0.239,0.45
46225,姶良市,23932,2490,615.0,15860,0.6627,21143,9489,0.3965,0.3201,7664.0,0.483,0.807
19423,西桂町,1229,141,558.0,814,0.6623,1229,480,0.3906,0.2814,346.0,0.425,0.721
40206,田川市,15819,1504,673.0,10459,0.6612,13632,4810,0.3041,0.3447,5494.0,0.521,1.134
09301,上三川町,7373,1417,333.0,4869,0.6604,6675,3150,0.4272,0.234,1699.0,0.354,0.548
20215,塩尻市,19157,2142,572.0,12649,0.6603,17332,7680,0.4009,0.2397,4592.0,0.363,0.598
04205,気仙沼市,23398,3883,386.0,15435,0.6597,20672,11892,0.5082,0.2876,6741.0,0.436,0.566
08443,阿見町,13402,1578,544.0,8838,0.6595,12185,5407,0.4034,0.2822,3770.0,0.428,0.699
34205,尾道市,47342,4845,625.0,31224,0.6595,41202,20734,0.438,0.3134,14930.0,0.475,0.716
39401,中土佐町,2882,519,355.0,1899,0.6589,1941,1575,0.5465,0.2755,798.0,0.418,0.504
25441,豊郷町,1994,238,536.0,1313,0.6585,1808,542,0.2718,0.3147,624.0,0.478,1.158
38206,西条市,34396,4050,544.0,22651,0.6585,29397,14308,0.416,0.2734,9406.0,0.415,0.657
35208,岩国市,46094,5230,564.0,30332,0.658,39012,19228,0.4171,0.2457,11332.0,0.373,0.589
46204,枕崎市,8175,933,561.0,5374,0.6574,6179,3754,0.4592,0.3261,2671.0,0.496,0.71
18209,越前市,23708,2704,561.0,15580,0.6572,20028,9851,0.4155,0.304,7216.0,0.463,0.732
01482,小平町,1201,273,282.0,789,0.657,1201,606,0.5046,0.4315,518.0,0.657,0.855
38203,宇和島市,27623,2961,597.0,18114,0.6558,23272,13149,0.476,0.3281,9251.0,0.5,0.689
01337,七飯町,9732,1170,532.0,6380,0.6556,8745,3340,0.3432,0.2544,2472.0,0.388,0.741
10345,吉岡町,5223,708,472.0,3424,0.6556,4797,2085,0.3992,0.2029,1058.0,0.31,0.508
20218,千曲市,19589,1856,675.0,12839,0.6554,16913,7270,0.3711,0.1867,3664.0,0.285,0.503
22216,袋井市,21133,2491,543.0,13847,0.6552,18241,8342,0.3947,0.2701,5756.0,0.412,0.684
26366,精華町,9088,576,1010.0,5953,0.655,8204,3031,0.3335,0.3576,3231.0,0.546,1.072
21204,多治見市,33320,2263,942.0,21805,0.6544,28527,14575,0.4374,0.2829,9428.0,0.432,0.647
07204,いわき市,102301,11351,577.0,66919,0.6541,90282,40984,0.4006,0.2517,25755.0,0.385,0.628
25204,近江八幡市,22471,1700,846.0,14697,0.654,18878,8402,0.3739,0.322,7244.0,0.492,0.861
40230,糸島市,29553,2764,684.0,19323,0.6538,23772,12916,0.437,0.3134,9270.0,0.479,0.717
28219,三田市,28831,2555,722.0,18838,0.6534,23533,11121,0.3857,0.3666,10577.0,0.561,0.95
03322,矢巾町,7365,1205,391.0,4808,0.6528,6466,3580,0.4861,0.2033,1498.0,0.311,0.418
45206,日向市,19298,1969,627.0,12598,0.6528,16464,7205,0.3734,0.2061,3971.0,0.316,0.552
01545,斜里町,3834,685,358.0,2502,0.6526,3073,1597,0.4165,0.2618,1005.0,0.401,0.628
24204,松阪市,47815,5145,595.0,31194,0.6524,41426,20050,0.4193,0.2161,10326.0,0.331,0.515
11206,行田市,24782,2189,725.0,16138,0.6512,20963,9604,0.3875,0.2295,5739.0,0.352,0.592
15461,湯沢町,2958,412,459.0,1926,0.6511,2844,1579,0.5338,0.3162,935.0,0.486,0.592
01637,芽室町,5528,997,355.0,3599,0.651,4671,2191,0.3963,0.1804,998.0,0.277,0.455
12210,茂原市,28788,3377,546.0,18738,0.6509,25397,11373,0.3951,0.2411,6937.0,0.37,0.61
09205,鹿沼市,28475,4732,385.0,18521,0.6504,24222,12974,0.4556,0.2375,6770.0,0.365,0.521
02426,佐井村,858,115,477.0,558,0.6503,688,528,0.6154,0.5713,490.0,0.878,0.928
08341,東海村,9494,1157,525.0,6172,0.6501,8948,3521,0.3709,0.2881,2741.0,0.443,0.777
04215,大崎市,38725,7116,348.0,25137,0.6491,34323,16697,0.4312,0.2492,9654.0,0.384,0.578
31201,鳥取市,54985,4977,707.0,35689,0.6491,46807,21207,0.3857,0.243,13360.0,0.374,0.63
18207,鯖江市,18778,1971,610.0,12176,0.6484,16340,6547,0.3487,0.2808,5268.0,0.433,0.805
02401,野辺地町,4713,533,566.0,3055,0.6482,4249,1634,0.3467,0.3994,1883.0,0.616,1.152
43202,八代市,42099,4805,561.0,27254,0.6474,35151,16617,0.3947,0.3271,13781.0,0.505,0.829
21216,瑞穂市,11886,1162,655.0,7693,0.6472,10876,3433,0.2888,0.2988,3535.0,0.462,1.035
01229,富良野市,7229,1191,388.0,4677,0.647,6230,2435,0.3368,0.2587,1877.0,0.4,0.768
06301,山辺町,4676,469,638.0,3024,0.6467,4036,1804,0.3858,0.1756,828.0,0.272,0.455
23442,東浦町,12797,763,1073.0,8275,0.6466,10633,3498,0.2733,0.2836,3640.0,0.439,1.037
27381,太子町,3865,243,1018.0,2497,0.6461,3541,1300,0.3364,0.3792,1458.0,0.587,1.127
01512,浜頓別町,1285,250,329.0,830,0.6459,1080,574,0.4467,0.3942,510.0,0.61,0.882
11218,深谷市,41020,4750,553.0,26495,0.6459,35080,14100,0.3437,0.2192,8961.0,0.339,0.638
01230,登別市,17262,1037,1065.0,11132,0.6449,14633,4351,0.2521,0.255,4408.0,0.395,1.012
18206,勝山市,8274,1038,510.0,5332,0.6444,6869,3719,0.4495,0.317,2624.0,0.492,0.705
29363,田原本町,9998,702,911.0,6441,0.6442,8187,3442,0.3443,0.2704,2693.0,0.42,0.785
12233,富里市,14177,1527,594.0,9128,0.6439,12411,5192,0.3662,0.2542,3568.0,0.395,0.694
43203,人吉市,11629,1432,520.0,7488,0.6439,9837,4871,0.4189,0.2711,3158.0,0.421,0.647
30209,岩出市,12742,984,829.0,8201,0.6436,11136,3307,0.2595,0.2765,3553.0,0.43,1.065
46219,いちき串木野市,10168,1262,516.0,6544,0.6436,8556,4015,0.3949,0.3098,3152.0,0.481,0.785
30202,海南市,17670,1710,661.0,11370,0.6435,15013,7457,0.422,0.3336,5912.0,0.518,0.791
35203,山口市,56284,7445,484.0,36216,0.6435,47944,25332,0.4501,0.2197,12343.0,0.341,0.488
47214,宮古島市,14058,2032,443.0,9039,0.643,10631,6561,0.4667,0.3186,4485.0,0.495,0.683
07212,南相馬市,20778,3879,343.0,13359,0.6429,18267,8679,0.4177,0.2405,5002.0,0.374,0.576
42322,川棚町,4342,548,507.0,2790,0.6426,3725,1995,0.4595,0.3718,1640.0,0.579,0.809
15206,新発田市,30644,3289,596.0,19683,0.6423,25944,12913,0.4214,0.193,5916.0,0.301,0.458
01221,名寄市,8756,1308,428.0,5613,0.641,8286,3057,0.3491,0.3307,2892.0,0.516,0.947
02204,黒石市,10906,1075,649.0,6985,0.6405,9271,3835,0.3516,0.3284,3593.0,0.513,0.934
13305,日の出町,6422,435,945.0,4113,0.6405,5320,2642,0.4114,0.4308,2816.0,0.673,1.047
29426,広陵町,8789,637,883.0,5629,0.6405,7680,2880,0.3277,0.3191,2824.0,0.498,0.974
01518,利尻町,812,161,323.0,520,0.6404,534,489,0.6022,0.4969,402.0,0.776,0.825
09216,下野市,14844,1929,492.0,9491,0.6394,12871,5774,0.389,0.2817,4201.0,0.441,0.724
11242,日高市,17965,1485,774.0,11485,0.6393,15161,5087,0.2832,0.28,5031.0,0.438,0.989
35207,下松市,16476,1292,816.0,10531,0.6392,15849,5710,0.3466,0.2175,3593.0,0.34,0.627
01406,古平町,1147,144,510.0,733,0.6391,733,614,0.5353,0.4637,535.0,0.726,0.866
22301,東伊豆町,5489,535,657.0,3508,0.6391,3936,2163,0.3941,0.4524,2496.0,0.708,1.148
44203,中津市,24804,3654,434.0,15852,0.6391,21557,9513,0.3835,0.2945,7313.0,0.461,0.768
34202,呉市,74806,4347,1101.0,47792,0.6389,61805,32072,0.4287,0.3365,25477.0,0.527,0.785
06207,上山市,11500,1200,613.0,7343,0.6385,10602,5683,0.4942,0.2118,2411.0,0.332,0.429
45401,高鍋町,6502,905,460.0,4146,0.6376,5643,3057,0.4702,0.236,1534.0,0.37,0.502
11238,蓮田市,19911,1149,1109.0,12689,0.6373,16765,4712,0.2367,0.3105,6179.0,0.487,1.312
38401,松前町,9282,758,784.0,5913,0.637,8376,3032,0.3267,0.2868,2658.0,0.45,0.878
11216,羽生市,15840,1974,514.0,10085,0.6367,13758,7259,0.4583,0.2354,3724.0,0.37,0.514
42203,島原市,15326,1681,584.0,9758,0.6367,11785,5723,0.3734,0.3952,6135.0,0.621,1.058
37204,善通寺市,9733,1286,484.0,6189,0.6359,8581,3967,0.4076,0.2583,2497.0,0.406,0.634
31203,倉吉市,16080,1993,516.0,10207,0.6348,13663,7128,0.4433,0.2419,3879.0,0.381,0.546
17210,白山市,30854,2626,752.0,19567,0.6342,26673,11926,0.3865,0.1428,4413.0,0.225,0.369
01470,音威子府村,213,63,216.0,135,0.6338,135,105,0.493,0.4198,87.0,0.662,0.852
43216,合志市,15162,1235,786.0,9606,0.6336,12620,5859,0.3864,0.2607,3899.0,0.411,0.675
23216,常滑市,14658,1218,770.0,9284,0.6334,12538,4555,0.3108,0.3456,5092.0,0.546,1.112
22211,磐田市,47577,4727,644.0,30129,0.6333,41475,18191,0.3823,0.2685,12775.0,0.424,0.702
29344,斑鳩町,8339,419,1274.0,5280,0.6332,7046,1492,0.1789,0.3062,2570.0,0.484,1.711
29203,大和郡山市,27523,1343,1312.0,17414,0.6327,22968,8415,0.3057,0.2895,7904.0,0.458,0.947
12329,栄町,7820,684,732.0,4946,0.6325,6840,3139,0.4014,0.2411,1890.0,0.381,0.601
30421,那智勝浦町,6155,717,549.0,3888,0.6317,4920,2928,0.4757,0.4668,2894.0,0.739,0.981
11207,秩父市,20435,2734,478.0,12907,0.6316,17944,7928,0.388,0.2186,4447.0,0.346,0.564
21217,飛騨市,9098,1280,455.0,5746,0.6316,7306,4433,0.4872,0.3184,2898.0,0.504,0.653
44204,日田市,22382,3226,444.0,14128,0.6312,18064,10104,0.4514,0.2465,5517.0,0.391,0.546
17203,小松市,30477,2846,685.0,19230,0.631,25823,12655,0.4152,0.1764,5370.0,0.28,0.425
34307,熊野町,8132,603,863.0,5130,0.6308,6548,3054,0.3756,0.2424,1972.0,0.384,0.645
47313,宜野座村,1486,276,345.0,937,0.6306,1132,388,0.2611,0.2457,366.0,0.39,0.941
12230,八街市,20879,2612,512.0,13161,0.6303,17954,7563,0.3622,0.2143,4481.0,0.34,0.592
06321,河北町,6654,655,650.0,4191,0.6298,5968,2766,0.4157,0.1966,1305.0,0.312,0.473
23215,犬山市,21397,1419,965.0,13470,0.6295,19316,7693,0.3595,0.3422,7329.0,0.544,0.952
37203,坂出市,18173,1889,616.0,11439,0.6295,15792,6997,0.385,0.2299,4177.0,0.365,0.597
13421,小笠原村,413,96,275.0,260,0.6295,260,204,0.4939,0.7287,301.0,1.158,1.475
09364,野木町,8282,781,679.0,5212,0.6293,7440,2614,0.3156,0.2706,2191.0,0.43,0.857
24207,鈴鹿市,47978,4438,692.0,30179,0.629,41922,17257,0.3597,0.2265,10867.0,0.36,0.63
40216,小郡市,16689,1234,866.0,10480,0.628,14142,6276,0.3761,0.3481,5859.0,0.554,0.926
21213,各務原市,41007,2716,966.0,25697,0.6266,35363,13036,0.3179,0.2747,11250.0,0.438,0.864
10206,沼田市,15498,2281,435.0,9702,0.626,13105,5860,0.3781,0.2071,3208.0,0.331,0.548
29204,天理市,16885,1508,717.0,10559,0.6253,15219,5808,0.344,0.3612,6096.0,0.578,1.05
39363,土佐町,1802,423,273.0,1125,0.6243,1133,898,0.4983,0.2306,415.0,0.369,0.463
24344,川越町,2773,283,627.0,1731,0.6242,2597,797,0.2874,0.2769,789.0,0.444,0.963
39212,香美市,10100,1558,415.0,6302,0.624,8279,4647,0.4601,0.325,3290.0,0.521,0.706
38215,東温市,10246,1398,469.0,6380,0.6227,9090,3794,0.3703,0.3186,3255.0,0.512,0.86
02202,弘前市,53921,4570,755.0,33556,0.6223,46662,19269,0.3574,0.3532,19047.0,0.568,0.988
01481,増毛町,1723,298,370.0,1072,0.6222,1501,740,0.4295,0.3639,629.0,0.585,0.847
01211,網走市,11256,1412,510.0,7001,0.622,9499,4396,0.3905,0.318,3580.0,0.511,0.814
01692,中標津町,6151,1084,363.0,3825,0.6219,5557,2246,0.3651,0.2595,1596.0,0.417,0.711
29209,生駒市,33372,1635,1306.0,20748,0.6217,26852,9336,0.2798,0.331,11065.0,0.532,1.183
01393,黒松内町,1085,270,257.0,674,0.6212,957,638,0.588,0.4028,444.0,0.648,0.685
21203,高山市,28096,3937,457.0,17451,0.6211,22517,12322,0.4386,0.2641,7420.0,0.425,0.602
30205,御坊市,7350,833,565.0,4538,0.6174,6156,2833,0.3854,0.3092,2267.0,0.501,0.802
38202,今治市,53714,5594,615.0,33092,0.6161,45432,21947,0.4086,0.2995,16164.0,0.486,0.733
08208,龍ケ崎市,22199,1804,788.0,13664,0.6155,19122,7335,0.3304,0.297,6568.0,0.483,0.899
15202,長岡市,83365,8218,649.0,51307,0.6155,67698,34122,0.4093,0.2234,18621.0,0.363,0.546
37202,丸亀市,31404,3477,578.0,19302,0.6146,25569,9926,0.3161,0.2283,7178.0,0.371,0.722
12225,君津市,26378,2948,573.0,16194,0.6139,23303,10419,0.395,0.2486,6554.0,0.405,0.629
35201,下関市,90264,7472,773.0,55257,0.6122,72897,30819,0.3414,0.2498,22561.0,0.408,0.732
22221,湖西市,16029,1530,670.0,9811,0.6121,12873,5037,0.3142,0.2563,4118.0,0.419,0.815
15211,見附市,12944,1106,749.0,7918,0.6117,11020,5620,0.4342,0.17,2199.0,0.278,0.391
38204,八幡浜市,12931,1139,727.0,7894,0.6105,10212,5364,0.4148,0.3097,4056.0,0.507,0.747
12205,館山市,17744,2166,524.0,10828,0.6102,14694,6434,0.3626,0.2813,4988.0,0.461,0.776
16204,魚津市,13799,1632,541.0,8414,0.6098,11915,5931,0.4298,0.2215,3080.0,0.363,0.515
26202,舞鶴市,25432,2310,705.0,15505,0.6097,20869,9612,0.3779,0.2972,7559.0,0.487,0.786
09204,佐野市,35517,4297,529.0,21603,0.6082,29813,12818,0.3609,0.2745,9776.0,0.451,0.76
36402,北島町,5771,420,879.0,3507,0.6077,4796,1187,0.2057,0.2159,1252.0,0.355,1.05
22208,伊東市,27965,2519,711.0,16959,0.6064,20536,10985,0.3928,0.3602,10072.0,0.594,0.917
43403,大津町,7626,1000,488.0,4624,0.6063,6538,3036,0.3981,0.283,2160.0,0.467,0.711
09361,壬生町,11446,1806,406.0,6939,0.6062,9422,4285,0.3744,0.2574,2946.0,0.425,0.688
01212,留萌市,7406,621,763.0,4489,0.6061,5728,2842,0.3837,0.3345,2484.0,0.552,0.872
35202,宇部市,53846,4490,768.0,32621,0.6058,44048,18040,0.335,0.2077,11217.0,0.343,0.62
01223,根室市,8646,1132,489.0,5238,0.6058,7783,2987,0.3455,0.2792,2414.0,0.461,0.808
01633,上士幌町,1686,369,292.0,1021,0.6056,1433,788,0.4674,0.2571,435.0,0.425,0.55
14217,南足柄市,13461,912,945.0,8147,0.6052,11638,4366,0.3243,0.2796,3757.0,0.462,0.862
15209,加茂市,9398,879,684.0,5688,0.6052,8408,3599,0.383,0.1898,1776.0,0.314,0.496
24202,四日市市,78808,5651,893.0,47698,0.6052,66545,23836,0.3025,0.2322,18259.0,0.384,0.768
01225,滝川市,13831,1400,632.0,8369,0.6051,12255,3847,0.2781,0.3277,4529.0,0.542,1.178
11465,松伏町,8451,566,956.0,5113,0.605,7156,2622,0.3103,0.254,2135.0,0.42,0.819
36403,藍住町,9043,768,754.0,5470,0.6049,7127,2290,0.2532,0.256,2302.0,0.423,1.011
35215,周南市,44783,4609,622.0,27078,0.6046,38113,18752,0.4187,0.2298,10280.0,0.38,0.549
32201,松江市,59428,6421,592.0,35899,0.6041,47738,22812,0.3839,0.2661,15831.0,0.44,0.693
23501,幸田町,9168,953,616.0,5536,0.6038,8110,3035,0.331,0.2875,2644.0,0.476,0.868
09213,那須塩原市,31959,6094,336.0,19290,0.6036,27111,12086,0.3782,0.2371,7591.0,0.393,0.627
46222,奄美市,13378,1045,819.0,8071,0.6033,9847,5791,0.4329,0.3824,5140.0,0.634,0.883
01234,北広島市,19264,1173,1051.0,11611,0.6027,16652,6213,0.3225,0.2957,5730.0,0.491,0.917
11464,杉戸町,14442,1068,865.0,8701,0.6025,11543,4869,0.3371,0.2561,3689.0,0.425,0.76
06202,米沢市,25270,3035,533.0,15218,0.6022,20600,8889,0.3518,0.2333,5894.0,0.387,0.663
29206,桜井市,17416,1409,791.0,10481,0.6018,13413,4871,0.2797,0.3065,5361.0,0.509,1.096
01543,美幌町,6709,857,501.0,4036,0.6016,6261,1568,0.2337,0.2358,1583.0,0.392,1.009
01661,釧路町,5644,615,587.0,3393,0.6012,4537,1936,0.343,0.1786,1019.0,0.297,0.521
01487,天塩町,1099,263,267.0,660,0.6005,994,495,0.4504,0.3128,343.0,0.521,0.694
20361,下諏訪町,7341,394,1192.0,4404,0.5999,6187,2812,0.3831,0.2231,1642.0,0.372,0.582
08202,日立市,56480,3686,981.0,33870,0.5997,48818,15436,0.2733,0.2813,15898.0,0.469,1.029
16202,高岡市,54985,4884,721.0,32927,0.5988,46584,17604,0.3202,0.2151,11822.0,0.359,0.672
40621,苅田町,8913,780,731.0,5337,0.5988,8134,2560,0.2872,0.3613,3208.0,0.603,1.258
01423,南幌町,2552,544,300.0,1528,0.5987,2270,859,0.3366,0.2059,526.0,0.344,0.612
08204,古河市,39732,4342,586.0,23770,0.5983,35244,10741,0.2703,0.2623,10411.0,0.438,0.97
07201,福島市,84407,8228,657.0,50492,0.5982,70405,27008,0.32,0.2561,21590.0,0.428,0.8
34213,廿日市市,34832,2497,893.0,20834,0.5981,29462,11797,0.3387,0.2592,9061.0,0.433,0.765
11326,毛呂山町,11545,823,898.0,6903,0.5979,9439,2220,0.1923,0.3162,3666.0,0.529,1.644
06203,鶴岡市,42957,4641,592.0,25652,0.5972,36657,18527,0.4313,0.2232,9597.0,0.374,0.517
38213,四国中央市,26613,3000,568.0,15874,0.5965,22646,9420,0.354,0.2477,6602.0,0.415,0.7
10212,みどり市,14925,1886,506.0,8902,0.5964,12953,3979,0.2666,0.1777,2636.0,0.298,0.667
43442,嘉島町,2552,329,496.0,1521,0.596,2176,716,0.2806,0.2414,611.0,0.405,0.861
04214,東松島市,11608,1499,496.0,6917,0.5959,9949,3890,0.3351,0.2627,3044.0,0.441,0.784
11202,熊谷市,57348,5021,731.0,34164,0.5957,48357,19677,0.3431,0.2364,13536.0,0.397,0.689
01236,北斗市,13328,1412,604.0,7924,0.5945,11059,4253,0.3191,0.2162,2883.0,0.364,0.678
20202,松本市,66723,6481,659.0,39639,0.5941,56291,21757,0.3261,0.2495,16631.0,0.42,0.765
08224,守谷市,15767,1111,908.0,9351,0.5931,13045,3786,0.2401,0.2958,4687.0,0.499,1.232
01210,岩見沢市,28846,3100,596.0,17104,0.5929,25346,9259,0.321,0.3404,9831.0,0.574,1.061
23213,西尾市,43386,4286,648.0,25710,0.5926,35819,13446,0.3099,0.23,9977.0,0.388,0.742
08203,土浦市,40955,3518,745.0,24264,0.5925,34294,9951,0.243,0.2698,11035.0,0.455,1.11
11327,越生町,3983,582,438.0,2349,0.5898,3639,1691,0.4246,0.2856,1138.0,0.484,0.673
01400,倶知安町,3735,685,349.0,2196,0.588,3377,1467,0.3928,0.3027,1130.0,0.515,0.771
40544,広川町,5999,670,573.0,3519,0.5866,5649,2377,0.3962,0.318,1909.0,0.542,0.803
26206,亀岡市,25966,2138,777.0,15231,0.5866,20572,7517,0.2895,0.2575,6684.0,0.439,0.889
02207,三沢市,10294,1297,508.0,6038,0.5866,8959,3614,0.3511,0.344,3573.0,0.587,0.98
01408,余市町,7218,838,551.0,4233,0.5865,5803,1277,0.1769,0.3334,2421.0,0.569,1.884
47215,南城市,11498,1230,598.0,6741,0.5863,9155,4244,0.3691,0.2419,2759.0,0.413,0.655
09202,足利市,47103,4092,737.0,27584,0.5856,39698,13935,0.2958,0.2772,13037.0,0.473,0.937
14364,山北町,3882,406,612.0,2273,0.5855,3501,1635,0.4212,0.2948,1142.0,0.504,0.7
11385,上里町,8320,930,573.0,4870,0.5853,7314,2806,0.3373,0.1943,1617.0,0.332,0.576
20206,諏訪市,15050,1223,788.0,8807,0.5852,12179,3938,0.2617,0.2112,3175.0,0.361,0.807
45203,延岡市,40465,3536,732.0,23674,0.585,32777,14049,0.3472,0.2655,10808.0,0.454,0.765
33423,早島町,3602,279,826.0,2106,0.5847,3055,1229,0.3412,0.3328,1143.0,0.569,0.976
23361,大口町,5799,523,710.0,3389,0.5844,5302,906,0.1562,0.2852,1646.0,0.488,1.826
23235,弥富市,11172,1217,588.0,6526,0.5841,9887,3880,0.3473,0.315,3547.0,0.539,0.907
42202,佐世保市,76909,7041,699.0,44913,0.584,62374,26706,0.3472,0.3857,29763.0,0.66,1.111
10205,太田市,58046,6338,586.0,33879,0.5837,52006,16679,0.2873,0.2143,12441.0,0.367,0.746
40341,宇美町,10322,599,1103.0,6025,0.5837,8470,2883,0.2793,0.2374,2471.0,0.407,0.85
10207,館林市,22132,2097,675.0,12915,0.5835,18724,6724,0.3038,0.2141,4732.0,0.367,0.705
26343,井手町,2528,172,941.0,1475,0.5835,2100,872,0.3449,0.4353,1115.0,0.746,1.262
12231,印西市,23730,2372,640.0,13845,0.5834,19037,8348,0.3518,0.2584,6124.0,0.443,0.735
23220,稲沢市,37247,3126,763.0,21697,0.5825,32547,10017,0.2689,0.3298,12296.0,0.566,1.226
27228,泉南市,17750,886,1282.0,10326,0.5817,16638,5317,0.2995,0.4074,7242.0,0.7,1.36
40344,須惠町,7788,437,1141.0,4528,0.5814,6791,1270,0.1631,0.2356,1848.0,0.405,1.444
24205,桑名市,37029,2825,839.0,21482,0.5801,29995,10014,0.2704,0.2506,9293.0,0.432,0.927
10204,伊勢崎市,53124,5497,619.0,30799,0.5798,44194,12869,0.2422,0.1927,10227.0,0.332,0.795
24203,伊勢市,39044,2996,834.0,22621,0.5794,30674,13251,0.3394,0.2173,8496.0,0.375,0.64
04207,名取市,18105,1720,674.0,10485,0.5791,14986,4993,0.2758,0.2264,4048.0,0.391,0.821
06205,新庄市,11402,1445,505.0,6601,0.5789,10465,4483,0.3932,0.2218,2522.0,0.383,0.564
23446,美浜町,6797,704,618.0,3927,0.5778,5649,2361,0.3474,0.3732,2545.0,0.646,1.074
16201,富山市,122794,11082,709.0,70820,0.5767,104174,38081,0.3101,0.2462,30223.0,0.427,0.794
12219,市原市,78622,6627,759.0,45342,0.5767,66753,26087,0.3318,0.2878,22639.0,0.499,0.867
34207,福山市,132011,10288,821.0,75982,0.5756,107853,45883,0.3476,0.2287,30228.0,0.397,0.658
34211,大竹市,9331,606,985.0,5363,0.5748,8198,3379,0.3621,0.3188,2999.0,0.555,0.88
43443,益城町,9734,735,848.0,5594,0.5747,7609,2833,0.291,0.2282,2223.0,0.397,0.784
23302,東郷町,10473,679,987.0,6018,0.5746,9676,1339,0.1279,0.2671,2726.0,0.465,2.089
01214,稚内市,11027,1080,653.0,6327,0.5738,9369,3023,0.2741,0.3433,3785.0,0.598,1.252
47360,伊是名村,408,85,307.0,234,0.5735,318,182,0.4461,0.4244,173.0,0.74,0.951
01484,羽幌町,2817,369,489.0,1612,0.5722,2445,609,0.2162,0.2873,814.0,0.502,1.329
01219,紋別市,7700,911,541.0,4404,0.5719,6208,1785,0.2318,0.3124,2405.0,0.546,1.348
47314,金武町,3011,281,686.0,1722,0.5719,2537,781,0.2594,0.3466,1042.0,0.606,1.336
01361,江差町,2798,372,481.0,1600,0.5718,2636,1175,0.4199,0.3721,1059.0,0.651,0.886
41201,佐賀市,64863,5876,706.0,37059,0.5713,53900,19801,0.3053,0.2428,15735.0,0.425,0.795
47354,座間味村,179,42,273.0,102,0.5698,118,102,0.5698,0.6077,114.0,1.067,1.067
22207,富士宮市,37931,4337,560.0,21595,0.5693,31740,11996,0.3163,0.2625,9955.0,0.461,0.83
22325,函南町,12147,991,784.0,6912,0.569,10414,4911,0.4043,0.2985,3602.0,0.525,0.738
13363,新島村,967,139,445.0,550,0.5688,587,349,0.3609,0.5058,489.0,0.889,1.401
10202,高崎市,105143,9331,721.0,59742,0.5682,89597,29976,0.2851,0.2401,25214.0,0.422,0.842
22209,島田市,30148,2782,694.0,17128,0.5681,23064,9591,0.3181,0.2429,7331.0,0.428,0.764
08219,牛久市,24559,1647,954.0,13947,0.5679,19609,7620,0.3103,0.2616,6426.0,0.461,0.843
06210,天童市,18778,1722,698.0,10653,0.5673,15526,6966,0.371,0.1722,3231.0,0.304,0.464
22205,熱海市,16341,921,1136.0,9267,0.5671,12038,5512,0.3373,0.4409,7220.0,0.777,1.307
47308,本部町,4091,771,340.0,2316,0.5661,2939,1686,0.4121,0.2958,1215.0,0.523,0.718
25208,栗東市,13261,1080,786.0,7488,0.5647,11389,2416,0.1822,0.2888,3795.0,0.512,1.585
01205,室蘭市,30325,1868,1039.0,17123,0.5646,26019,9295,0.3065,0.3516,10663.0,0.623,1.147
21211,美濃加茂市,12737,1858,439.0,7168,0.5628,11831,4520,0.3549,0.2591,3346.0,0.46,0.73
12229,袖ケ浦市,17024,1758,620.0,9572,0.5623,13480,5146,0.3023,0.2321,3960.0,0.413,0.768
31202,米子市,42375,3252,834.0,23826,0.5623,36114,10609,0.2504,0.2425,10266.0,0.431,0.969
04323,柴田町,11001,1077,654.0,6175,0.5613,9030,3091,0.281,0.2327,2567.0,0.415,0.828
01203,小樽市,45382,2297,1264.0,25433,0.5604,35187,11775,0.2595,0.3553,16141.0,0.634,1.369
47357,南大東村,316,154,131.0,177,0.5601,177,142,0.4494,0.3631,115.0,0.648,0.808
40224,福津市,18897,1190,1016.0,10554,0.5585,15360,5734,0.3034,0.3277,6190.0,0.587,1.08
12206,木更津市,37386,3058,782.0,20878,0.5584,32735,10184,0.2724,0.2834,10592.0,0.508,1.041
11209,飯能市,25282,2029,797.0,14100,0.5577,22668,7355,0.2909,0.3196,8054.0,0.573,1.098
28217,川西市,48975,1483,2114.0,27308,0.5576,39877,10840,0.2213,0.3568,17553.0,0.64,1.612
23211,豊田市,97455,10285,606.0,54252,0.5567,84771,28994,0.2975,0.2594,25264.0,0.466,0.872
47329,西原町,7600,479,1015.0,4224,0.5558,5894,1110,0.1461,0.224,1683.0,0.403,1.534
47382,与那国町,360,63,366.0,200,0.5556,227,121,0.3361,0.5296,191.0,0.953,1.576
23237,あま市,22772,1319,1105.0,12613,0.5539,19467,4102,0.1801,0.2904,6689.0,0.524,1.612
40223,古賀市,15854,908,1117.0,8764,0.5528,13067,3652,0.2304,0.3005,4883.0,0.544,1.305
04202,石巻市,46478,4926,604.0,25679,0.5525,37506,14504,0.3121,0.2411,11213.0,0.436,0.773
42307,長与町,11216,734,978.0,6196,0.5524,9322,2796,0.2493,0.3526,3916.0,0.638,1.415
23441,阿久比町,7618,609,801.0,4197,0.5509,6988,1791,0.2351,0.2824,2122.0,0.513,1.201
25207,守山市,18019,1192,967.0,9916,0.5503,14171,4360,0.242,0.2615,4732.0,0.475,1.081
25202,彦根市,28311,2194,826.0,15576,0.5502,23262,8307,0.2934,0.3073,8696.0,0.559,1.047
01610,新ひだか町,7580,1312,370.0,4165,0.5495,6458,2832,0.3736,0.3033,2308.0,0.552,0.812
12202,銚子市,22009,1824,772.0,12092,0.5494,16696,6779,0.308,0.2443,5389.0,0.445,0.793
47301,国頭村,1539,270,365.0,843,0.5478,1016,475,0.3086,0.3421,530.0,0.625,1.108
22214,藤枝市,42621,3090,883.0,23323,0.5472,36475,10532,0.2471,0.2577,10980.0,0.471,1.043
22225,伊豆の国市,15735,1515,665.0,8602,0.5467,13299,5149,0.3272,0.3246,5112.0,0.594,0.992
33100,岡山市,185457,15273,777.0,101398,0.5467,144030,51903,0.2799,0.311,57755.0,0.569,1.111
14382,箱根町,4120,639,413.0,2251,0.5464,3309,1440,0.3495,0.4139,1705.0,0.758,1.184
10201,前橋市,96170,9765,630.0,52503,0.5459,80137,22687,0.2359,0.2179,21007.0,0.399,0.924
27232,阪南市,17047,759,1437.0,9290,0.545,14821,4168,0.2445,0.3979,6793.0,0.73,1.628
23203,一宮市,102453,5798,1131.0,55827,0.5449,87543,22139,0.2161,0.3017,30936.0,0.554,1.396
09208,小山市,41774,4741,564.0,22756,0.5447,34891,13237,0.3169,0.282,11781.0,0.518,0.89
20204,岡谷市,16545,1039,1019.0,9006,0.5443,13518,3725,0.2251,0.1853,3062.0,0.34,0.823
22215,御殿場市,22154,2478,572.0,12034,0.5432,18289,6004,0.271,0.2562,5683.0,0.472,0.946
12322,酒々井町,6704,493,870.0,3640,0.543,5704,1233,0.1839,0.2647,1803.0,0.488,1.439
41203,鳥栖市,18007,1359,848.0,9772,0.5427,14782,3929,0.2182,0.2719,4877.0,0.501,1.246
25201,大津市,90523,4761,1217.0,49066,0.542,70659,24840,0.2744,0.3503,31730.0,0.646,1.277
20201,長野市,108233,9203,753.0,58665,0.542,93028,27791,0.2568,0.231,25004.0,0.426,0.9
04401,松島町,5189,706,470.0,2807,0.541,4766,1532,0.2952,0.2977,1552.0,0.55,1.008
14383,真鶴町,2915,171,1091.0,1577,0.541,2387,1089,0.3736,0.348,1017.0,0.643,0.932
30206,田辺市,23434,3124,480.0,12649,0.5398,18655,9221,0.3935,0.3402,7971.0,0.63,0.865
21202,大垣市,43357,3503,792.0,23356,0.5387,36594,11035,0.2545,0.2623,11402.0,0.487,1.031
40215,中間市,15194,638,1524.0,8184,0.5386,13074,3039,0.2,0.3044,4598.0,0.565,1.522
24209,尾鷲市,7040,504,894.0,3786,0.5378,5641,2766,0.3929,0.2859,2036.0,0.532,0.728
06206,寒河江市,12857,1230,669.0,6908,0.5373,11036,3924,0.3052,0.1749,2249.0,0.325,0.573
12208,野田市,47075,3497,862.0,25294,0.5373,39145,11602,0.2465,0.2391,11250.0,0.445,0.97
08221,ひたちなか市,40236,3475,741.0,21581,0.5364,33370,9219,0.2291,0.2653,10673.0,0.495,1.158
28464,太子町,9131,729,802.0,4891,0.5356,7642,2110,0.2311,0.2946,2665.0,0.55,1.275
11212,東松山市,25963,2190,759.0,13900,0.5354,21963,6082,0.2343,0.2497,6490.0,0.466,1.066
47325,嘉手納町,3247,115,1807.0,1738,0.5353,2514,539,0.166,0.1825,597.0,0.341,1.1
04404,七ヶ浜町,5666,416,872.0,3030,0.5348,5190,2152,0.3798,0.2545,1436.0,0.476,0.67
40202,大牟田市,41240,2292,1152.0,21982,0.533,32186,7494,0.1817,0.297,12263.0,0.557,1.634
22206,三島市,31578,1527,1324.0,16810,0.5323,24175,7597,0.2406,0.2884,9134.0,0.542,1.199
31204,境港市,10729,767,895.0,5695,0.5308,8439,3105,0.2894,0.2345,2518.0,0.442,0.81
01562,西興部村,377,87,277.0,200,0.5305,377,150,0.3979,0.4215,157.0,0.795,1.059
22220,裾野市,13680,1307,670.0,7254,0.5303,11902,3659,0.2675,0.2741,3746.0,0.517,1.025
12212,佐倉市,55261,2638,1341.0,29252,0.5293,44016,14897,0.2696,0.2987,16429.0,0.564,1.108
33202,倉敷市,125582,9782,822.0,66339,0.5283,103203,33706,0.2684,0.2743,34432.0,0.519,1.022
37201,高松市,115196,10147,727.0,60841,0.5282,90857,31500,0.2734,0.2657,30623.0,0.503,0.972
23230,日進市,18248,1339,872.0,9611,0.5267,15245,4202,0.2303,0.2948,5319.0,0.56,1.28
11211,本庄市,22694,2181,666.0,11935,0.5259,19431,5118,0.2255,0.2117,4798.0,0.403,0.939
23447,武豊町,10865,769,904.0,5707,0.5253,8994,2142,0.1971,0.3183,3436.0,0.606,1.615
40342,篠栗町,7949,487,1045.0,4175,0.5252,5464,1923,0.2419,0.2624,2095.0,0.5,1.085
01397,留寿都村,499,183,175.0,262,0.5251,350,171,0.3427,0.3795,187.0,0.723,1.107
08201,水戸市,70883,7192,631.0,37203,0.5249,58467,15108,0.2131,0.2633,18676.0,0.502,1.236
47327,北中城村,4297,328,838.0,2254,0.5246,3530,1148,0.2672,0.2766,1188.0,0.527,1.035
40203,久留米市,79971,6178,828.0,41893,0.5239,64459,24411,0.3052,0.3177,25432.0,0.606,1.041
23204,瀬戸市,38110,2164,1127.0,19952,0.5235,31882,11889,0.312,0.333,12720.0,0.636,1.068
38205,新居浜市,37337,2581,926.0,19472,0.5215,30288,9997,0.2678,0.247,9218.0,0.474,0.922
01208,北見市,38847,3904,637.0,20234,0.5209,32307,9004,0.2318,0.2674,10385.0,0.513,1.154
47362,八重瀬町,6757,675,641.0,3513,0.5199,5353,2123,0.3142,0.2463,1705.0,0.474,0.784
14342,二宮町,9739,387,1611.0,5063,0.5199,7111,1020,0.1047,0.3128,3028.0,0.602,2.986
02203,八戸市,69359,5598,793.0,36043,0.5197,58706,16094,0.232,0.3381,23437.0,0.651,1.457
01231,恵庭市,19675,1417,889.0,10209,0.5189,17120,2151,0.1093,0.2709,5328.0,0.522,2.477
01462,南富良野町,767,211,233.0,398,0.5189,584,282,0.3677,0.2886,221.0,0.556,0.785
05201,秋田市,95945,6374,963.0,49784,0.5189,77811,23695,0.247,0.314,30131.0,0.605,1.272
29425,王寺町,6731,294,1465.0,3487,0.5181,5087,2052,0.3049,0.334,2249.0,0.645,1.096
06204,酒田市,36096,3236,714.0,18700,0.5181,28392,13067,0.362,0.2026,7314.0,0.391,0.56
45201,宮崎市,110580,8227,860.0,57277,0.518,84136,28061,0.2538,0.2337,25849.0,0.451,0.921
02201,青森市,84797,5130,1058.0,43914,0.5179,70265,17006,0.2005,0.349,29593.0,0.674,1.74
11246,白岡市,14543,933,998.0,7501,0.5158,11832,3781,0.26,0.3235,4722.0,0.627,1.244
14363,松田町,3659,265,884.0,1882,0.5143,3360,1480,0.4045,0.4448,1624.0,0.865,1.1
23236,みよし市,11235,1057,680.0,5776,0.5141,9493,1695,0.1509,0.2686,3017.0,0.522,1.78
18202,敦賀市,18464,1474,802.0,9488,0.5139,15519,4929,0.267,0.3316,6125.0,0.645,1.242
23217,江南市,26649,1585,1076.0,13694,0.5139,22213,4846,0.1818,0.3219,8572.0,0.626,1.77
14210,三浦市,17144,905,1212.0,8778,0.512,12342,4735,0.2762,0.3535,6066.0,0.69,1.28
47326,北谷町,5712,323,1132.0,2918,0.5109,3854,676,0.1183,0.1689,973.0,0.331,1.427
14362,大井町,4944,364,869.0,2525,0.5107,4074,831,0.1681,0.259,1285.0,0.507,1.541
40382,水巻町,9263,448,1323.0,4723,0.5099,7630,2338,0.2524,0.3345,3113.0,0.656,1.325
22130,浜松市,220913,17711,798.0,112600,0.5097,175816,52036,0.2355,0.2745,60638.0,0.539,1.165
28210,加古川市,72178,3731,1238.0,36783,0.5096,58508,16812,0.2329,0.3085,22316.0,0.605,1.325
23224,知多市,23474,1213,1239.0,11959,0.5095,18435,5077,0.2163,0.3416,8014.0,0.67,1.579
07203,郡山市,86476,8750,633.0,43924,0.5079,72238,24789,0.2867,0.2254,19490.0,0.444,0.786
08217,取手市,36092,1941,1190.0,18312,0.5074,29428,9099,0.2521,0.3224,11621.0,0.635,1.279
43404,菊陽町,9034,791,731.0,4578,0.5068,7550,2017,0.2233,0.2685,2428.0,0.53,1.203
10203,桐生市,38266,3320,738.0,19385,0.5066,32520,9087,0.2375,0.2153,8267.0,0.425,0.907
23233,清須市,15174,852,1140.0,7680,0.5061,12430,1676,0.1105,0.3352,5091.0,0.662,3.035
27214,富田林市,32956,1349,1564.0,16672,0.5059,24107,5810,0.1763,0.3567,11694.0,0.705,2.023
42308,時津町,8177,505,1036.0,4130,0.5051,6647,1580,0.1932,0.2994,2353.0,0.593,1.549
29210,香芝市,18556,958,1240.0,9349,0.5038,14253,3542,0.1909,0.2795,5151.0,0.555,1.464
42201,長崎市,131704,6660,1266.0,66311,0.5035,94427,38183,0.2899,0.4091,54245.0,0.812,1.411
29201,奈良市,110273,5114,1380.0,55445,0.5028,87169,23776,0.2156,0.3312,36501.0,0.659,1.536
42205,大村市,23846,2412,633.0,11990,0.5028,18908,6119,0.2566,0.3407,8189.0,0.678,1.328
01235,石狩市,19368,1443,859.0,9707,0.5012,16506,3356,0.1733,0.2292,4448.0,0.457,1.323
40217,筑紫野市,26465,1563,1084.0,13217,0.4994,20658,5890,0.2226,0.2978,7867.0,0.596,1.338
14341,大磯町,10811,525,1318.0,5398,0.4993,7775,1809,0.1673,0.3744,4063.0,0.75,2.237
14366,開成町,4748,300,1013.0,2367,0.4985,3297,1449,0.3052,0.2633,1256.0,0.528,0.863
13228,あきる野市,23894,1274,1200.0,11898,0.4979,19571,4764,0.1994,0.386,9183.0,0.775,1.936
22212,焼津市,40836,2881,907.0,20331,0.4979,30199,8894,0.2178,0.2574,10520.0,0.517,1.182
40349,粕屋町,8600,522,1054.0,4279,0.4976,6575,1064,0.1237,0.2733,2327.0,0.549,2.209
01213,苫小牧市,50001,2763,1158.0,24858,0.4972,41125,9515,0.1903,0.2218,11097.0,0.446,1.166
18201,福井市,75812,5983,811.0,37649,0.4966,62013,20995,0.2769,0.2826,21420.0,0.569,1.02
28201,姫路市,142302,9061,1005.0,70554,0.4958,112112,34772,0.2444,0.3343,47612.0,0.674,1.368
13303,瑞穂町,9442,540,1119.0,4677,0.4953,8169,1459,0.1545,0.424,4035.0,0.856,2.744
22424,吉田町,7461,755,632.0,3678,0.493,5464,1330,0.1783,0.2331,1740.0,0.473,1.307
47213,うるま市,27969,2029,882.0,13735,0.4911,21475,6038,0.2159,0.2207,6190.0,0.449,1.022
22210,富士市,69319,4506,985.0,33926,0.4894,55481,14035,0.2025,0.2396,16607.0,0.49,1.183
11215,狭山市,47651,1830,1666.0,23317,0.4893,38430,7238,0.1519,0.299,14248.0,0.611,1.968
11232,久喜市,45910,3178,925.0,22353,0.4869,37043,9057,0.1973,0.2556,11781.0,0.525,1.296
29202,大和高田市,19187,846,1451.0,9331,0.4863,15197,3270,0.1704,0.3002,5800.0,0.617,1.762
23362,扶桑町,9086,537,1083.0,4413,0.4857,7605,1933,0.2127,0.3267,2938.0,0.673,1.536
04216,富谷市,10994,786,895.0,5336,0.4854,9402,1427,0.1298,0.233,2597.0,0.48,1.795
07202,会津若松市,36325,2870,810.0,17626,0.4852,27536,9278,0.2554,0.2332,8465.0,0.481,0.913
04321,大河原町,6568,628,669.0,3185,0.4849,5701,1040,0.1583,0.2221,1448.0,0.458,1.403
21303,笠松町,6177,430,919.0,2989,0.4839,5666,1139,0.1844,0.2755,1711.0,0.569,1.494
27226,藤井寺市,18089,447,2590.0,8754,0.4839,13589,1483,0.082,0.2282,4125.0,0.472,2.784
11442,宮代町,10986,681,1032.0,5278,0.4804,8686,2793,0.2542,0.3567,3914.0,0.742,1.403
11217,鴻巣市,35100,2221,1011.0,16794,0.4785,26418,5752,0.1639,0.2264,7921.0,0.473,1.381
19210,甲斐市,18972,1448,839.0,9073,0.4782,15996,2763,0.1456,0.2279,4351.0,0.477,1.565
23207,豊川市,48233,3671,841.0,23059,0.4781,39562,10987,0.2278,0.2578,12437.0,0.539,1.132
36401,松茂町,3933,374,673.0,1872,0.476,3621,1210,0.3077,0.2406,942.0,0.506,0.782
23202,岡崎市,89481,6064,944.0,42469,0.4746,71656,18738,0.2094,0.2479,22234.0,0.522,1.184
09201,宇都宮市,129846,10922,761.0,61596,0.4744,105141,29121,0.2243,0.2517,32690.0,0.531,1.122
14211,秦野市,48499,2144,1448.0,23003,0.4743,41014,9635,0.1987,0.3148,15274.0,0.664,1.585
23223,大府市,20034,1330,964.0,9475,0.4729,16531,2053,0.1025,0.3143,6262.0,0.664,3.067
26210,八幡市,22215,745,1908.0,10493,0.4723,15890,3483,0.1568,0.321,7079.0,0.68,2.047
44201,大分市,129205,8161,1013.0,60948,0.4717,95797,25005,0.1935,0.2332,30154.0,0.494,1.205
01217,江別市,36730,2112,1113.0,17319,0.4715,31424,4317,0.1175,0.3083,11339.0,0.654,2.623
47209,名護市,13870,1502,591.0,6538,0.4714,10132,3095,0.2231,0.311,4323.0,0.66,1.394
21201,岐阜市,113095,6868,1054.0,53256,0.4709,92465,23479,0.2076,0.2678,30286.0,0.569,1.29
34302,府中町,12404,353,2249.0,5832,0.4702,8070,2037,0.1642,0.1899,2387.0,0.404,1.157
03201,盛岡市,79978,6480,790.0,37584,0.4699,61300,17537,0.2193,0.2474,19800.0,0.526,1.128
06201,山形市,72247,4787,966.0,33870,0.4688,54386,14395,0.1992,0.2307,16688.0,0.492,1.158
01206,釧路市,56425,3354,1077.0,26237,0.465,47872,9909,0.1756,0.2608,14696.0,0.561,1.485
27229,四條畷市,15053,438,2200.0,6998,0.4649,12207,2645,0.1757,0.3177,4813.0,0.683,1.808
40221,太宰府市,20153,883,1461.0,9348,0.4639,13705,2371,0.1176,0.34,6912.0,0.733,2.89
26211,京田辺市,17358,863,1287.0,8051,0.4638,13203,3221,0.1856,0.3264,5650.0,0.704,1.759
15100,新潟市,230965,13976,1058.0,107104,0.4637,182842,52104,0.2256,0.2081,48067.0,0.449,0.922
12228,四街道市,27037,1284,1348.0,12512,0.4628,22332,5756,0.2129,0.2598,7032.0,0.561,1.22
40343,志免町,10818,450,1539.0,5004,0.4626,7102,1892,0.1749,0.2475,2731.0,0.535,1.415
23219,小牧市,37196,2346,1015.0,17179,0.4619,29552,5302,0.1425,0.2593,9637.0,0.562,1.819
12232,白井市,17147,1069,1027.0,7913,0.4615,11470,3602,0.2101,0.2234,3821.0,0.484,1.064
30201,和歌山市,110078,5650,1247.0,50510,0.4589,84208,19810,0.18,0.2791,30689.0,0.608,1.551
30361,湯浅町,4071,344,757.0,1866,0.4584,2340,913,0.2243,0.2765,1131.0,0.603,1.233
36201,徳島市,70792,5014,904.0,32347,0.4569,54275,15662,0.2212,0.2929,20740.0,0.641,1.324
27341,忠岡町,4852,154,2016.0,2216,0.4567,4486,132,0.0272,0.2965,1417.0,0.649,10.899
12222,我孫子市,39966,1347,1899.0,18228,0.4561,32359,5600,0.1401,0.3239,12917.0,0.71,2.312
19202,富士吉田市,13998,1084,826.0,6385,0.4561,10228,1615,0.1154,0.2177,3049.0,0.477,1.887
26207,城陽市,25175,700,2302.0,11463,0.4553,18932,2425,0.0963,0.3223,8091.0,0.708,3.346
01204,旭川市,112383,6807,1057.0,51142,0.4551,87986,14040,0.1249,0.2485,27929.0,0.546,1.989
14204,鎌倉市,53513,1885,1817.0,24249,0.4531,38662,8936,0.167,0.3989,21290.0,0.88,2.389
23208,津島市,18394,1182,996.0,8322,0.4524,14693,4059,0.2207,0.2801,5125.0,0.619,1.269
14301,葉山町,10094,529,1221.0,4553,0.4511,6417,1542,0.1528,0.3953,3981.0,0.876,2.588
23227,高浜市,8885,579,982.0,4008,0.4511,7645,252,0.0284,0.2295,2042.0,0.509,8.093
47324,読谷村,9050,633,915.0,4077,0.4505,5846,1607,0.1776,0.1616,1462.0,0.359,0.91
40345,新宮町,6344,418,971.0,2854,0.4499,5193,1185,0.1868,0.239,1440.0,0.531,1.28
11239,坂戸市,29196,1528,1223.0,13090,0.4483,21321,6805,0.2331,0.2347,6908.0,0.523,1.007
28214,宝塚市,63676,1932,2109.0,28484,0.4473,46662,15249,0.2395,0.2985,19010.0,0.667,1.246
34309,坂町,3724,241,989.0,1654,0.4441,2205,1117,0.2999,0.3251,1208.0,0.732,1.084
14321,寒川町,13145,582,1445.0,5806,0.4417,9776,1527,0.1162,0.3347,4434.0,0.758,2.881
23214,蒲郡市,23414,1522,985.0,10278,0.439,19080,4721,0.2016,0.2866,6709.0,0.653,1.422
39201,高知市,95899,5172,1187.0,41789,0.4358,72699,20759,0.2165,0.2081,19955.0,0.477,0.961
27219,和泉市,46892,2008,1495.0,20411,0.4353,38019,7841,0.1672,0.315,14803.0,0.724,1.884
46201,鹿児島市,158614,9563,1062.0,69021,0.4352,114352,35193,0.2219,0.2647,42036.0,0.608,1.193
23425,蟹江町,9539,537,1137.0,4145,0.4345,6515,983,0.1031,0.2492,2360.0,0.573,2.418
23212,安城市,39580,3033,835.0,17162,0.4336,30745,6369,0.1609,0.2569,10147.0,0.592,1.596
14384,湯河原町,9946,486,1310.0,4310,0.4333,7159,2368,0.2381,0.3204,3191.0,0.739,1.346
11225,入間市,42899,1577,1741.0,18572,0.4329,29932,4173,0.0973,0.238,10217.0,0.55,2.447
11324,三芳町,11643,495,1505.0,5009,0.4302,7683,1474,0.1266,0.1969,2270.0,0.458,1.555
23225,知立市,14309,793,1155.0,6129,0.4283,11207,1751,0.1224,0.2974,4271.0,0.694,2.43
23229,豊明市,17930,895,1282.0,7674,0.428,14988,2454,0.1369,0.279,5056.0,0.652,2.038
23201,豊橋市,95867,6932,885.0,40976,0.4274,70387,17885,0.1866,0.235,22500.0,0.55,1.26
11240,幸手市,17769,1182,962.0,7592,0.4273,11516,4060,0.2285,0.2239,3948.0,0.524,0.98
29205,橿原市,34616,1691,1310.0,14758,0.4263,26597,5232,0.1511,0.2526,8716.0,0.593,1.671
25206,草津市,30026,1708,1125.0,12786,0.4258,21575,3484,0.116,0.3378,10153.0,0.793,2.911
27208,貝塚市,23174,1065,1393.0,9805,0.4231,19081,4196,0.1811,0.3151,7252.0,0.745,1.74
27362,田尻町,2060,107,1232.0,871,0.4228,2000,697,0.3383,0.4401,879.0,1.041,1.301
01402,岩内町,4366,382,731.0,1837,0.4208,3450,862,0.1974,0.3526,1539.0,0.838,1.786
01224,千歳市,22686,1630,891.0,9527,0.42,19879,2834,0.1249,0.2203,4999.0,0.525,1.763
04203,塩竈市,17820,773,1475.0,7461,0.4187,14982,2351,0.1319,0.261,4614.0,0.623,1.978
26322,久御山町,4944,301,1051.0,2070,0.4187,3810,786,0.159,0.1849,902.0,0.442,1.163
22203,沼津市,60360,2812,1374.0,25254,0.4184,43534,9334,0.1546,0.2608,15774.0,0.623,1.686
01207,帯広市,49008,3338,940.0,20481,0.4179,39743,5609,0.1145,0.2184,10699.0,0.522,1.908
34100,広島市,301090,13295,1449.0,125739,0.4176,208166,59989,0.1992,0.2517,75728.0,0.603,1.263
27221,柏原市,19834,613,2071.0,8271,0.417,13930,2429,0.1225,0.3369,6726.0,0.808,2.751
10426,草津町,2353,222,678.0,980,0.4165,1751,522,0.2218,0.4748,1115.0,1.14,2.14
27222,羽曳野市,33499,1016,2110.0,13941,0.4162,25139,3244,0.0968,0.2475,8245.0,0.595,2.555
47350,南風原町,8054,446,1156.0,3341,0.4148,6670,1354,0.1681,0.1999,1571.0,0.482,1.189
23226,尾張旭市,21661,900,1540.0,8974,0.4143,16505,4347,0.2007,0.2885,6196.0,0.696,1.438
28216,高砂市,25681,1132,1452.0,10633,0.414,19234,3517,0.1369,0.3071,7862.0,0.742,2.243
23206,春日井市,79426,3615,1406.0,32861,0.4137,62564,10184,0.1282,0.2832,22522.0,0.684,2.209
17365,内灘町,7131,373,1224.0,2942,0.4126,4618,878,0.1231,0.1974,1397.0,0.478,1.603
19384,昭和町,4070,423,616.0,1679,0.4125,3067,120,0.0295,0.1953,778.0,0.473,6.622
37386,宇多津町,3947,331,763.0,1622,0.4109,2892,549,0.1391,0.2854,1131.0,0.695,2.052
23209,碧南市,17291,1091,1014.0,7078,0.4093,12654,1808,0.1046,0.2171,3745.0,0.53,2.076
34304,海田町,6961,306,1456.0,2844,0.4086,4738,1348,0.1937,0.1607,1135.0,0.393,0.83
11201,川越市,89087,4262,1338.0,36369,0.4082,64960,10388,0.1166,0.2749,24479.0,0.673,2.357
23238,長久手市,10120,731,886.0,4131,0.4082,8478,1247,0.1232,0.3026,2978.0,0.741,2.456
04211,岩沼市,11739,981,766.0,4782,0.4074,10579,2391,0.2037,0.1994,2344.0,0.489,0.979
10524,大泉町,9402,713,844.0,3826,0.4069,6761,1418,0.1508,0.2014,1906.0,0.495,1.335
40231,那珂川市,11636,765,973.0,4715,0.4052,6644,2890,0.2484,0.2414,2826.0,0.596,0.972
11233,北本市,21141,945,1432.0,8525,0.4032,14539,2118,0.1002,0.217,4596.0,0.538,2.166
13201,八王子市,153512,5336,1841.0,61847,0.4029,112322,19642,0.128,0.3981,61105.0,0.988,3.111
40100,北九州市,286082,11191,1636.0,115181,0.4026,201167,40709,0.1423,0.2808,80364.0,0.697,1.973
38201,松山市,139182,7134,1249.0,55998,0.4023,99525,22267,0.16,0.2572,35893.0,0.639,1.607
13205,青梅市,42506,1929,1410.0,17081,0.4018,29666,9830,0.2313,0.3765,15997.0,0.937,1.628
27301,島本町,8482,233,2330.0,3407,0.4017,5379,1615,0.1904,0.2695,2288.0,0.671,1.415
21302,岐南町,5732,452,812.0,2298,0.4009,4679,239,0.0417,0.1724,1004.0,0.43,4.135
23205,半田市,28418,1591,1143.0,11363,0.3999,22783,3040,0.107,0.2376,6792.0,0.594,2.221
11231,桶川市,22122,1110,1276.0,8797,0.3977,16785,2357,0.1065,0.2272,5027.0,0.571,2.132
27202,岸和田市,53418,1993,1715.0,21199,0.3969,40689,6515,0.122,0.2978,15933.0,0.75,2.442
12217,柏市,110252,4056,1740.0,43709,0.3964,78653,10048,0.0911,0.2639,29082.0,0.666,2.895
28382,播磨町,9263,338,1754.0,3649,0.3939,6860,753,0.0813,0.2302,2109.0,0.584,2.832
12220,流山市,46082,1717,1718.0,18100,0.3928,33029,5943,0.129,0.2396,11035.0,0.61,1.858
27213,泉佐野市,26160,1339,1250.0,10272,0.3927,17855,2743,0.1049,0.3105,8146.0,0.791,2.962
11301,伊奈町,10819,673,1029.0,4224,0.3904,9533,1736,0.1605,0.2785,3042.0,0.713,1.736
17212,野々市市,11744,671,1120.0,4583,0.3902,8914,807,0.0687,0.1682,1884.0,0.431,2.447
30207,新宮市,10120,745,869.0,3940,0.3893,7005,2233,0.2207,0.3106,3140.0,0.798,1.408
27210,枚方市,109847,2599,2705.0,42720,0.3889,80082,8240,0.075,0.2809,30979.0,0.722,3.745
47210,糸満市,13473,967,892.0,5240,0.3889,10353,2739,0.2033,0.235,3177.0,0.604,1.156
14214,伊勢原市,26784,1492,1149.0,10398,0.3882,20788,3401,0.127,0.3344,8888.0,0.861,2.633
23210,刈谷市,31081,1908,1043.0,12036,0.3872,25513,2466,0.0793,0.3024,9382.0,0.781,3.811
26209,長岡京市,21969,585,2403.0,8501,0.387,16567,3114,0.1417,0.3542,7800.0,0.915,2.499
19201,甲府市,54546,3329,1049.0,21066,0.3862,38830,6568,0.1204,0.2429,13235.0,0.629,2.017
43100,熊本市,190945,11140,1097.0,73708,0.386,136828,30300,0.1587,0.2587,49423.0,0.67,1.63
37403,琴平町,3463,325,682.0,1335,0.3855,2568,766,0.2212,0.3003,1042.0,0.779,1.358
13212,日野市,45579,1359,2146.0,17493,0.3838,34385,2010,0.0441,0.3353,15308.0,0.874,7.604
13364,神津島村,587,60,626.0,225,0.3833,437,70,0.1193,0.37,217.0,0.965,3.103
12224,鎌ケ谷市,31654,1020,1986.0,12130,0.3832,22814,2150,0.0679,0.2804,8829.0,0.732,4.128
27230,交野市,21844,713,1961.0,8354,0.3824,15597,3143,0.1439,0.2934,6331.0,0.767,2.039
23222,東海市,24993,1336,1197.0,9504,0.3803,20020,1339,0.0536,0.2849,7125.0,0.749,5.318
14206,小田原市,56609,2575,1407.0,21467,0.3792,41229,8056,0.1423,0.3081,17437.0,0.813,2.165
26204,宇治市,53723,1404,2449.0,20294,0.3778,38952,5082,0.0946,0.2758,14838.0,0.73,2.916
14212,厚木市,57346,2761,1329.0,21656,0.3776,44213,8245,0.1438,0.3142,18075.0,0.832,2.186
22342,長泉町,9626,596,1034.0,3621,0.3762,7014,1451,0.1507,0.2318,2215.0,0.616,1.538
11243,吉川市,17377,1094,1017.0,6496,0.3738,12140,2577,0.1483,0.2698,4672.0,0.722,1.819
29424,上牧町,7558,261,1853.0,2824,0.3736,6265,335,0.0443,0.3247,2527.0,0.869,7.326
17201,金沢市,120705,6128,1261.0,45057,0.3733,88306,13750,0.1139,0.1985,24065.0,0.532,1.743
14201,横須賀市,124472,3742,2129.0,46159,0.3708,90322,11108,0.0892,0.3557,44364.0,0.959,3.986
14208,逗子市,17910,601,1907.0,6622,0.3697,12062,1405,0.0784,0.4222,7578.0,1.142,5.382
27207,高槻市,102590,2436,2695.0,37875,0.3692,67811,13593,0.1325,0.2624,26822.0,0.711,1.98
04100,仙台市,256987,11646,1412.0,94781,0.3688,185351,31067,0.1209,0.2791,71785.0,0.757,2.309
14401,愛川町,11987,746,1028.0,4410,0.3679,8979,1812,0.1512,0.2698,3223.0,0.733,1.785
27204,池田市,27826,716,2487.0,10206,0.3668,19721,3733,0.1342,0.2532,7036.0,0.69,1.887
47207,石垣市,10452,1086,616.0,3826,0.3661,5644,1731,0.1656,0.3156,3308.0,0.862,1.906
22341,清水町,8198,434,1209.0,3000,0.3659,6563,391,0.0477,0.2061,1707.0,0.563,4.32
11214,春日部市,68772,2802,1571.0,25127,0.3654,49003,6110,0.0888,0.2424,16645.0,0.663,2.729
11237,三郷市,38399,1396,1760.0,13981,0.3641,30228,2188,0.057,0.2489,9609.0,0.684,4.369
28203,明石市,79205,2267,2236.0,28656,0.3618,58810,5341,0.0674,0.2652,21112.0,0.733,3.932
11219,上尾市,61601,2345,1681.0,22233,0.3609,43965,4637,0.0753,0.2337,14309.0,0.648,3.105
13224,多摩市,42645,984,2774.0,15342,0.3598,28922,2683,0.0629,0.3453,14703.0,0.96,5.488
40219,大野城市,22747,846,1721.0,8183,0.3597,14965,4018,0.1766,0.2509,5615.0,0.698,1.421
28100,神戸市,418976,12272,2185.0,149715,0.3573,260890,52590,0.1255,0.2601,109028.0,0.728,2.072
12216,習志野市,40258,926,2782.0,14283,0.3548,27747,253,0.0063,0.2975,12044.0,0.839,47.34
22100,静岡市,209603,9283,1445.0,74346,0.3547,146216,27825,0.1328,0.2525,52929.0,0.712,1.902
04209,多賀城市,15429,720,1371.0,5447,0.353,12396,926,0.06,0.2527,3914.0,0.716,4.21
14205,藤沢市,106906,3406,2009.0,37738,0.353,75466,4725,0.0442,0.2759,29393.0,0.782,6.244
01202,函館市,89043,4510,1264.0,31288,0.3514,67147,12160,0.1366,0.2331,20807.0,0.663,1.707
27231,大阪狭山市,16360,587,1784.0,5733,0.3504,10787,2474,0.1512,0.3948,6487.0,1.127,2.611
23234,北名古屋市,20718,979,1354.0,7225,0.3487,16626,1248,0.0602,0.2811,5845.0,0.806,4.666
27217,松原市,34993,832,2692.0,12135,0.3468,23726,1023,0.0292,0.2891,10196.0,0.834,9.89
12221,八千代市,50353,1839,1752.0,17409,0.3457,36494,4531,0.09,0.2743,13847.0,0.793,3.048
08309,大洗町,5263,447,754.0,1815,0.3449,3490,962,0.1828,0.2183,1141.0,0.633,1.195
44202,別府市,39011,1567,1593.0,13453,0.3449,26230,4174,0.107,0.2505,9775.0,0.726,2.341
14218,綾瀬市,23183,853,1739.0,7962,0.3434,18909,1511,0.0652,0.3164,7337.0,0.921,4.855
27225,高石市,15668,357,2809.0,5353,0.3417,10359,270,0.0172,0.286,4480.0,0.837,16.594
12100,千葉市,250079,9373,1708.0,85111,0.3403,170124,21338,0.0853,0.2531,63275.0,0.744,2.967
47212,豊見城市,12952,687,1207.0,4408,0.3403,8785,897,0.0693,0.1284,1634.0,0.377,1.854
11208,所沢市,87050,3076,1811.0,29369,0.3374,61548,7951,0.0913,0.2529,22015.0,0.75,2.769
47375,多良間村,323,43,481.0,108,0.3344,108,27,0.0836,0.1693,55.0,0.506,2.026
13209,町田市,116720,3477,2148.0,38330,0.3284,78132,8629,0.0739,0.3201,37283.0,0.975,4.33
23424,大治町,6707,357,1202.0,2175,0.3243,5690,792,0.1181,0.329,2193.0,1.014,2.786
14215,海老名市,33831,1152,1880.0,10931,0.3231,24154,1479,0.0437,0.3287,11117.0,1.017,7.518
28206,芦屋市,27827,644,2765.0,8938,0.3212,20324,2737,0.0984,0.2065,5710.0,0.643,2.099
26208,向日市,15322,367,2672.0,4861,0.3173,11391,893,0.0583,0.2584,3918.0,0.814,4.433
23228,岩倉市,11990,516,1487.0,3764,0.3139,8718,205,0.0171,0.2618,3140.0,0.834,15.313
27220,箕面市,35100,1080,2080.0,10829,0.3085,25058,2533,0.0722,0.2278,8032.0,0.738,3.157
14150,相模原市,185014,6306,1878.0,55615,0.3006,126423,17949,0.097,0.2767,51247.0,0.92,2.852
13219,狛江市,20010,365,3509.0,5941,0.2969,12096,116,0.0058,0.2254,4499.0,0.759,38.883
11222,越谷市,87079,3039,1834.0,25820,0.2965,56845,4369,0.0502,0.2352,20491.0,0.793,4.688
27140,堺市,232994,6097,2446.0,68843,0.2955,148537,15558,0.0668,0.2644,61635.0,0.895,3.959
11234,八潮市,21329,924,1477.0,6301,0.2954,17065,1536,0.072,0.2866,6099.0,0.97,3.979
13225,稲城市,20143,684,1885.0,5929,0.2943,14774,887,0.044,0.2704,5432.0,0.919,6.141
14100,横浜市,920503,21282,2768.0,264616,0.2875,568661,33596,0.0365,0.2432,223886.0,0.846,6.663
15586,粟島浦村,146,14,667.0,41,0.2808,41,47,0.3219,0.469,68.0,1.67,1.457
47205,宜野湾市,18831,713,1690.0,5280,0.2804,11379,324,0.0172,0.1555,2944.0,0.555,9.041
27211,茨木市,68457,1975,2218.0,19123,0.2793,44868,5771,0.0843,0.2851,19586.0,1.021,3.382
23342,豊山町,3705,211,1124.0,1026,0.2769,2869,3,0.0008,0.2202,758.0,0.795,271.958
21421,北方町,4419,254,1113.0,1223,0.2768,3789,22,0.005,0.2579,1149.0,0.932,51.797
01100,札幌市,541415,17000,2038.0,148573,0.2744,357385,30666,0.0566,0.2359,127665.0,0.86,4.164
13215,国立市,17483,446,2509.0,4769,0.2728,9860,437,0.025,0.2911,5167.0,1.067,11.646
14203,平塚市,72444,2547,1820.0,19488,0.269,49885,4493,0.062,0.2694,19537.0,1.002,4.344
13213,東村山市,40808,960,2721.0,10861,0.2661,22740,1162,0.0285,0.2518,10261.0,0.946,8.843
28204,西宮市,115707,2803,2642.0,30717,0.2655,68786,10184,0.088,0.2381,27605.0,0.897,2.705
11241,鶴ヶ島市,20590,836,1576.0,5360,0.2603,12649,825,0.0401,0.2074,4197.0,0.797,5.175
11100,さいたま市,304869,10128,1927.0,78708,0.2582,192860,19460,0.0638,0.2323,70859.0,0.9,3.64
12204,船橋市,153564,3945,2491.0,39044,0.2543,95726,7906,0.0515,0.2869,43832.0,1.128,5.573
27224,摂津市,21916,645,2175.0,5558,0.2536,17033,1418,0.0647,0.2929,6472.0,1.155,4.526
27218,大東市,31094,739,2693.0,7670,0.2467,19565,532,0.0171,0.1948,6126.0,0.79,11.384
40218,春日市,24534,732,2145.0,5964,0.2431,15744,620,0.0253,0.1665,4059.0,0.685,6.59
13210,小金井市,25931,617,2690.0,6247,0.2409,15692,276,0.0106,0.2704,6919.0,1.122,25.402
13207,昭島市,29993,721,2662.0,7205,0.2402,17680,440,0.0147,0.2465,7397.0,1.026,16.805
26303,大山崎町,4280,147,1863.0,1028,0.2402,2832,388,0.0907,0.5688,2475.0,2.368,6.274
27212,八尾市,75139,1854,2594.0,17995,0.2395,47289,2609,0.0347,0.2491,18660.0,1.04,7.174
13206,府中市,56730,1373,2644.0,13424,0.2366,37864,1333,0.0235,0.3465,19671.0,1.464,14.748
12203,市川市,102231,2542,2574.0,24144,0.2362,56810,2776,0.0272,0.2593,26806.0,1.098,9.551
12207,松戸市,127637,3244,2518.0,30132,0.2361,77688,2654,0.0208,0.2238,28561.0,0.948,10.765
14207,茅ヶ崎市,64930,1721,2415.0,15288,0.2355,41622,2624,0.0404,0.2597,16849.0,1.103,6.426
11235,富士見市,26889,857,2008.0,6299,0.2343,15563,636,0.0237,0.1901,5164.0,0.811,8.036
13221,清瀬市,21431,561,2445.0,5015,0.234,15993,439,0.0205,0.4347,9337.0,1.857,21.219
27205,吹田市,89121,1788,3190.0,20711,0.2324,55887,1724,0.0193,0.2226,19698.0,0.958,11.505
26100,京都市,394178,10519,2398.0,91334,0.2317,201092,29496,0.0748,0.2421,95488.0,1.045,3.235
11245,ふじみ野市,29302,774,2423.0,6676,0.2278,14699,1233,0.0421,0.141,4134.0,0.619,3.351
11230,新座市,41937,1163,2308.0,9318,0.2222,26928,726,0.0173,0.2068,8721.0,0.931,11.943
13223,武蔵村山市,19084,680,1796.0,4219,0.2211,13957,304,0.0159,0.3305,6229.0,1.495,20.749
28207,伊丹市,51607,1159,2850.0,11357,0.2201,30224,2304,0.0446,0.2664,13712.0,1.21,5.967
40130,福岡市,338711,10257,2113.0,73022,0.2156,187085,19351,0.0571,0.229,77618.0,1.062,4.008
13202,立川市,45596,1167,2501.0,9826,0.2155,24967,652,0.0143,0.3014,13723.0,1.399,21.081
23100,名古屋市,565144,16246,2226.0,121659,0.2153,364266,12606,0.0223,0.2415,136704.0,1.122,10.825
47348,与那原町,3857,185,1334.0,823,0.2134,1930,196,0.0508,0.131,511.0,0.614,2.578
27215,寝屋川市,68748,1265,3478.0,14617,0.2126,42243,2834,0.0412,0.2223,15129.0,1.046,5.392
13222,東久留米市,32587,757,2755.0,6796,0.2085,16521,1814,0.0557,0.1798,5886.0,0.862,3.229
47211,沖縄市,28945,1331,1392.0,5994,0.2071,17634,921,0.0318,0.1676,4835.0,0.809,5.266
14216,座間市,33371,809,2640.0,6543,0.1961,17930,1038,0.0311,0.2251,7571.0,1.148,7.236
13218,福生市,15238,414,2356.0,2968,0.1948,10065,280,0.0184,0.2289,3469.0,1.175,12.457
13227,羽村市,14736,456,2068.0,2865,0.1944,9709,393,0.0267,0.2346,3455.0,1.207,8.797
12227,浦安市,30036,684,2810.0,5589,0.1861,16303,329,0.011,0.2277,6823.0,1.223,20.784
13211,小平市,45491,1156,2519.0,8216,0.1806,27267,112,0.0025,0.2296,10346.0,1.271,93.257
14130,川崎市,301183,6376,3023.0,53859,0.1788,148951,7816,0.026,0.1739,52383.0,0.973,6.703
11203,川口市,137970,3491,2529.0,23977,0.1738,74542,3675,0.0266,0.1911,26351.0,1.099,7.173
27206,泉大津市,19022,510,2387.0,3243,0.1705,10900,237,0.0125,0.2165,4100.0,1.27,17.374
13220,東大和市,22726,590,2465.0,3850,0.1694,14945,1202,0.0529,0.1984,4548.0,1.171,3.751
27203,豊中市,105132,1909,3525.0,17497,0.1664,57889,1512,0.0144,0.1691,17821.0,1.016,11.758
14213,大和市,56526,1437,2518.0,9298,0.1645,30841,789,0.014,0.2651,15029.0,1.611,18.991
13208,調布市,50349,1135,2839.0,8244,0.1637,27025,202,0.004,0.2166,10919.0,1.323,53.986
13214,国分寺市,27378,683,2565.0,4449,0.1625,16579,182,0.0066,0.2468,6709.0,1.519,37.126
11228,志木市,18743,428,2803.0,2923,0.156,11789,146,0.0078,0.2534,4735.0,1.625,32.526
47208,浦添市,23303,736,2026.0,3594,0.1542,11260,506,0.0217,0.1373,3183.0,0.89,6.324
27223,門真市,35270,679,3324.0,5228,0.1482,23043,256,0.0073,0.2099,7468.0,1.416,28.923
13123,江戸川区,145750,2406,3877.0,21220,0.1456,58726,344,0.0024,0.1322,19270.0,0.908,56.012
13203,武蔵野市,31475,617,3265.0,4395,0.1396,16481,56,0.0018,0.225,7137.0,1.611,126.444
11221,草加市,61652,1530,2579.0,8535,0.1384,34783,86,0.0014,0.2237,13795.0,1.616,160.374
27209,守口市,41006,641,4094.0,5644,0.1376,17583,497,0.0121,0.1636,6689.0,1.189,13.498
28202,尼崎市,120292,2229,3454.0,16104,0.1339,56366,1081,0.009,0.1768,21235.0,1.321,19.673
13120,練馬区,159531,2873,3554.0,21241,0.1331,76539,139,0.0009,0.1622,25830.0,1.218,186.101
27227,東大阪市,135800,2824,3078.0,17781,0.1309,86468,1017,0.0075,0.2205,29938.0,1.684,29.439
13229,西東京市,48333,949,3260.0,6225,0.1288,29003,381,0.0079,0.2429,11767.0,1.886,30.814
13204,三鷹市,41572,932,2855.0,5311,0.1278,22328,311,0.0075,0.2271,9452.0,1.777,30.354
11229,和光市,15415,445,2217.0,1925,0.1249,9258,364,0.0236,0.3474,5225.0,2.782,14.713
47201,那覇市,71640,1617,2835.0,8469,0.1182,30486,390,0.0054,0.1453,10503.0,1.229,26.691
13121,足立区,170144,2901,3754.0,19782,0.1163,83593,618,0.0036,0.1547,26341.0,1.331,42.593
11227,朝霞市,27810,792,2247.0,3223,0.1159,14954,422,0.0152,0.1928,5308.0,1.663,12.705
13112,世田谷区,189398,3385,3581.0,21304,0.1125,84273,1380,0.0073,0.1334,25357.0,1.186,18.313
13122,葛飾区,111921,1833,3908.0,12347,0.1103,37962,552,0.0049,0.1477,16530.0,1.339,29.953
13115,杉並区,117378,2054,3657.0,10587,0.0902,50192,56,0.0005,0.1359,15905.0,1.506,284.767
13117,北区,87980,1110,5073.0,7725,0.0878,29317,0,0.0,0.0876,7652.0,0.997,
11224,戸田市,22826,752,1943.0,1768,0.0775,13172,364,0.0159,0.1989,4587.0,2.567,12.47
27100,大阪市,676534,9922,4364.0,51035,0.0754,275094,4098,0.0061,0.1356,91788.0,1.798,22.389
13111,大田区,162073,2221,4670.0,9086,0.0561,41176,0,0.0,0.0789,12773.0,1.408,
13119,板橋区,132383,1787,4741.0,6619,0.05,43496,16,0.0001,0.0841,11148.0,1.681,695.606
13118,荒川区,49830,555,5746.0,2307,0.0463,9032,0,0.0,0.0508,2561.0,1.098,
13114,中野区,65445,942,4446.0,2226,0.034,18354,0,0.0,0.0584,3846.0,1.716,
13103,港区,42343,990,2737.0,1364,0.0322,10182,0,0.0,0.0855,3638.0,2.654,
13113,渋谷区,41233,815,3238.0,1261,0.0306,6795,0,0.0,0.0517,2135.0,1.692,
13107,墨田区,60009,754,5094.0,1666,0.0278,10672,303,0.005,0.0388,2333.0,1.398,7.686
13108,江東区,110180,1312,5375.0,2928,0.0266,29939,31,0.0003,0.0834,9172.0,3.137,296.337
11223,蕨市,17337,311,3568.0,415,0.0239,4069,0,0.0,0.1073,1850.0,4.481,
13105,文京区,41910,646,4152.0,998,0.0238,6545,0,0.0,0.0367,1542.0,1.541,
13109,品川区,79554,1020,4992.0,1549,0.0195,15647,0,0.0,0.0625,4970.0,3.209,
13104,新宿区,63282,1008,4018.0,790,0.0125,12807,0,0.0,0.0482,3044.0,3.859,
13106,台東区,47595,572,5325.0,472,0.0099,2851,0,0.0,0.0386,1835.0,3.895,
13110,目黒区,56336,884,4079.0,459,0.0081,16781,0,0.0,0.0507,2831.0,6.226,
13101,千代田区,10841,376,1845.0,13,0.0012,1876,0,0.0,0.0451,490.0,37.626,
13116,豊島区,58357,770,4850.0,68,0.0012,8530,0,0.0,0.026,1519.0,22.274,
13102,中央区,24825,471,3373.0,0,0.0,1333,0,0.0,0.0442,1091.0,,
