市区町村コード,市区町村名,総人口,総65歳以上人口,居住125mメッシュ数,高齢者密度_人per_km2,道路距離対象_65歳以上人口,道路距離対象_総人口,圏外65歳以上人口,圏外率,圏外総人口,圏外率_総人口,スーパー圏外65歳以上人口,スーパー圏外率,農水省_困難人口割合,農水省_困難人口,比_農水省÷本推計
01367,奥尻町,2363,973,193,323.0,950,2322,950,1.0,2322,1.0,950,1.0,0.4681,467.0,0.468
01472,幌加内町,1370,559,177,202.0,559,1370,559,1.0,1370,1.0,559,1.0,0.2929,164.0,0.293
01518,利尻町,1988,812,161,323.0,796,1985,796,1.0,1985,1.0,796,1.0,0.4969,402.0,0.497
01519,利尻富士町,2418,928,192,309.0,928,2418,928,1.0,2418,1.0,928,1.0,0.5339,502.0,0.534
02343,西目屋村,1265,501,105,305.0,501,1265,501,1.0,1265,1.0,501,1.0,0.4401,220.0,0.44
02450,新郷村,2200,1084,254,273.0,1084,2200,1084,1.0,2200,1.0,1084,1.0,0.4039,438.0,0.404
05327,上小阿仁村,2063,1107,172,412.0,1107,2063,1107,1.0,2063,1.0,1107,1.0,0.4423,490.0,0.442
07364,檜枝岐村,504,196,39,322.0,196,504,196,1.0,504,1.0,196,1.0,0.4596,89.0,0.46
07444,三島町,1452,786,138,365.0,786,1452,786,1.0,1452,1.0,786,1.0,0.4023,315.0,0.402
07446,昭和村,1246,693,151,294.0,693,1246,693,1.0,1246,1.0,693,1.0,0.5607,389.0,0.561
07544,川内村,2044,967,366,169.0,967,2044,967,1.0,2044,1.0,967,1.0,0.2062,201.0,0.206
13364,神津島村,1855,587,60,626.0,587,1855,587,1.0,1855,1.0,587,1.0,0.37,217.0,0.37
13382,御蔵島村,323,58,13,286.0,58,323,58,1.0,323,1.0,58,1.0,0.7737,45.0,0.774
13402,青ヶ島村,169,31,17,117.0,31,169,31,1.0,169,1.0,31,1.0,0.7207,22.0,0.721
15586,粟島浦村,353,146,14,667.0,146,351,146,1.0,351,1.0,146,1.0,0.469,68.0,0.469
19364,早川町,1098,446,166,172.0,446,1098,446,1.0,1098,1.0,446,1.0,0.4963,224.0,0.496
19443,丹波山村,530,233,40,373.0,233,530,233,1.0,530,1.0,233,1.0,0.5788,137.0,0.579
20306,南相木村,962,392,101,248.0,392,962,392,1.0,962,1.0,392,1.0,0.3117,122.0,0.312
20410,根羽村,854,450,147,196.0,450,854,450,1.0,854,1.0,450,1.0,0.3809,170.0,0.381
20451,朝日村,4286,1382,228,388.0,1382,4286,1382,1.0,4286,1.0,1382,1.0,0.1301,179.0,0.13
23563,豊根村,1017,528,193,175.0,528,1017,528,1.0,1017,1.0,528,1.0,0.3597,192.0,0.36
26463,伊根町,1731,855,153,358.0,855,1731,855,1.0,1731,1.0,855,1.0,0.4869,455.0,0.487
27383,千早赤阪村,4851,2153,249,553.0,2153,4851,2153,1.0,4846,0.999,2153,1.0,0.413,922.0,0.413
29322,山添村,3214,1550,374,265.0,1550,3214,1550,1.0,3214,1.0,1550,1.0,0.2043,318.0,0.204
29385,曽爾村,1292,669,191,224.0,669,1292,669,1.0,1292,1.0,669,1.0,0.3131,209.0,0.313
29386,御杖村,1479,891,249,229.0,891,1479,891,1.0,1479,1.0,891,1.0,0.442,394.0,0.442
29450,下北山村,753,366,117,200.0,366,753,366,1.0,753,1.0,366,1.0,0.4265,156.0,0.426
32525,海士町,2215,893,233,245.0,884,2199,884,1.0,2199,1.0,884,1.0,0.5541,501.0,0.554
32526,西ノ島町,2689,1262,161,502.0,1256,2670,1256,1.0,2670,1.0,1256,1.0,0.546,704.0,0.546
33586,新庄村,811,346,101,219.0,346,811,346,1.0,802,0.9889,346,1.0,0.3376,117.0,0.338
33643,西粟倉村,1398,497,158,201.0,497,1398,497,1.0,1398,1.0,497,1.0,0.3688,183.0,0.369
34431,大崎上島町,6947,3244,558,372.0,3244,6945,3244,1.0,6945,1.0,3244,1.0,0.4577,1513.0,0.458
35341,上関町,2205,1274,139,587.0,1257,2165,1257,1.0,2165,1.0,1257,1.0,0.4751,628.0,0.475
36302,上勝町,1380,770,242,204.0,770,1380,770,1.0,1380,1.0,770,1.0,0.5043,389.0,0.504
39304,安田町,2396,1102,207,341.0,1102,2396,1102,1.0,2396,1.0,1102,1.0,0.3448,373.0,0.345
39305,北川村,1146,493,147,215.0,493,1146,493,1.0,1146,1.0,493,1.0,0.3023,153.0,0.302
39427,三原村,1437,683,221,198.0,683,1437,683,1.0,1437,1.0,683,1.0,0.2802,189.0,0.28
44322,姫島村,1718,942,78,773.0,942,1718,942,1.0,1718,1.0,942,1.0,0.3566,336.0,0.357
45403,西米良村,1000,496,152,209.0,496,1000,496,1.0,1000,1.0,496,1.0,0.3999,175.0,0.4
46303,三島村,405,107,35,196.0,107,405,107,1.0,405,1.0,107,1.0,0.7372,79.0,0.737
46304,十島村,740,204,73,179.0,204,739,204,1.0,739,1.0,204,1.0,0.7215,147.0,0.722
46523,大和村,1321,573,72,509.0,563,1300,563,1.0,1300,1.0,563,1.0,0.5451,319.0,0.545
46524,宇検村,1585,681,106,411.0,660,1524,660,1.0,1524,1.0,660,1.0,0.5831,408.0,0.583
46531,天城町,5499,2046,443,296.0,2046,5499,2046,1.0,5499,1.0,2046,1.0,0.5005,1025.0,0.501
46534,知名町,5757,2170,437,318.0,2170,5757,2170,1.0,5757,1.0,2170,1.0,0.5788,1252.0,0.579
47353,渡嘉敷村,708,146,26,359.0,146,706,146,1.0,706,1.0,146,1.0,0.5116,75.0,0.512
47354,座間味村,851,179,42,273.0,179,842,179,1.0,842,1.0,179,1.0,0.6077,114.0,0.608
47356,渡名喜村,346,143,14,654.0,143,346,143,1.0,346,1.0,143,1.0,0.7448,107.0,0.745
47358,北大東村,590,127,80,102.0,127,590,127,1.0,590,1.0,127,1.0,0.5698,72.0,0.57
47375,多良間村,1058,323,43,481.0,323,1058,323,1.0,1058,1.0,323,1.0,0.1693,55.0,0.169
04302,七ヶ宿町,1262,586,153,245.0,586,1262,586,1.0,1262,1.0,586,1.0,0.4212,246.0,0.421
05346,藤里町,2896,1411,249,363.0,1411,2896,1411,1.0,2896,1.0,1411,1.0,0.3631,513.0,0.363
13362,利島村,327,80,17,301.0,80,327,80,1.0,327,1.0,80,1.0,0.7472,60.0,0.747
13421,小笠原村,2917,413,96,275.0,413,2908,413,1.0,2908,1.0,413,1.0,0.7287,301.0,0.729
29447,野迫川村,357,183,75,156.0,183,357,183,1.0,357,1.0,183,1.0,0.4648,84.0,0.465
29452,川上村,1156,640,174,235.0,640,1156,640,1.0,1156,1.0,640,1.0,0.3931,252.0,0.393
40609,赤村,2813,1173,292,257.0,1173,2813,1173,1.0,2813,1.0,1173,1.0,0.2084,233.0,0.208
43507,水上村,2045,921,296,199.0,921,2045,921,1.0,2045,1.0,921,1.0,0.3922,354.0,0.392
47355,粟国村,667,244,51,306.0,244,667,244,1.0,667,1.0,244,1.0,0.6207,154.0,0.621
47357,南大東村,1285,316,154,131.0,316,1285,316,1.0,1285,1.0,316,1.0,0.3631,115.0,0.363
20307,北相木村,752,270,71,243.0,270,752,270,1.0,752,1.0,270,1.0,0.4177,113.0,0.418
32527,知夫村,576,278,58,307.0,270,562,270,1.0,562,1.0,270,1.0,0.6625,188.0,0.663
42383,小値賀町,2239,1162,169,440.0,1095,2160,1095,1.0,2160,1.0,1095,1.0,0.6975,811.0,0.698
46535,与論町,5108,1782,569,200.0,1782,5108,1782,1.0,5108,1.0,1782,1.0,0.6199,1111.0,0.62
01517,礼文町,2331,843,202,267.0,826,2300,826,1.0,2300,1.0,826,1.0,0.5373,489.0,0.537
20412,売木村,548,265,127,134.0,265,548,265,1.0,548,1.0,265,1.0,0.4896,127.0,0.49
46533,和泊町,6218,2257,513,282.0,2257,6218,2257,1.0,6210,0.9987,2257,1.0,0.5456,1237.0,0.546
07445,金山町,1862,1131,245,295.0,1131,1862,1131,1.0,1862,1.0,1131,1.0,0.4982,565.0,0.498
07548,葛尾村,420,194,141,88.0,194,420,194,1.0,420,1.0,194,1.0,0.0323,6.0,0.032
37364,直島町,2999,989,123,515.0,985,2982,985,1.0,2982,1.0,985,1.0,0.4062,417.0,0.406
43512,山江村,3265,1182,287,264.0,1182,3265,1181,0.9992,3242,0.993,1182,1.0,0.3294,385.0,0.33
43513,球磨村,2438,1066,264,258.0,1066,2438,1063,0.9972,2433,0.9979,1066,1.0,0.2544,277.0,0.255
38356,上島町,6318,2881,372,496.0,2867,6277,2857,0.9965,6256,0.9967,2859,0.9972,0.4907,1449.0,0.492
26367,南山城村,2396,1158,282,263.0,1158,2396,1153,0.9957,2387,0.9962,1153,0.9957,0.2846,330.0,0.286
07423,柳津町,3081,1391,279,319.0,1391,3081,1380,0.9921,3026,0.9821,1388,0.9978,0.2642,369.0,0.266
31403,江府町,2672,1311,209,401.0,1311,2672,1299,0.9908,2654,0.9933,1311,1.0,0.3019,396.0,0.305
02424,東通村,5806,2084,460,290.0,2084,5806,2063,0.9899,5748,0.99,2084,1.0,0.5126,1085.0,0.518
10383,南牧村,1610,1043,235,284.0,1043,1610,1030,0.9875,1591,0.9882,1030,0.9875,0.3851,405.0,0.39
11369,東秩父村,2698,1258,326,247.0,1258,2698,1238,0.9841,2632,0.9755,1238,0.9841,0.1573,198.0,0.16
03506,九戸村,5378,2383,592,258.0,2383,5378,2341,0.9824,5311,0.9875,2383,1.0,0.2612,621.0,0.266
20404,阿南町,4300,1936,568,218.0,1936,4300,1902,0.9824,4206,0.9781,1936,1.0,0.2949,576.0,0.3
26364,笠置町,1146,590,98,385.0,590,1146,579,0.9814,1130,0.986,590,1.0,0.3634,211.0,0.37
07564,飯舘村,1318,758,438,111.0,758,1318,743,0.9802,1297,0.9841,758,1.0,0.0413,31.0,0.042
13307,檜原村,2003,1049,261,257.0,1049,2003,1028,0.98,1912,0.9546,1028,0.98,0.4528,479.0,0.462
13381,三宅村,2273,894,253,226.0,894,2273,875,0.9787,2213,0.9736,875,0.9787,0.5896,527.0,0.602
06367,戸沢村,4190,1708,346,316.0,1708,4190,1666,0.9754,3993,0.953,1708,1.0,0.2317,395.0,0.238
20543,高山村,6648,2456,379,415.0,2456,6648,2393,0.9743,6474,0.9738,2456,1.0,0.1607,392.0,0.165
05464,東成瀬村,2712,1015,259,251.0,1015,2712,988,0.9734,2627,0.9687,1015,1.0,0.3535,356.0,0.363
29446,天川村,1176,602,133,290.0,602,1176,586,0.9734,1110,0.9439,586,0.9734,0.3564,213.0,0.366
10428,高山村,3511,1309,381,220.0,1309,3511,1272,0.9717,3404,0.9695,1309,1.0,0.1767,230.0,0.182
20588,小川村,2217,1015,327,199.0,1015,2217,986,0.9714,2165,0.9765,986,0.9714,0.3122,318.0,0.321
29453,東吉野村,1500,880,252,223.0,880,1500,852,0.9682,1440,0.96,880,1.0,0.3848,337.0,0.397
07422,湯川村,3043,1051,189,356.0,1051,3043,1017,0.9676,2926,0.9616,1051,1.0,0.1848,197.0,0.191
43423,南小国町,3708,1506,425,227.0,1506,3708,1456,0.9668,3478,0.938,1466,0.9734,0.3641,550.0,0.377
02387,中泊町,9634,4277,568,482.0,4277,9634,4134,0.9666,9275,0.9627,4263,0.9967,0.4604,1975.0,0.476
10367,神流町,1645,1018,210,310.0,1018,1645,983,0.9656,1597,0.9708,1018,1.0,0.3881,392.0,0.402
45430,椎葉村,2503,1135,442,164.0,1135,2503,1096,0.9656,2429,0.9704,1096,0.9656,0.3588,410.0,0.372
44461,九重町,8561,3878,1071,232.0,3878,8561,3739,0.9642,8257,0.9645,3739,0.9642,0.2682,1035.0,0.278
20414,泰阜村,1545,649,313,133.0,649,1545,625,0.963,1535,0.9935,625,0.963,0.2753,179.0,0.286
21504,七宗町,3361,1559,376,265.0,1559,3361,1501,0.9628,3202,0.9527,1501,0.9628,0.3073,482.0,0.319
28442,市川町,11222,4186,844,317.0,4186,11222,4028,0.9623,10668,0.9506,4118,0.9838,0.3714,1554.0,0.386
07484,鮫川村,3050,1240,491,162.0,1240,3050,1192,0.9613,2915,0.9557,1240,1.0,0.1279,156.0,0.133
02411,六ヶ所村,10398,2645,689,246.0,2639,10381,2536,0.961,8668,0.835,2624,0.9943,0.4825,1263.0,0.502
06366,鮭川村,3893,1578,384,263.0,1578,3893,1513,0.9588,3725,0.9568,1578,1.0,0.1955,309.0,0.204
40401,小竹町,7117,3006,364,529.0,3006,7117,2873,0.9558,6790,0.9541,3000,0.998,0.3778,1141.0,0.395
33681,吉備中央町,10875,4532,1683,172.0,4532,10875,4331,0.9556,10265,0.9439,4420,0.9753,0.3502,1586.0,0.366
02303,今別町,2275,1258,196,411.0,1258,2275,1202,0.9555,2158,0.9486,1258,1.0,0.6002,774.0,0.628
43433,南阿蘇村,9851,4202,1015,265.0,4202,9851,4014,0.9553,9311,0.9452,4098,0.9752,0.298,1252.0,0.312
08447,河内町,8195,3223,728,283.0,3223,8195,3077,0.9547,7783,0.9497,3188,0.9891,0.2164,698.0,0.227
36321,佐那河内村,2058,990,273,232.0,990,2058,945,0.9545,1923,0.9344,990,1.0,0.2954,291.0,0.31
05349,八峰町,6567,3035,463,420.0,3025,6529,2886,0.954,6251,0.9574,3000,0.9917,0.4308,1308.0,0.452
07322,大玉村,8920,2514,762,211.0,2514,8920,2395,0.9527,8412,0.943,2514,1.0,0.1535,377.0,0.161
31401,日南町,4196,2182,722,193.0,2182,4196,2075,0.951,3930,0.9366,2083,0.9546,0.3814,835.0,0.401
03484,田野畑村,3059,1299,462,180.0,1299,3059,1232,0.9484,2880,0.9415,1299,1.0,0.2801,363.0,0.295
33666,美咲町,13072,5419,1741,199.0,5419,13072,5134,0.9474,12032,0.9204,5239,0.9668,0.3205,1737.0,0.338
20425,木祖村,2692,1163,243,306.0,1163,2692,1101,0.9467,2556,0.9495,1101,0.9467,0.2235,261.0,0.236
10366,上野村,1128,518,135,246.0,518,1128,490,0.9459,1073,0.9512,490,0.9459,0.4618,239.0,0.488
04422,大郷町,7859,3029,750,258.0,3029,7859,2864,0.9455,7268,0.9248,3029,1.0,0.1664,502.0,0.176
29451,上北山村,444,234,59,254.0,234,444,221,0.9444,427,0.9617,234,1.0,0.4737,109.0,0.502
45442,日之影町,3640,1629,523,199.0,1629,3640,1538,0.9441,3418,0.939,1571,0.9644,0.3362,557.0,0.356
20303,小海町,4359,1836,337,349.0,1836,4359,1733,0.9439,4142,0.9502,1818,0.9902,0.2456,450.0,0.26
39387,仁淀川町,4820,2673,644,266.0,2673,4820,2522,0.9435,4435,0.9201,2673,1.0,0.3893,1045.0,0.413
24443,大台町,8667,3750,797,301.0,3750,8667,3528,0.9408,8200,0.9461,3643,0.9715,0.2928,1100.0,0.311
07505,古殿町,4817,1901,756,161.0,1901,4817,1788,0.9406,4549,0.9444,1901,1.0,0.1795,340.0,0.191
29449,十津川村,3061,1313,485,173.0,1313,3061,1235,0.9406,2903,0.9484,1313,1.0,0.4221,551.0,0.449
41441,太良町,8051,3150,629,321.0,3145,8024,2955,0.9396,7472,0.9312,3011,0.9574,0.2075,655.0,0.221
09384,塩谷町,10359,4187,1205,222.0,4187,10359,3933,0.9393,9717,0.938,4081,0.9747,0.2133,887.0,0.227
46527,龍郷町,5724,1880,349,345.0,1880,5714,1764,0.9383,5233,0.9158,1779,0.9463,0.4996,952.0,0.532
05366,井川町,4558,1969,284,444.0,1969,4558,1847,0.938,4199,0.9212,1969,1.0,0.3289,650.0,0.351
43484,津奈木町,4149,1752,341,329.0,1752,4147,1643,0.9378,3885,0.9368,1734,0.9897,0.308,551.0,0.328
02443,田子町,4959,2197,497,283.0,2197,4959,2058,0.9367,4590,0.9256,2197,1.0,0.4304,939.0,0.46
20486,小谷村,2647,1024,320,205.0,1024,2647,958,0.9355,2417,0.9131,985,0.9619,0.293,297.0,0.313
10444,川場村,3482,1565,279,359.0,1565,3482,1463,0.9348,3186,0.915,1565,1.0,0.1623,254.0,0.174
18483,おおい町,7862,2540,533,305.0,2540,7862,2372,0.9339,6957,0.8849,2433,0.9579,0.458,1167.0,0.49
24471,大紀町,7816,3934,680,370.0,3934,7816,3672,0.9334,7282,0.9317,3768,0.9578,0.3313,1303.0,0.355
20562,木島平村,4438,1764,358,315.0,1764,4438,1645,0.9325,4130,0.9306,1715,0.9722,0.2087,368.0,0.224
07503,平田村,5826,2076,1050,127.0,2076,5826,1935,0.9321,5295,0.9089,2013,0.9697,0.1532,315.0,0.164
14402,清川村,3020,1125,145,497.0,1125,3020,1047,0.9307,2750,0.9106,1125,1.0,0.2838,321.0,0.305
02323,深浦町,7056,3605,538,429.0,3593,7018,3339,0.9293,6579,0.9374,3367,0.9371,0.5266,1962.0,0.567
07402,北塩原村,2551,944,236,256.0,944,2551,877,0.929,2296,0.9,944,1.0,0.2341,222.0,0.252
46501,中種子町,7511,2956,1019,186.0,2953,7487,2743,0.9289,6735,0.8996,2816,0.9536,0.4522,1342.0,0.487
06403,飯豊町,6626,2572,755,218.0,2572,6626,2389,0.9288,6058,0.9143,2488,0.9673,0.1965,502.0,0.212
30392,日高川町,9183,3369,879,245.0,3369,9183,3128,0.9285,8461,0.9214,3273,0.9715,0.3742,1268.0,0.403
31386,大山町,15328,6184,1069,370.0,6184,15328,5740,0.9282,14010,0.914,5977,0.9665,0.2596,1608.0,0.28
06365,大蔵村,3019,1180,253,298.0,1180,3019,1095,0.928,2816,0.9328,1095,0.928,0.2358,280.0,0.254
21382,輪之内町,9728,2601,497,335.0,2601,9728,2413,0.9277,8790,0.9036,2437,0.9369,0.2608,671.0,0.281
20349,青木村,4102,1617,359,288.0,1617,4102,1500,0.9276,3696,0.901,1617,1.0,0.2048,333.0,0.221
29444,黒滝村,623,345,108,204.0,345,623,320,0.9275,587,0.9422,345,1.0,0.3614,124.0,0.39
15581,関川村,5139,2213,415,341.0,2213,5139,2052,0.9272,4732,0.9208,2213,1.0,0.2041,453.0,0.22
34462,世羅町,15121,6329,2158,188.0,6329,15121,5865,0.9267,13797,0.9124,6275,0.9915,0.2708,1717.0,0.292
39424,大月町,4298,2146,559,246.0,2146,4297,1987,0.9259,3814,0.8876,2021,0.9418,0.3136,682.0,0.339
07362,下郷町,5264,2355,446,338.0,2355,5264,2180,0.9257,4750,0.9024,2355,1.0,0.2986,705.0,0.323
20590,飯綱町,10306,4223,802,337.0,4223,10306,3908,0.9254,9619,0.9333,4002,0.9477,0.1881,787.0,0.203
22304,南伊豆町,7853,3871,783,316.0,3871,7852,3582,0.9253,7280,0.9272,3679,0.9504,0.436,1689.0,0.471
04324,川崎町,8341,3213,851,242.0,3213,8341,2972,0.925,7623,0.9139,3130,0.9742,0.2015,647.0,0.218
32449,邑南町,10166,4584,1565,187.0,4584,10166,4236,0.9241,9113,0.8964,4347,0.9483,0.3778,1731.0,0.409
30382,日高町,7584,2257,499,289.0,2257,7584,2085,0.9238,6839,0.9018,2160,0.957,0.3843,890.0,0.416
20583,信濃町,7738,3398,849,256.0,3398,7738,3137,0.9232,7156,0.9248,3357,0.9879,0.2421,827.0,0.262
40522,大木町,13902,4130,667,396.0,4130,13902,3811,0.9228,12511,0.8999,3982,0.9642,0.2989,1206.0,0.324
20350,長和町,5605,2388,511,299.0,2388,5605,2203,0.9225,5166,0.9217,2388,1.0,0.2271,540.0,0.246
45404,木城町,4873,1829,413,283.0,1829,4873,1687,0.9224,4317,0.8859,1829,1.0,0.2631,479.0,0.285
03301,雫石町,15862,6128,1600,245.0,6128,15862,5651,0.9222,14759,0.9305,5933,0.9682,0.1908,1160.0,0.207
41387,玄海町,5546,1766,397,285.0,1766,5535,1628,0.9219,4778,0.8632,1718,0.9728,0.2349,417.0,0.255
20304,川上村,4348,1197,274,280.0,1197,4348,1103,0.9215,3982,0.9158,1188,0.9925,0.0802,96.0,0.087
31389,南部町,10325,3893,664,375.0,3893,10325,3587,0.9214,9397,0.9101,3812,0.9792,0.2442,947.0,0.265
07344,天栄村,5177,1916,431,285.0,1916,5177,1765,0.9212,4632,0.8947,1916,1.0,0.1078,206.0,0.117
30304,紀美野町,8309,4029,783,329.0,4029,8309,3711,0.9211,7640,0.9195,3864,0.959,0.393,1576.0,0.427
20452,筑北村,4169,1911,463,264.0,1911,4169,1756,0.9189,3806,0.9129,1911,1.0,0.2659,513.0,0.289
20305,南牧村,3240,997,313,204.0,997,3240,916,0.9188,2948,0.9099,962,0.9649,0.137,136.0,0.149
40608,大任町,5044,1939,347,358.0,1939,5044,1781,0.9185,4669,0.9257,1857,0.9577,0.2688,524.0,0.293
17324,川北町,6100,1452,187,497.0,1452,6100,1333,0.918,5784,0.9482,1435,0.9883,0.1251,181.0,0.136
02402,七戸町,14555,5935,1273,298.0,5935,14555,5446,0.9176,13522,0.929,5583,0.9407,0.3899,2317.0,0.425
20423,南木曽町,3915,1685,453,238.0,1685,3915,1546,0.9175,3608,0.9216,1567,0.93,0.3375,568.0,0.368
10448,昭和村,6938,2277,631,231.0,2277,6938,2088,0.917,6304,0.9086,2277,1.0,0.2238,511.0,0.244
20602,栄村,1647,890,211,270.0,890,1647,816,0.9169,1515,0.9199,816,0.9169,0.4098,370.0,0.447
06341,大石田町,6592,2639,372,454.0,2639,6592,2418,0.9163,5982,0.9075,2446,0.9269,0.2082,548.0,0.227
02423,大間町,4680,1700,256,425.0,1686,4649,1544,0.9158,4064,0.8742,1662,0.9858,0.4495,769.0,0.491
45429,諸塚村,1486,676,215,201.0,676,1486,619,0.9157,1280,0.8614,619,0.9157,0.3496,237.0,0.382
22429,川根本町,6206,3082,599,329.0,3082,6206,2822,0.9156,5694,0.9175,3027,0.9822,0.3725,1146.0,0.407
05348,三種町,15247,6934,1064,417.0,6934,15247,6345,0.9151,13943,0.9145,6695,0.9655,0.3726,2584.0,0.407
32505,吉賀町,6067,2710,726,239.0,2710,6067,2479,0.9148,5361,0.8836,2583,0.9531,0.4045,1100.0,0.442
24303,木曽岬町,6006,2011,262,491.0,2011,6006,1839,0.9145,5416,0.9018,2011,1.0,0.1867,375.0,0.204
20417,大鹿村,1023,465,189,157.0,465,1023,425,0.914,842,0.8231,425,0.914,0.4132,192.0,0.452
39344,大豊町,3251,1897,766,158.0,1897,3251,1733,0.9135,2844,0.8748,1786,0.9415,0.4295,819.0,0.47
09344,市貝町,11349,3357,1087,198.0,3357,11349,3065,0.913,9931,0.8751,3315,0.9875,0.2609,865.0,0.286
01645,豊頃町,3022,1226,408,192.0,1226,3022,1119,0.9127,2682,0.8875,1178,0.9608,0.249,297.0,0.273
28365,多可町,19276,7305,1328,352.0,7305,19276,6667,0.9127,17455,0.9055,7065,0.9671,0.3151,2302.0,0.345
10443,片品村,3996,1634,372,281.0,1634,3996,1490,0.9119,3711,0.9287,1532,0.9376,0.2122,348.0,0.233
32448,美郷町,4344,2071,730,182.0,2071,4344,1888,0.9116,3873,0.8916,1888,0.9116,0.3682,767.0,0.404
27322,能勢町,9058,3757,798,301.0,3757,9058,3423,0.9111,8179,0.903,3668,0.9763,0.3395,1279.0,0.373
04606,南三陸町,12128,4619,968,305.0,4619,12128,4204,0.9102,11018,0.9085,4466,0.9669,0.2522,1187.0,0.277
03503,野田村,3921,1506,374,258.0,1506,3921,1369,0.909,3577,0.9123,1369,0.909,0.3078,466.0,0.339
32343,奥出雲町,11849,5132,1684,195.0,5132,11849,4662,0.9084,10904,0.9202,5008,0.9758,0.3015,1547.0,0.332
24442,明和町,22436,7017,835,538.0,7017,22436,6370,0.9078,20238,0.902,6900,0.9833,0.1982,1389.0,0.218
20448,生坂村,1639,713,209,218.0,713,1639,647,0.9074,1499,0.9146,647,0.9074,0.268,187.0,0.295
36301,勝浦町,4833,2119,429,316.0,2119,4833,1922,0.907,4398,0.91,1950,0.9202,0.33,702.0,0.364
07465,中島村,4844,1460,373,251.0,1460,4844,1323,0.9062,4268,0.8811,1453,0.9952,0.141,209.0,0.156
38484,松野町,3680,1733,422,263.0,1733,3680,1568,0.9048,3186,0.8658,1575,0.9088,0.3603,624.0,0.398
02209,つがる市,30961,12009,1923,400.0,12009,30961,10862,0.9045,27246,0.88,11627,0.9682,0.3894,4673.0,0.431
43367,南関町,8963,3514,889,253.0,3514,8963,3178,0.9044,8052,0.8984,3404,0.9687,0.3127,1104.0,0.346
43369,和水町,9353,3972,897,283.0,3972,9353,3588,0.9033,8527,0.9117,3767,0.9484,0.2889,1144.0,0.32
07407,磐梯町,3326,1236,258,307.0,1236,3326,1116,0.9029,3042,0.9146,1158,0.9369,0.1895,236.0,0.21
45361,高原町,8657,3616,887,261.0,3616,8657,3265,0.9029,7951,0.9184,3432,0.9491,0.2916,1052.0,0.323
46529,喜界町,6598,2658,447,381.0,2658,6589,2400,0.9029,5893,0.8944,2400,0.9029,0.6068,1616.0,0.672
20386,中川村,4650,1663,510,209.0,1663,4650,1501,0.9026,4229,0.9095,1591,0.9567,0.1748,293.0,0.194
12347,多古町,13724,4954,1171,271.0,4954,13724,4470,0.9023,12179,0.8874,4847,0.9784,0.1534,782.0,0.17
46468,大崎町,12374,4896,1413,222.0,4896,12374,4416,0.902,10844,0.8764,4598,0.9391,0.3972,1934.0,0.44
28501,佐用町,15872,6856,1446,303.0,6856,15872,6178,0.9011,14158,0.892,6725,0.9809,0.3673,2517.0,0.408
08233,行方市,32184,11616,3561,209.0,11616,32184,10466,0.901,29012,0.9014,11307,0.9734,0.2084,2418.0,0.231
15405,出雲崎町,4093,1797,404,285.0,1793,4082,1615,0.9007,3579,0.8768,1688,0.9414,0.2808,506.0,0.312
07367,只見町,4044,1911,394,310.0,1911,4044,1721,0.9006,3625,0.8964,1772,0.9273,0.3882,740.0,0.431
45443,五ヶ瀬町,3514,1532,450,218.0,1532,3514,1379,0.9001,3202,0.9112,1391,0.908,0.2665,397.0,0.296
43425,産山村,1383,589,218,173.0,589,1383,530,0.8998,1245,0.9002,530,0.8998,0.3204,190.0,0.356
01437,北竜町,1724,776,228,218.0,776,1724,698,0.8995,1582,0.9176,776,1.0,0.3753,291.0,0.417
02367,田舎館村,7365,2676,361,474.0,2676,7365,2407,0.8995,6594,0.8953,2676,1.0,0.4095,1081.0,0.455
28301,猪名川町,29762,9390,796,755.0,9390,29762,8445,0.8994,26088,0.8766,9206,0.9804,0.3568,3358.0,0.397
43510,相良村,4099,1742,359,311.0,1742,4099,1566,0.899,3567,0.8702,1574,0.9036,0.316,554.0,0.351
24441,多気町,14009,4842,838,370.0,4842,14009,4350,0.8984,11985,0.8555,4692,0.969,0.1531,742.0,0.17
46525,瀬戸内町,8380,3221,409,504.0,3213,8360,2885,0.8979,7401,0.8853,2973,0.9253,0.5129,1667.0,0.571
40610,福智町,21127,7981,955,535.0,7981,21127,7161,0.8973,19067,0.9025,7981,1.0,0.3056,2465.0,0.341
30343,九度山町,3855,1780,247,461.0,1780,3855,1596,0.8966,3474,0.9012,1596,0.8966,0.3317,594.0,0.37
08364,大子町,15736,7282,1938,240.0,7282,15736,6523,0.8958,14105,0.8964,6711,0.9216,0.2971,2159.0,0.332
15504,刈羽村,4426,1488,286,333.0,1488,4426,1333,0.8958,3752,0.8477,1425,0.9577,0.1595,225.0,0.178
46217,曽於市,33311,13759,3466,254.0,13759,33311,12326,0.8958,28987,0.8702,13007,0.9453,0.3669,5062.0,0.41
10424,長野原町,5097,1981,584,217.0,1981,5097,1773,0.895,4603,0.9031,1912,0.9652,0.2134,425.0,0.238
06363,舟形町,5002,2073,360,369.0,2073,5002,1855,0.8948,4569,0.9134,2073,1.0,0.2376,500.0,0.265
15307,聖籠町,14267,3706,591,401.0,3706,14267,3312,0.8937,11969,0.8389,3621,0.9771,0.1482,551.0,0.166
24561,御浜町,8087,3311,617,343.0,3311,8087,2958,0.8934,7179,0.8877,3223,0.9734,0.3582,1182.0,0.401
18382,池田町,2421,1078,248,278.0,1078,2421,963,0.8933,2147,0.8868,1015,0.9416,0.425,458.0,0.476
46404,長島町,9474,3493,1036,216.0,3480,9447,3107,0.8928,8289,0.8774,3336,0.9586,0.4,1418.0,0.448
43501,錦町,10310,3439,791,278.0,3439,10310,3067,0.8918,9145,0.887,3226,0.9381,0.2987,1022.0,0.335
40602,添田町,8778,3925,662,379.0,3925,8778,3497,0.891,7704,0.8776,3692,0.9406,0.3081,1210.0,0.346
05206,男鹿市,25116,11797,1507,501.0,11792,25094,10499,0.8903,22001,0.8767,11289,0.9573,0.3914,4622.0,0.44
12409,芝山町,6962,2504,714,224.0,2504,6962,2229,0.8902,6141,0.8821,2479,0.99,0.1211,318.0,0.136
36368,那賀町,7365,3809,973,251.0,3809,7365,3389,0.8897,6603,0.8965,3610,0.9478,0.3784,1441.0,0.425
21507,東白川村,2016,906,355,163.0,906,2016,806,0.8896,1808,0.8968,806,0.8896,0.3138,286.0,0.353
01391,島牧村,1342,563,144,250.0,555,1316,493,0.8883,1109,0.8427,555,1.0,0.3895,220.0,0.439
09345,芳賀町,15087,4715,1667,181.0,4715,15087,4186,0.8878,12935,0.8574,4474,0.9489,0.203,971.0,0.229
46491,南大隅町,6449,3183,765,266.0,3174,6418,2817,0.8875,5547,0.8643,2879,0.9071,0.4776,1527.0,0.538
46502,南種子町,5445,1962,612,205.0,1962,5438,1741,0.8874,4780,0.879,1911,0.974,0.4556,894.0,0.513
05463,羽後町,13819,5438,1131,308.0,5438,13819,4825,0.8873,11954,0.865,4978,0.9154,0.3173,1725.0,0.358
07211,田村市,35192,12620,3951,204.0,12620,35192,11197,0.8872,30801,0.8752,12138,0.9618,0.1888,2381.0,0.213
20450,山形村,8407,2454,343,458.0,2454,8407,2177,0.8871,7248,0.8621,2326,0.9478,0.1593,388.0,0.18
30424,古座川町,2480,1373,334,263.0,1373,2480,1218,0.8871,2198,0.8863,1218,0.8871,0.4862,666.0,0.548
10425,嬬恋村,8853,3295,882,239.0,3295,8853,2917,0.8853,7903,0.8927,3058,0.9281,0.1735,570.0,0.196
31364,三朝町,6060,2389,410,373.0,2389,6060,2113,0.8845,5471,0.9028,2200,0.9209,0.3073,740.0,0.347
04301,蔵王町,11410,4377,1275,220.0,4377,11410,3871,0.8844,10261,0.8993,4049,0.9251,0.2242,979.0,0.254
45405,川南町,15128,5361,1701,202.0,5361,15122,4740,0.8842,12916,0.8541,5063,0.9444,0.2324,1261.0,0.263
12441,大多喜町,8873,3878,979,254.0,3878,8873,3426,0.8834,7734,0.8716,3701,0.9544,0.2243,871.0,0.254
24461,玉城町,15178,4278,577,475.0,4278,15178,3778,0.8831,13405,0.8832,4157,0.9717,0.1797,765.0,0.203
44214,国東市,26128,11216,2491,288.0,11202,26090,9889,0.8828,22176,0.85,10505,0.9378,0.3105,3511.0,0.352
12424,白子町,10298,4187,889,301.0,4187,10298,3696,0.8827,9180,0.8914,4056,0.9687,0.2118,882.0,0.24
12463,鋸南町,6984,3367,534,404.0,3367,6982,2971,0.8824,6044,0.8657,3231,0.9596,0.3366,1131.0,0.381
43511,五木村,931,458,133,220.0,458,931,404,0.8821,792,0.8507,404,0.8821,0.3997,178.0,0.453
30390,印南町,7693,2849,620,294.0,2849,7693,2511,0.8814,6707,0.8718,2580,0.9056,0.38,1085.0,0.431
02405,六戸町,10470,3536,829,273.0,3536,10470,3113,0.8804,9078,0.867,3346,0.9463,0.4153,1466.0,0.472
28222,養父市,22114,8745,1364,410.0,8745,22114,7695,0.8799,19097,0.8636,8397,0.9602,0.381,3334.0,0.433
36342,神山町,4642,2525,760,213.0,2525,4642,2221,0.8796,4065,0.8757,2436,0.9648,0.4069,1027.0,0.463
09407,那須町,23515,9687,3407,182.0,9687,23515,8521,0.8796,20832,0.8859,9294,0.9594,0.2548,2469.0,0.29
20363,原村,7658,2661,617,276.0,2661,7658,2338,0.8786,6663,0.8701,2661,1.0,0.1901,507.0,0.216
33606,鏡野町,12064,4680,1440,208.0,4680,12064,4111,0.8784,10262,0.8506,4565,0.9754,0.3014,1409.0,0.343
20432,木曽町,10588,4425,1022,277.0,4425,10588,3884,0.8777,9160,0.8651,3974,0.8981,0.2985,1321.0,0.34
29401,高取町,6771,2763,344,514.0,2763,6771,2425,0.8777,6016,0.8885,2763,1.0,0.3161,879.0,0.36
21506,白川町,7412,3464,1043,213.0,3464,7412,3039,0.8773,6585,0.8884,3382,0.9763,0.3506,1217.0,0.4
07504,浅川町,6028,2054,477,276.0,2054,6028,1802,0.8773,5281,0.8761,1891,0.9206,0.188,386.0,0.214
42208,松浦市,20991,7715,1671,295.0,7698,20952,6751,0.877,17730,0.8462,7429,0.9651,0.442,3466.0,0.504
28446,神河町,10618,4055,931,279.0,4055,10618,3553,0.8762,9161,0.8628,3627,0.8945,0.356,1444.0,0.406
01392,寿都町,2775,1159,215,345.0,1159,2775,1015,0.8758,2230,0.8036,1159,1.0,0.455,531.0,0.52
08229,稲敷市,38966,14282,2918,313.0,14282,38966,12507,0.8757,33942,0.8711,13736,0.9618,0.2096,3004.0,0.239
06364,真室川町,7218,3015,658,293.0,3015,7218,2639,0.8753,6290,0.8714,2743,0.9098,0.2,601.0,0.228
07561,新地町,7924,2599,726,229.0,2599,7924,2275,0.8753,6792,0.8571,2339,0.9,0.2196,570.0,0.251
43531,苓北町,6997,3027,490,395.0,3027,6983,2649,0.8751,5950,0.8521,2824,0.9329,0.3943,1211.0,0.451
19422,道志村,1607,614,196,200.0,614,1607,537,0.8746,1413,0.8793,614,1.0,0.2612,160.0,0.299
45431,美郷町,4826,2484,717,222.0,2484,4826,2172,0.8744,4142,0.8583,2185,0.8796,0.3332,829.0,0.381
36405,上板町,11383,4037,729,354.0,4037,11383,3529,0.8742,9753,0.8568,3943,0.9767,0.241,974.0,0.276
18442,美浜町,9133,3265,482,434.0,3265,9133,2854,0.8741,7986,0.8744,3265,1.0,0.4363,1437.0,0.499
28481,上郡町,13877,5451,866,403.0,5451,13877,4761,0.8734,12042,0.8678,4984,0.9143,0.3498,1908.0,0.4
39411,津野町,5300,2390,673,227.0,2390,5300,2087,0.8732,4515,0.8519,2390,1.0,0.2385,570.0,0.273
20411,下條村,3545,1242,391,203.0,1242,3545,1084,0.8728,3012,0.8496,1191,0.9589,0.1793,223.0,0.205
02446,階上町,13379,4266,989,276.0,4266,13379,3715,0.8708,11257,0.8414,4266,1.0,0.4686,2006.0,0.538
03210,陸前高田市,18234,7352,1424,330.0,7352,18232,6396,0.87,15668,0.8594,7036,0.957,0.2657,1955.0,0.305
46532,伊仙町,6139,2323,686,217.0,2323,6139,2021,0.87,5318,0.8663,2096,0.9023,0.5358,1245.0,0.616
12427,長南町,7253,3250,967,215.0,3250,7253,2823,0.8686,6416,0.8846,3109,0.9566,0.1488,478.0,0.171
40625,みやこ町,18795,7894,1468,344.0,7894,18795,6855,0.8684,16664,0.8866,7691,0.9743,0.3305,2616.0,0.381
05434,美郷町,18640,7314,2020,232.0,7314,18640,6351,0.8683,16154,0.8666,7153,0.978,0.3017,2223.0,0.347
33346,和気町,13624,5586,1025,349.0,5586,13624,4848,0.8679,11452,0.8406,5120,0.9166,0.317,1775.0,0.365
15385,阿賀町,9965,4944,852,371.0,4944,9965,4290,0.8677,8575,0.8605,4826,0.9761,0.3037,1502.0,0.35
39405,檮原町,3302,1542,469,210.0,1542,3302,1336,0.8664,2829,0.8568,1336,0.8664,0.3783,579.0,0.437
20324,立科町,6589,2424,560,277.0,2424,6589,2100,0.8663,5762,0.8745,2206,0.9101,0.177,432.0,0.204
43348,美里町,9396,4395,814,346.0,4395,9396,3805,0.8658,8166,0.8691,4012,0.9129,0.2859,1262.0,0.33
40646,上毛町,7256,2612,548,305.0,2612,7256,2261,0.8656,6217,0.8568,2358,0.9028,0.331,866.0,0.382
08521,八千代町,20973,6489,1585,262.0,6489,20973,5616,0.8655,17702,0.844,6302,0.9712,0.1885,1218.0,0.218
01571,豊浦町,3815,1525,313,312.0,1525,3815,1319,0.8649,3216,0.843,1459,0.9567,0.4188,633.0,0.484
21403,大野町,22075,6615,862,491.0,6615,22075,5719,0.8646,18789,0.8511,6051,0.9147,0.2273,1502.0,0.263
43482,芦北町,15490,6984,1141,392.0,6978,15473,6023,0.8631,13243,0.8559,6441,0.923,0.3425,2406.0,0.397
46452,湧水町,9126,4037,920,281.0,4037,9126,3484,0.863,7901,0.8658,3925,0.9723,0.3783,1523.0,0.438
42411,新上五島町,16930,7245,1213,382.0,7227,16856,6234,0.8626,14180,0.8412,6851,0.948,0.6051,4525.0,0.701
33663,久米南町,4512,2025,655,198.0,2025,4512,1746,0.8622,3786,0.8391,1936,0.956,0.3584,729.0,0.416
46482,東串良町,6233,2296,479,307.0,2296,6233,1978,0.8615,4848,0.7778,2288,0.9965,0.4093,936.0,0.475
32209,雲南市,35992,14418,3666,252.0,14418,35992,12419,0.8614,30222,0.8397,13312,0.9233,0.2238,3228.0,0.26
20384,飯島町,9001,3308,897,236.0,3308,9001,2846,0.8603,7695,0.8549,3308,1.0,0.2139,712.0,0.249
06362,最上町,8080,3260,605,345.0,3260,8080,2803,0.8598,6962,0.8616,2857,0.8764,0.2315,755.0,0.269
35502,阿武町,2965,1494,310,308.0,1494,2965,1284,0.8594,2453,0.8273,1313,0.8788,0.307,467.0,0.357
09343,茂木町,11896,5090,1636,199.0,5090,11896,4374,0.8593,10286,0.8647,4595,0.9028,0.2577,1308.0,0.3
07368,南会津町,14451,6045,1137,340.0,6045,14451,5191,0.8587,11971,0.8284,5686,0.9406,0.3059,1850.0,0.356
04341,丸森町,12259,5314,1700,200.0,5314,12259,4563,0.8587,10407,0.8489,4943,0.9302,0.2378,1259.0,0.277
19209,北杜市,44039,17615,4549,248.0,17615,44039,15122,0.8585,37190,0.8445,16562,0.9402,0.349,6149.0,0.407
12422,睦沢町,6858,2870,653,281.0,2870,6858,2462,0.8578,5769,0.8412,2731,0.9516,0.2144,610.0,0.25
08442,美浦村,14567,4692,850,353.0,4692,14567,4023,0.8574,12716,0.8729,4408,0.9395,0.1616,756.0,0.188
07405,西会津町,5781,2717,549,317.0,2717,5781,2328,0.8568,4955,0.8571,2352,0.8657,0.3358,913.0,0.392
08310,城里町,18091,6787,1585,274.0,6787,18091,5813,0.8565,15359,0.849,6197,0.9131,0.2181,1478.0,0.255
31372,北栄町,14053,5007,643,498.0,5007,14053,4281,0.855,11841,0.8426,4730,0.9447,0.2314,1171.0,0.271
24562,紀宝町,10305,3854,560,440.0,3854,10305,3293,0.8544,8327,0.8081,3689,0.9572,0.3246,1255.0,0.38
11349,ときがわ町,10523,4082,778,336.0,4082,10523,3484,0.8535,8839,0.84,3930,0.9628,0.1811,741.0,0.212
45209,えびの市,17634,7467,1699,281.0,7467,17634,6371,0.8532,14458,0.8199,6938,0.9292,0.3007,2247.0,0.352
33215,美作市,25928,10795,2702,256.0,10795,25928,9209,0.8531,22021,0.8493,10488,0.9716,0.3315,3580.0,0.389
06426,三川町,7627,2677,348,492.0,2677,7627,2283,0.8528,6157,0.8073,2499,0.9335,0.2125,566.0,0.249
17205,珠洲市,12833,6643,1281,332.0,6643,12826,5664,0.8526,10468,0.8162,6233,0.9383,0.3336,2226.0,0.391
40448,東峰村,1889,875,226,248.0,875,1889,746,0.8526,1631,0.8634,746,0.8526,0.3386,294.0,0.397
03441,住田町,5045,2288,600,244.0,2288,5045,1950,0.8523,4239,0.8402,2160,0.9441,0.2879,658.0,0.338
32386,飯南町,4577,2116,852,159.0,2116,4577,1803,0.8521,3874,0.8464,1824,0.862,0.2904,614.0,0.341
03507,洋野町,15065,6263,1588,252.0,6263,15065,5335,0.8518,13082,0.8684,5708,0.9114,0.2748,1724.0,0.323
34369,北広島町,17760,6922,2572,172.0,6922,17760,5896,0.8518,14067,0.7921,6773,0.9785,0.3407,2357.0,0.4
33623,奈義町,5586,1986,574,221.0,1986,5586,1691,0.8515,4269,0.7642,1838,0.9255,0.2482,491.0,0.291
10429,東吾妻町,12714,5229,1292,259.0,5229,12714,4451,0.8512,10715,0.8428,4845,0.9266,0.2139,1124.0,0.251
05363,八郎潟町,5566,2417,243,637.0,2417,5566,2056,0.8506,4704,0.8451,2395,0.9909,0.39,966.0,0.458
23562,東栄町,2938,1455,399,233.0,1455,2938,1237,0.8502,2560,0.8713,1455,1.0,0.4176,622.0,0.491
40226,宮若市,26315,9660,1446,428.0,9660,26315,8211,0.85,22040,0.8375,9039,0.9357,0.3303,3185.0,0.389
46206,阿久根市,19232,8032,1517,339.0,8032,19201,6826,0.8499,15757,0.8206,7842,0.9763,0.3428,2760.0,0.403
39306,馬路村,745,305,76,257.0,305,745,259,0.8492,616,0.8268,259,0.8492,0.2598,79.0,0.306
24214,いなべ市,44975,12292,2201,357.0,12292,44975,10435,0.8489,37090,0.8247,12023,0.9781,0.2206,2713.0,0.26
02384,鶴田町,12037,4562,604,483.0,4562,12037,3872,0.8488,10237,0.8505,4211,0.9231,0.4164,1905.0,0.491
46224,伊佐市,24441,10154,2484,262.0,10154,24441,8606,0.8475,19814,0.8107,9834,0.9685,0.3899,3964.0,0.46
17384,志賀町,18515,8259,1607,329.0,8233,18496,6975,0.8472,15626,0.8448,7455,0.9055,0.1997,1660.0,0.236
01648,陸別町,2264,901,218,265.0,901,2264,763,0.8468,1926,0.8507,784,0.8701,0.2439,216.0,0.288
33622,勝央町,10889,3502,788,284.0,3502,10889,2964,0.8464,8497,0.7803,3268,0.9332,0.2965,1027.0,0.35
44212,豊後大野市,33684,14880,3417,279.0,14880,33684,12590,0.8461,27304,0.8106,13600,0.914,0.2694,4012.0,0.318
31329,八頭町,15928,5784,841,440.0,5784,15928,4892,0.8458,13317,0.8361,5127,0.8864,0.1907,1104.0,0.225
07542,楢葉町,3706,1388,512,174.0,1388,3706,1174,0.8458,3177,0.8573,1247,0.8984,0.1919,266.0,0.227
20413,天龍村,1178,752,160,301.0,752,1178,636,0.8457,1009,0.8565,636,0.8457,0.4523,331.0,0.535
02406,横浜町,4202,1678,354,303.0,1678,4202,1419,0.8456,3570,0.8496,1678,1.0,0.5247,887.0,0.621
41423,大町町,6302,2571,239,688.0,2571,6302,2173,0.8452,5554,0.8813,2555,0.9938,0.219,562.0,0.259
16342,入善町,23826,8746,1715,326.0,8746,23826,7386,0.8445,19791,0.8306,7927,0.9064,0.2419,2124.0,0.286
08234,鉾田市,45928,15470,4743,209.0,15470,45928,13061,0.8443,38704,0.8427,14348,0.9275,0.2358,3644.0,0.279
42210,壱岐市,24642,9531,3107,196.0,9485,24544,8008,0.8443,20296,0.8269,8347,0.88,0.4681,4512.0,0.554
43447,山都町,13461,6777,1753,247.0,6777,13461,5717,0.8436,11567,0.8593,6348,0.9367,0.352,2384.0,0.417
28225,朝来市,28990,10340,1682,393.0,10340,28990,8713,0.8426,23563,0.8128,9244,0.894,0.3767,3899.0,0.447
04213,栗原市,64685,26139,6468,259.0,26139,64685,22022,0.8425,52990,0.8192,23290,0.891,0.2297,6018.0,0.273
41425,白石町,22052,7987,1892,270.0,7987,22052,6728,0.8424,18695,0.8478,7631,0.9554,0.1926,1538.0,0.229
44208,竹田市,20350,9837,2650,238.0,9837,20350,8287,0.8424,16896,0.8303,8626,0.8769,0.2997,2939.0,0.356
16343,朝日町,11074,4955,713,445.0,4955,11074,4172,0.842,9180,0.829,4578,0.9239,0.2602,1285.0,0.309
44211,宇佐市,52800,19259,3942,313.0,19259,52800,16215,0.8419,41904,0.7936,17630,0.9154,0.2522,4866.0,0.3
09411,那珂川町,15217,6035,1779,217.0,6035,15217,5077,0.8413,12899,0.8477,5483,0.9085,0.2586,1559.0,0.307
07521,三春町,16920,5918,1100,344.0,5918,16920,4978,0.8412,14653,0.866,5547,0.9373,0.2115,1244.0,0.251
40601,香春町,10455,4427,613,462.0,4427,10455,3723,0.841,9011,0.8619,4054,0.9157,0.348,1475.0,0.414
07464,泉崎村,6198,1983,487,261.0,1983,6198,1667,0.8406,5288,0.8532,1845,0.9304,0.1347,267.0,0.16
10522,明和町,10860,3300,561,376.0,3300,10860,2773,0.8403,9160,0.8435,3106,0.9412,0.2322,770.0,0.276
01394,蘭越町,4568,1817,598,194.0,1817,4568,1525,0.8393,3845,0.8417,1726,0.9499,0.3482,637.0,0.415
43506,湯前町,3632,1609,390,264.0,1609,3632,1350,0.839,3005,0.8274,1411,0.8769,0.3209,514.0,0.382
26407,京丹波町,12907,5707,1389,263.0,5707,12907,4787,0.8388,10860,0.8414,5083,0.8907,0.3082,1759.0,0.367
02210,平川市,30569,10779,1281,539.0,10779,30569,9040,0.8387,25184,0.8238,10376,0.9626,0.3695,3982.0,0.441
30383,由良町,5328,2082,294,453.0,2082,5327,1746,0.8386,4480,0.841,1848,0.8876,0.3509,733.0,0.418
06323,朝日町,6357,2838,497,365.0,2838,6357,2380,0.8386,5078,0.7988,2599,0.9158,0.2666,754.0,0.318
02321,鰺ヶ沢町,8926,4012,621,413.0,4012,8926,3362,0.838,7443,0.8339,3370,0.84,0.4487,1810.0,0.535
42212,西海市,25306,9905,2144,296.0,9830,25169,8237,0.8379,19918,0.7914,8587,0.8736,0.4751,4838.0,0.567
03485,普代村,2492,1073,267,257.0,1073,2492,899,0.8378,2002,0.8034,960,0.8947,0.3397,362.0,0.405
03501,軽米町,8420,3526,929,243.0,3526,8420,2953,0.8375,6920,0.8219,3526,1.0,0.3188,1123.0,0.381
01403,泊村,1545,614,117,336.0,614,1544,514,0.8371,1140,0.7383,531,0.8648,0.4429,277.0,0.529
06361,金山町,5071,1876,426,282.0,1876,5071,1570,0.8369,4270,0.842,1846,0.984,0.2172,408.0,0.26
20416,豊丘村,6436,2107,450,300.0,2107,6436,1761,0.8358,5160,0.8017,2002,0.9502,0.1665,353.0,0.199
40604,糸田町,8478,3177,271,750.0,3177,8478,2655,0.8357,6961,0.8211,2864,0.9015,0.3614,1162.0,0.432
03366,西和賀町,5134,2617,712,235.0,2617,5134,2186,0.8353,4354,0.8481,2186,0.8353,0.2801,734.0,0.335
20309,佐久穂町,10159,3926,695,362.0,3926,10159,3279,0.8352,8518,0.8385,3689,0.9396,0.1861,737.0,0.223
02304,蓬田村,2402,1037,152,437.0,1037,2402,866,0.8351,2007,0.8356,1037,1.0,0.4597,495.0,0.55
42209,対馬市,27513,10523,1819,370.0,10398,27266,8680,0.8348,21525,0.7894,8830,0.8492,0.5007,5502.0,0.6
01333,知内町,4157,1639,410,256.0,1639,4157,1368,0.8347,3259,0.784,1620,0.9884,0.3336,550.0,0.4
29441,吉野町,6230,3227,621,333.0,3227,6230,2693,0.8345,5127,0.823,2984,0.9247,0.3338,1080.0,0.4
33213,赤磐市,42643,14395,2182,422.0,14395,42643,12010,0.8343,35600,0.8348,13277,0.9223,0.2969,4268.0,0.356
31402,日野町,2907,1472,295,319.0,1472,2907,1228,0.8342,2396,0.8242,1228,0.8342,0.3569,525.0,0.428
08212,常陸太田市,48608,18824,3582,336.0,18824,48608,15693,0.8337,39008,0.8025,17635,0.9368,0.2664,5011.0,0.32
23427,飛島村,4558,1414,282,321.0,1414,4558,1178,0.8331,3821,0.8383,1414,1.0,0.1466,208.0,0.176
47381,竹富町,3912,899,249,231.0,899,3900,749,0.8331,3269,0.8382,809,0.8999,0.513,464.0,0.616
19366,南部町,7157,3118,632,316.0,3118,7157,2597,0.8329,6021,0.8413,2931,0.94,0.3116,973.0,0.374
46490,錦江町,6818,3130,642,312.0,3130,6818,2607,0.8329,5498,0.8064,2783,0.8891,0.399,1290.0,0.479
37387,綾川町,22614,8152,1856,281.0,8152,22614,6787,0.8326,18147,0.8025,7580,0.9298,0.1961,1606.0,0.236
01431,浦臼町,1732,782,233,215.0,782,1732,651,0.8325,1432,0.8268,782,1.0,0.3973,309.0,0.477
18501,若狭町,13969,5093,933,349.0,5075,13933,4224,0.8323,11781,0.8455,4845,0.9547,0.3736,1907.0,0.449
36206,阿波市,34694,13200,2760,306.0,13200,34694,10985,0.8322,28899,0.833,11964,0.9064,0.2654,3504.0,0.319
24470,度会町,7847,2835,505,359.0,2835,7847,2359,0.8321,6700,0.8538,2517,0.8878,0.1547,438.0,0.186
07502,玉川村,6397,2024,611,212.0,2024,6397,1684,0.832,5466,0.8545,1866,0.9219,0.1126,228.0,0.135
43444,甲佐町,10118,3986,640,399.0,3986,10118,3314,0.8314,8521,0.8422,3574,0.8966,0.2339,933.0,0.281
28220,加西市,42652,14149,2411,376.0,14149,42652,11753,0.8307,33824,0.793,12669,0.8954,0.3535,5079.0,0.426
27366,岬町,14716,5961,432,883.0,5961,14716,4951,0.8306,12033,0.8177,5506,0.9237,0.4188,2498.0,0.504
03214,八幡平市,24021,9937,2448,260.0,9937,24021,8253,0.8305,19414,0.8082,8911,0.8967,0.2422,2408.0,0.292
03302,葛巻町,5636,2735,710,247.0,2735,5636,2269,0.8296,4696,0.8332,2522,0.9221,0.3777,1026.0,0.455
46213,西之表市,14652,5587,1198,298.0,5585,14622,4631,0.8292,11945,0.8169,5228,0.9361,0.4407,2467.0,0.531
07501,石川町,14646,5450,1399,249.0,5450,14646,4518,0.829,12112,0.827,5173,0.9492,0.2044,1110.0,0.247
12238,いすみ市,35531,15045,3166,304.0,15045,35531,12473,0.829,28811,0.8109,13800,0.9172,0.2718,4094.0,0.328
28223,丹波市,61471,21542,3815,361.0,21542,61471,17858,0.829,49313,0.8022,20196,0.9375,0.3638,7833.0,0.439
20485,白馬村,8575,2772,688,258.0,2772,8575,2297,0.8286,7106,0.8287,2438,0.8795,0.2237,623.0,0.27
41210,神埼市,30932,9702,1491,416.0,9702,30932,8035,0.8282,25570,0.8267,9074,0.9353,0.2251,2197.0,0.272
03303,岩手町,12270,4901,1263,248.0,4901,12270,4057,0.8278,10083,0.8218,4564,0.9312,0.2835,1388.0,0.343
40447,筑前町,29501,9259,1027,577.0,9259,29501,7665,0.8278,23743,0.8048,8792,0.9496,0.2937,2713.0,0.355
03482,山田町,14299,5736,840,437.0,5736,14295,4748,0.8278,11937,0.835,5150,0.8978,0.2761,1586.0,0.334
16321,舟橋村,2998,551,106,333.0,551,2998,456,0.8276,2522,0.8412,500,0.9074,0.2735,173.0,0.33
17461,穴水町,7668,3790,687,353.0,3779,7651,3127,0.8275,5665,0.7404,3480,0.9209,0.311,1204.0,0.376
06461,遊佐町,13009,5489,874,402.0,5489,13009,4540,0.8271,10646,0.8184,4659,0.8488,0.2227,1227.0,0.269
47361,久米島町,7170,2140,371,369.0,2140,7170,1770,0.8271,5170,0.7211,1802,0.8421,0.392,841.0,0.474
34214,安芸高田市,26450,11098,3088,230.0,11098,26450,9171,0.8264,21173,0.8005,9977,0.899,0.2698,2998.0,0.327
39412,四万十町,15607,6990,1834,244.0,6990,15606,5776,0.8263,12595,0.8071,6060,0.867,0.2755,1923.0,0.333
04581,女川町,6430,2336,255,586.0,2336,6426,1930,0.8262,5280,0.8217,2150,0.9204,0.3776,881.0,0.457
29212,宇陀市,28119,11794,2095,360.0,11794,28119,9742,0.826,22219,0.7902,10873,0.9219,0.2947,3476.0,0.357
46392,さつま町,20239,8444,2249,240.0,8444,20239,6971,0.8256,16470,0.8138,7466,0.8842,0.3899,3293.0,0.472
43514,あさぎり町,14645,5639,1220,296.0,5639,14645,4653,0.8251,11664,0.7964,4872,0.864,0.3048,1717.0,0.369
25443,多賀町,7291,2474,389,407.0,2474,7291,2041,0.825,5350,0.7338,2207,0.8921,0.341,840.0,0.413
20362,富士見町,14131,5126,989,332.0,5126,14131,4225,0.8242,11376,0.805,4679,0.9128,0.2533,1296.0,0.307
21341,養老町,26959,9198,1300,453.0,9198,26959,7576,0.8237,22135,0.8211,8849,0.9621,0.2159,1978.0,0.262
10384,甘楽町,12487,4285,697,393.0,4285,12487,3529,0.8236,9933,0.7955,3991,0.9314,0.2042,873.0,0.248
04444,色麻町,6711,2339,607,247.0,2339,6711,1925,0.823,5388,0.8029,2174,0.9295,0.1791,420.0,0.218
25384,竜王町,11842,3338,418,511.0,3338,11842,2747,0.8229,9665,0.8162,3231,0.9679,0.3151,1045.0,0.383
05207,湯沢市,42108,16927,2515,431.0,16927,42108,13925,0.8227,34395,0.8168,15547,0.9185,0.3325,5627.0,0.404
42321,東彼杵町,7474,2922,630,297.0,2922,7469,2404,0.8227,5910,0.7913,2841,0.9723,0.4015,1201.0,0.488
44209,豊後高田市,22095,8557,1846,297.0,8557,22093,7035,0.8221,17510,0.7926,7793,0.9107,0.3349,2863.0,0.407
46492,肝付町,14161,5867,1256,299.0,5867,14161,4823,0.8221,10789,0.7619,5490,0.9357,0.3693,2173.0,0.449
38506,愛南町,19182,8814,1523,370.0,8814,19177,7238,0.8212,15217,0.7935,8157,0.9255,0.325,2906.0,0.396
08236,小美玉市,48800,14485,3431,270.0,14485,48800,11891,0.8209,39319,0.8057,13308,0.9187,0.2085,3069.0,0.254
21221,海津市,32695,11239,1708,421.0,11239,32695,9225,0.8208,26874,0.822,10285,0.9151,0.2305,2595.0,0.281
46221,志布志市,29316,10548,2915,232.0,10548,29314,8655,0.8205,23317,0.7954,9612,0.9113,0.3655,3842.0,0.445
18423,越前町,19819,7100,1074,423.0,7100,19819,5825,0.8204,15943,0.8044,6503,0.9159,0.3081,2212.0,0.376
06322,西川町,4954,2262,416,348.0,2262,4954,1855,0.8201,4040,0.8155,2023,0.8943,0.2334,528.0,0.285
02442,五戸町,16046,6457,1170,353.0,6457,16046,5293,0.8197,13061,0.814,6120,0.9478,0.4024,2602.0,0.491
01409,赤井川村,1165,364,143,163.0,364,1165,298,0.8187,855,0.7339,364,1.0,0.3721,134.0,0.454
01634,鹿追町,5266,1651,486,217.0,1651,5266,1351,0.8183,4234,0.804,1450,0.8783,0.227,370.0,0.277
35213,美祢市,23243,9893,2520,251.0,9893,23243,8091,0.8179,19157,0.8242,9266,0.9366,0.1544,1529.0,0.189
25383,日野町,21002,6416,855,480.0,6416,21002,5247,0.8178,15490,0.7375,5914,0.9218,0.3124,2007.0,0.382
03461,大槌町,11004,4239,502,540.0,4239,11004,3466,0.8176,8966,0.8148,4010,0.946,0.2916,1224.0,0.357
08225,常陸大宮市,39274,14602,3624,258.0,14602,39274,11937,0.8175,30957,0.7882,13914,0.9529,0.2668,3903.0,0.326
38488,鬼北町,9681,4521,1038,279.0,4521,9681,3695,0.8173,7385,0.7628,3941,0.8717,0.3608,1634.0,0.441
12423,長生村,13836,4740,1003,302.0,4740,13836,3873,0.8171,11422,0.8255,4691,0.9897,0.2355,1116.0,0.288
31390,伯耆町,10646,4209,694,388.0,4209,10646,3439,0.8171,8645,0.812,3787,0.8997,0.2315,982.0,0.283
13308,奥多摩町,4743,2410,378,408.0,2410,4743,1969,0.817,3779,0.7968,2209,0.9166,0.5383,1297.0,0.659
34210,庄原市,33639,14456,4636,200.0,14456,33639,11807,0.8168,26787,0.7963,12678,0.877,0.2994,4365.0,0.367
28586,新温泉町,13310,5464,658,531.0,5460,13296,4457,0.8163,10876,0.818,5460,1.0,0.3772,2061.0,0.462
03524,一戸町,11489,4866,1130,276.0,4866,11489,3969,0.8157,9294,0.8089,4374,0.8989,0.3301,1611.0,0.405
21206,中津川市,76635,25022,5555,288.0,25022,76635,20407,0.8156,60326,0.7872,22664,0.9058,0.2996,7485.0,0.367
38386,久万高原町,7409,3662,1108,212.0,3662,7409,2985,0.8151,5800,0.7828,3166,0.8646,0.3665,1340.0,0.45
33214,真庭市,42728,17084,3690,296.0,17084,42728,13912,0.8143,33911,0.7936,15308,0.896,0.2603,4441.0,0.32
42323,波佐見町,14293,4600,798,369.0,4600,14293,3745,0.8141,11029,0.7716,4137,0.8993,0.3749,1724.0,0.461
06382,川西町,14523,5676,1484,245.0,5676,14523,4620,0.814,11472,0.7899,5123,0.9026,0.1745,991.0,0.214
12342,神崎町,5881,2021,342,378.0,2021,5881,1645,0.814,4903,0.8337,1926,0.953,0.2345,472.0,0.288
02301,平内町,9956,4111,592,444.0,4103,9926,3338,0.8136,7920,0.7979,3770,0.9188,0.4603,1917.0,0.566
09342,益子町,21772,7017,1684,267.0,7017,21772,5708,0.8135,17988,0.8262,6748,0.9617,0.2343,1650.0,0.288
06208,村山市,22418,8892,1165,488.0,8892,22418,7233,0.8134,17207,0.7676,8020,0.9019,0.2184,1945.0,0.269
12234,南房総市,35752,16857,3146,343.0,16849,35720,13699,0.813,28977,0.8112,15607,0.9263,0.314,5306.0,0.386
21210,恵那市,47692,16811,3809,282.0,16811,47692,13668,0.813,37902,0.7947,15393,0.9157,0.2905,4897.0,0.357
20407,阿智村,6088,2284,608,240.0,2284,6088,1857,0.813,5156,0.8469,2144,0.9387,0.1633,369.0,0.201
07482,矢祭町,5391,2134,505,270.0,2134,5391,1735,0.813,4576,0.8488,1828,0.8566,0.21,447.0,0.258
19442,小菅村,684,310,70,283.0,310,684,252,0.8129,529,0.7734,310,1.0,0.5264,163.0,0.648
04424,大衡村,5894,1720,487,226.0,1720,5894,1398,0.8128,5042,0.8554,1720,1.0,0.1886,322.0,0.232
28218,小野市,47589,13857,1653,537.0,13857,47589,11255,0.8122,34819,0.7317,12755,0.9205,0.3612,5000.0,0.445
10449,みなかみ町,17205,7012,1530,293.0,7012,17205,5693,0.8119,14109,0.8201,6883,0.9816,0.2244,1574.0,0.276
44341,日出町,27603,8453,1336,405.0,8453,27579,6861,0.8117,20742,0.7521,7674,0.9078,0.2581,2196.0,0.318
39364,大川村,366,143,82,112.0,143,366,116,0.8112,289,0.7896,143,1.0,0.4085,61.0,0.504
34545,神石高原町,8247,4065,1635,159.0,4065,8247,3297,0.8111,6714,0.8141,3342,0.8221,0.3054,1239.0,0.377
02445,南部町,16834,6715,1076,399.0,6715,16834,5446,0.811,13801,0.8198,6325,0.9419,0.4104,2760.0,0.506
35343,田布施町,14458,5238,1014,331.0,5238,14458,4248,0.811,11008,0.7614,4840,0.924,0.1838,961.0,0.227
45441,高千穂町,11641,5038,1195,270.0,5038,11641,4086,0.811,9106,0.7822,4541,0.9013,0.2876,1443.0,0.355
23561,設楽町,4433,2268,611,238.0,2268,4433,1837,0.81,3649,0.8231,1978,0.8721,0.349,790.0,0.431
30427,北山村,404,184,45,262.0,184,404,149,0.8098,323,0.7995,184,1.0,0.5518,100.0,0.681
44210,杵築市,27885,10389,2392,278.0,10389,27831,8413,0.8098,20871,0.7499,9511,0.9155,0.3024,3138.0,0.373
02408,東北町,16405,6365,1484,275.0,6365,16405,5151,0.8093,13100,0.7985,6044,0.9496,0.4025,2536.0,0.497
03402,平泉町,7252,2879,721,256.0,2879,7252,2327,0.8083,5800,0.7998,2700,0.9378,0.1705,487.0,0.211
04212,登米市,76024,27022,6039,286.0,27022,76024,21842,0.8083,57206,0.7525,24852,0.9197,0.2047,5518.0,0.253
15224,佐渡市,50652,21531,4435,311.0,21457,50522,17334,0.8078,40311,0.7979,18556,0.8648,0.3268,7166.0,0.405
19206,大月市,22583,9107,1240,470.0,9107,22583,7346,0.8066,18020,0.7979,8429,0.9256,0.3438,3126.0,0.426
07461,西郷村,20833,5131,1162,283.0,5131,20833,4138,0.8065,15773,0.7571,4985,0.9715,0.2126,1103.0,0.264
25214,米原市,37221,11052,1562,453.0,11052,37221,8912,0.8064,27723,0.7448,10108,0.9146,0.3182,3519.0,0.395
07543,富岡町,2127,480,329,93.0,480,2127,387,0.8063,1659,0.78,452,0.9417,0.1029,50.0,0.128
36387,美波町,6163,3035,499,389.0,3015,6126,2431,0.8063,4900,0.7999,2590,0.859,0.4127,1267.0,0.512
46223,南九州市,33084,13267,2740,310.0,13267,33080,10697,0.8063,25958,0.7847,12457,0.9389,0.3815,5053.0,0.473
43432,西原村,6368,2014,395,326.0,2014,6368,1623,0.8059,4903,0.7699,1850,0.9186,0.1907,386.0,0.237
20446,麻績村,2573,1179,246,307.0,1179,2573,950,0.8058,1972,0.7664,985,0.8355,0.234,272.0,0.29
03208,遠野市,25364,10280,2640,249.0,10280,25364,8277,0.8052,20172,0.7953,8997,0.8752,0.2459,2529.0,0.305
01694,羅臼町,4503,1419,295,308.0,1419,4490,1142,0.8048,3499,0.7793,1396,0.9838,0.2776,412.0,0.345
01425,上砂川町,2832,1468,157,598.0,1468,2832,1180,0.8038,2300,0.8121,1468,1.0,0.506,738.0,0.629
45208,西都市,28719,10829,1911,363.0,10829,28719,8701,0.8035,22250,0.7747,9550,0.8819,0.254,2750.0,0.316
31328,智頭町,6427,2802,494,363.0,2802,6427,2251,0.8034,5140,0.7998,2516,0.8979,0.2739,767.0,0.341
46220,南さつま市,32751,12960,2297,361.0,12925,32687,10383,0.8033,24945,0.7631,11661,0.9022,0.3807,4956.0,0.474
02412,おいらせ町,24211,6677,1175,364.0,6677,24211,5363,0.8032,18435,0.7614,6411,0.9602,0.353,2355.0,0.439
24472,南伊勢町,10586,5675,693,524.0,5637,10508,4527,0.8031,8392,0.7986,4635,0.8222,0.3523,2067.0,0.439
11348,鳩山町,13659,6260,535,749.0,6260,13659,5027,0.803,10364,0.7588,5515,0.881,0.2604,1621.0,0.324
02441,三戸町,9068,3760,726,331.0,3760,9068,3018,0.8027,7012,0.7733,3333,0.8864,0.4004,1515.0,0.499
20430,大桑村,3439,1476,302,313.0,1476,3439,1184,0.8022,2706,0.7869,1184,0.8022,0.3264,484.0,0.407
01395,ニセコ町,5074,1318,541,156.0,1318,5074,1057,0.802,4218,0.8313,1174,0.8907,0.3547,464.0,0.442
38422,内子町,15317,6274,1338,300.0,6274,15317,5031,0.8019,11381,0.743,5631,0.8975,0.3054,1914.0,0.381
23445,南知多町,16439,6377,556,734.0,6321,16307,5067,0.8016,12782,0.7838,5729,0.9063,0.3104,2002.0,0.387
01464,和寒町,3192,1411,333,271.0,1411,3192,1130,0.8009,2375,0.744,1219,0.8639,0.3369,476.0,0.421
21401,揖斐川町,19463,7676,1252,392.0,7676,19463,6146,0.8007,15773,0.8104,6959,0.9066,0.2479,1865.0,0.31
01407,仁木町,3182,1276,376,217.0,1276,3182,1021,0.8002,2477,0.7784,1260,0.9875,0.4137,530.0,0.517
32501,津和野町,6884,3348,758,283.0,3348,6884,2679,0.8002,5503,0.7994,2696,0.8053,0.4121,1375.0,0.515
28227,宍粟市,34819,12646,2426,334.0,12646,34819,10115,0.7999,27124,0.779,11357,0.8981,0.3317,4195.0,0.415
15217,妙高市,30389,11328,1698,427.0,11328,30389,9059,0.7997,23500,0.7733,10436,0.9213,0.2241,2537.0,0.28
29345,安堵町,7124,2331,159,938.0,2331,7124,1864,0.7997,5814,0.8161,2278,0.9773,0.4515,1149.0,0.565
17386,宝達志水町,12163,4810,776,397.0,4810,12163,3846,0.7996,9681,0.7959,4361,0.9067,0.1606,770.0,0.201
29342,平群町,18009,7055,451,1001.0,7055,18009,5631,0.7982,14085,0.7821,5993,0.8495,0.3509,2445.0,0.44
45406,都農町,9915,3856,837,295.0,3856,9915,3077,0.798,7936,0.8004,3379,0.8763,0.221,848.0,0.277
11347,吉見町,18214,6138,999,393.0,6138,18214,4895,0.7975,14304,0.7853,5723,0.9324,0.1954,1201.0,0.245
20219,東御市,30112,9343,1536,389.0,9343,30112,7446,0.797,23689,0.7867,8506,0.9104,0.188,1755.0,0.236
06402,白鷹町,12886,4986,1115,286.0,4986,12886,3973,0.7968,10074,0.7818,4223,0.847,0.2085,1041.0,0.262
39341,本山町,3262,1563,306,327.0,1563,3262,1245,0.7965,2543,0.7796,1275,0.8157,0.3137,489.0,0.394
01632,士幌町,5855,1959,539,233.0,1959,5855,1559,0.7958,4758,0.8126,1826,0.9321,0.245,475.0,0.308
08302,茨城町,31285,10953,2484,282.0,10953,31285,8711,0.7953,24336,0.7779,10252,0.936,0.2245,2466.0,0.282
40229,みやま市,35620,13587,1970,441.0,13587,35620,10803,0.7951,27015,0.7584,12192,0.8973,0.2915,4007.0,0.367
20481,池田町,9363,3689,560,422.0,3689,9363,2931,0.7945,7291,0.7787,3538,0.9591,0.2028,752.0,0.255
39208,宿毛市,18981,7330,1141,411.0,7228,18848,5743,0.7945,14665,0.7781,6956,0.9624,0.2467,1817.0,0.31
43212,上天草市,23056,9651,1534,403.0,9600,22927,7625,0.7943,17792,0.776,8965,0.9339,0.3707,3826.0,0.467
09215,那須烏山市,24844,9306,2481,240.0,9306,24844,7389,0.794,20230,0.8143,8598,0.9239,0.2537,2368.0,0.32
01438,沼田町,2909,1242,282,282.0,1242,2909,986,0.7939,2105,0.7236,1021,0.8221,0.3242,402.0,0.408
29343,三郷町,23123,7453,289,1650.0,7453,23123,5913,0.7934,17799,0.7698,6355,0.8527,0.426,3208.0,0.537
05215,仙北市,24605,10534,2380,283.0,10534,24605,8354,0.7931,19112,0.7768,9214,0.8747,0.3384,3565.0,0.427
25442,甲良町,6347,2107,257,525.0,2107,6347,1671,0.7931,4960,0.7815,1786,0.8477,0.2879,610.0,0.363
45205,小林市,43668,16233,3374,308.0,16233,43668,12864,0.7925,33642,0.7704,15077,0.9288,0.2768,4492.0,0.349
03381,金ケ崎町,15567,4763,1553,196.0,4763,15567,3773,0.7921,12062,0.7748,4273,0.8971,0.2443,1164.0,0.308
32205,大田市,32742,13196,2886,293.0,13196,32724,10452,0.7921,24331,0.7435,11220,0.8503,0.3334,4422.0,0.421
41346,みやき町,25458,8866,1128,503.0,8866,25458,7022,0.792,19132,0.7515,8024,0.905,0.231,2043.0,0.292
20403,高森町,12822,4176,831,322.0,4176,12822,3307,0.7919,9789,0.7635,3912,0.9368,0.1894,788.0,0.239
46216,日置市,47188,16604,3068,346.0,16604,47188,13145,0.7917,35622,0.7549,14862,0.8951,0.3346,5563.0,0.423
35211,長門市,32133,14159,2225,407.0,14143,32105,11196,0.7916,24847,0.7739,12627,0.8928,0.2653,3799.0,0.335
20213,飯山市,19476,7434,1329,358.0,7434,19476,5883,0.7914,15052,0.7728,6997,0.9412,0.2062,1535.0,0.261
38214,西予市,35058,15451,2661,372.0,15451,35058,12226,0.7913,25964,0.7406,13789,0.8924,0.3573,5566.0,0.452
38442,伊方町,8213,3934,498,506.0,3934,8207,3113,0.7913,6314,0.7693,3153,0.8015,0.4479,1782.0,0.566
05212,大仙市,77647,29923,6219,308.0,29923,77647,23674,0.7912,57956,0.7464,26646,0.8905,0.3171,9471.0,0.401
04362,山元町,12036,4944,940,337.0,4944,12036,3911,0.7911,9444,0.7846,4795,0.9699,0.2718,1344.0,0.344
07541,広野町,5408,1542,398,248.0,1542,5408,1219,0.7905,4241,0.7842,1542,1.0,0.3637,567.0,0.46
28224,南あわじ市,43946,15969,2882,355.0,15969,43946,12618,0.7902,34194,0.7781,14351,0.8987,0.4053,6467.0,0.513
02307,外ヶ浜町,5158,2616,386,434.0,2606,5137,2059,0.7901,4162,0.8102,2354,0.9033,0.5458,1501.0,0.691
05209,鹿角市,29082,11838,2042,371.0,11838,29082,9350,0.7898,22779,0.7833,10819,0.9139,0.3714,4398.0,0.47
12237,山武市,48408,17360,3309,336.0,17360,48408,13710,0.7897,37618,0.7771,15781,0.909,0.1908,3307.0,0.242
33210,新見市,28088,11614,2994,248.0,11614,28088,9164,0.789,20897,0.744,10472,0.9017,0.3528,4095.0,0.447
27382,河南町,15629,4884,411,761.0,4884,15629,3848,0.7879,11961,0.7653,4244,0.869,0.4566,2238.0,0.58
43424,小国町,6621,2781,654,272.0,2781,6621,2190,0.7875,5250,0.7929,2468,0.8875,0.2811,780.0,0.357
25425,愛荘町,20893,4595,687,428.0,4595,20893,3618,0.7874,15763,0.7545,4164,0.9062,0.3091,1420.0,0.393
29361,川西町,8214,2826,195,928.0,2826,8214,2225,0.7873,6200,0.7548,2372,0.8393,0.3123,877.0,0.397
35305,周防大島町,14460,7887,1222,413.0,7875,14400,6195,0.7867,11336,0.7872,7307,0.9279,0.3909,3155.0,0.497
29442,大淀町,16713,5783,644,575.0,5783,16713,4548,0.7864,13958,0.8352,5053,0.8738,0.2607,1508.0,0.332
43441,御船町,16256,5626,904,398.0,5626,16256,4424,0.7863,12231,0.7524,5157,0.9166,0.2804,1588.0,0.357
28585,香美町,16001,6507,891,467.0,6507,15998,5115,0.7861,12143,0.759,5186,0.797,0.3892,2542.0,0.495
33461,矢掛町,13432,5189,1073,310.0,5189,13432,4076,0.7855,10455,0.7784,4391,0.8462,0.2851,1485.0,0.363
40647,築上町,17173,6564,1120,375.0,6564,17173,5156,0.7855,13274,0.773,6293,0.9587,0.3552,2332.0,0.452
01343,鹿部町,3752,1516,292,332.0,1516,3752,1190,0.785,2813,0.7497,1353,0.8925,0.3396,515.0,0.433
07408,猪苗代町,13546,5372,872,394.0,5372,13546,4212,0.7841,10439,0.7706,4750,0.8842,0.2225,1193.0,0.284
07303,国見町,8593,3626,588,395.0,3626,8593,2842,0.7838,6370,0.7413,3287,0.9065,0.2247,818.0,0.287
07447,会津美里町,19051,7528,1036,465.0,7528,19051,5898,0.7835,14391,0.7554,7009,0.9311,0.2033,1530.0,0.259
08215,北茨城市,41771,14335,1931,475.0,14335,41763,11232,0.7835,31655,0.758,13194,0.9204,0.2883,4133.0,0.368
21220,下呂市,30428,12299,2282,345.0,12299,30428,9636,0.7835,23785,0.7817,10549,0.8577,0.3569,4389.0,0.456
08231,桜川市,39175,13516,2924,296.0,13516,39175,10588,0.7834,30128,0.7691,12875,0.9526,0.1859,2496.0,0.237
27381,太子町,13073,3865,243,1018.0,3865,13073,3027,0.7832,9660,0.7389,3354,0.8678,0.3792,1458.0,0.484
40605,川崎町,15204,5917,701,540.0,5917,15204,4634,0.7832,11886,0.7818,5162,0.8724,0.328,1946.0,0.419
29402,明日香村,5199,2135,291,470.0,2135,5199,1672,0.7831,4087,0.7861,1926,0.9021,0.3199,682.0,0.408
10521,板倉町,14028,4724,848,357.0,4724,14027,3699,0.783,10612,0.7565,4452,0.9424,0.2076,983.0,0.265
08223,潮来市,27607,9084,1372,424.0,9084,27607,7112,0.7829,21521,0.7795,8366,0.921,0.2355,2138.0,0.301
03213,二戸市,25513,9511,1805,337.0,9511,25513,7443,0.7826,19179,0.7517,8825,0.9279,0.2944,2800.0,0.376
25209,甲賀市,88371,24938,3447,463.0,24938,88371,19516,0.7826,68201,0.7718,23050,0.9243,0.3324,8279.0,0.425
39202,室戸市,11642,5997,759,506.0,5990,11629,4688,0.7826,9037,0.7771,5220,0.8715,0.3316,2003.0,0.424
10523,千代田町,10875,3395,559,389.0,3395,10875,2655,0.782,8319,0.765,3184,0.9378,0.1862,628.0,0.238
21503,川辺町,10090,3312,511,415.0,3312,10090,2590,0.782,8314,0.824,3129,0.9447,0.2703,854.0,0.346
26365,和束町,3476,1651,289,366.0,1651,3476,1291,0.782,2639,0.7592,1401,0.8486,0.2549,422.0,0.326
03209,一関市,111939,41318,11844,223.0,41318,111939,32283,0.7813,84282,0.7529,36051,0.8725,0.2211,9134.0,0.283
11381,美里町,10948,3710,685,347.0,3710,10948,2898,0.7811,8483,0.7748,3322,0.8954,0.1834,682.0,0.235
24211,鳥羽市,16913,6702,690,622.0,6702,16905,5235,0.7811,13184,0.7799,5798,0.8651,0.3087,2125.0,0.395
42213,雲仙市,40555,14572,2474,377.0,14552,40504,11367,0.7811,31703,0.7827,12770,0.8775,0.4198,6162.0,0.537
07483,塙町,8299,3171,813,250.0,3171,8299,2475,0.7805,6402,0.7714,2873,0.906,0.2009,642.0,0.257
30344,高野町,2970,1202,230,334.0,1202,2970,937,0.7795,2247,0.7566,953,0.7928,0.4931,602.0,0.633
35344,平生町,11874,5123,650,504.0,5123,11872,3993,0.7794,8664,0.7298,4796,0.9362,0.2178,1119.0,0.279
17407,中能登町,16546,6162,1008,391.0,6162,16546,4800,0.779,12554,0.7587,5755,0.934,0.2097,1289.0,0.269
43468,氷川町,11046,4278,695,394.0,4278,11046,3332,0.7789,8711,0.7886,3710,0.8672,0.3066,1318.0,0.394
04404,七ヶ浜町,18134,5666,416,872.0,5655,18091,4401,0.7782,13712,0.7579,5427,0.9597,0.2545,1436.0,0.327
17204,輪島市,24442,11255,1941,371.0,11246,24430,8751,0.7781,18350,0.7511,10268,0.913,0.3178,3599.0,0.408
02425,風間浦村,1598,748,110,435.0,721,1569,561,0.7781,1251,0.7973,561,0.7781,0.5751,435.0,0.739
19365,身延町,10661,5062,1002,323.0,5062,10661,3937,0.7778,8226,0.7716,4340,0.8574,0.34,1722.0,0.437
30362,広川町,6729,2390,391,391.0,2390,6729,1859,0.7778,5136,0.7633,2385,0.9979,0.3671,886.0,0.472
05303,小坂町,4785,2149,368,374.0,2149,4785,1671,0.7776,3545,0.7409,1901,0.8846,0.3896,836.0,0.501
17463,能登町,15374,7742,1524,325.0,7728,15362,6006,0.7772,11614,0.756,6404,0.8287,0.2416,1911.0,0.311
31371,琴浦町,16343,6028,855,451.0,6028,16343,4684,0.777,12646,0.7738,5185,0.8602,0.2327,1403.0,0.299
40348,久山町,9088,2472,304,520.0,2472,9088,1920,0.7767,6921,0.7616,2278,0.9215,0.2901,717.0,0.374
05211,潟上市,31702,11220,1330,540.0,11220,31702,8706,0.7759,23827,0.7516,10503,0.9361,0.3696,4147.0,0.476
36468,つるぎ町,7712,3586,860,267.0,3586,7712,2782,0.7758,5770,0.7482,3036,0.8466,0.3812,1371.0,0.491
01667,鶴居村,2558,914,330,177.0,914,2558,709,0.7757,1817,0.7103,788,0.8621,0.271,247.0,0.349
45207,串間市,16803,7187,1208,381.0,7174,16792,5565,0.7757,12465,0.7423,5712,0.7962,0.3103,2232.0,0.4
07481,棚倉町,13355,4262,822,332.0,4262,13355,3305,0.7755,10041,0.7519,3804,0.8925,0.1776,756.0,0.229
15223,阿賀野市,40726,14034,1881,477.0,14034,40726,10868,0.7744,30760,0.7553,12982,0.925,0.1349,1891.0,0.174
30366,有田川町,25272,8339,1673,319.0,8339,25272,6458,0.7744,17488,0.692,7360,0.8826,0.3168,2638.0,0.409
37208,三豊市,61816,22547,4056,356.0,22524,61721,17440,0.7743,47326,0.7668,19886,0.8829,0.1882,4247.0,0.243
40225,うきは市,28009,9863,1371,460.0,9863,28009,7632,0.7738,21217,0.7575,8806,0.8928,0.2665,2632.0,0.344
34368,安芸太田町,5775,3014,821,235.0,3014,5775,2331,0.7734,4457,0.7718,2770,0.919,0.3596,1075.0,0.465
20482,松川村,9615,3298,623,339.0,3298,9615,2550,0.7732,7452,0.775,3036,0.9206,0.1945,643.0,0.252
33212,瀬戸内市,35878,12378,1751,452.0,12356,35858,9551,0.773,26647,0.7431,11244,0.91,0.3186,3957.0,0.412
42214,南島原市,41978,16954,2940,369.0,16917,41899,13075,0.7729,32420,0.7738,14014,0.8284,0.4368,7473.0,0.565
21383,安八町,14443,4112,584,451.0,4112,14443,3177,0.7726,9727,0.6735,3590,0.8731,0.1973,811.0,0.255
08542,五霞町,8097,2725,524,333.0,2725,8097,2105,0.7725,6169,0.7619,2725,1.0,0.2306,630.0,0.299
04322,村田町,10612,3762,918,262.0,3762,10612,2905,0.7722,8262,0.7786,3220,0.8559,0.2386,903.0,0.309
07466,矢吹町,17332,5451,973,359.0,5451,17332,4209,0.7722,13178,0.7603,4941,0.9064,0.2074,1126.0,0.269
03207,久慈市,33056,11025,2396,294.0,11025,33056,8513,0.7722,24656,0.7459,10013,0.9082,0.3157,3475.0,0.409
39410,日高村,4835,2080,409,325.0,2080,4835,1605,0.7716,3757,0.777,1809,0.8697,0.1775,368.0,0.23
33209,高梁市,29072,11925,3228,236.0,11925,29072,9195,0.7711,20543,0.7066,10881,0.9125,0.4531,5394.0,0.588
21505,八百津町,10211,4118,856,308.0,4118,10211,3174,0.7708,7833,0.7671,3632,0.882,0.2777,1138.0,0.36
11361,横瀬町,7974,2626,394,427.0,2626,7974,2023,0.7704,6065,0.7606,2522,0.9604,0.2305,625.0,0.299
20415,喬木村,5976,2128,397,343.0,2128,5976,1639,0.7702,4555,0.7622,2064,0.9699,0.1704,362.0,0.221
41327,吉野ヶ里町,16492,4036,541,477.0,4036,16492,3108,0.7701,12223,0.7411,3665,0.9081,0.2132,846.0,0.277
06381,高畠町,22455,7594,1360,357.0,7594,22455,5847,0.7699,17061,0.7598,6312,0.8312,0.1939,1473.0,0.252
08214,高萩市,27714,9916,1040,610.0,9916,27714,7634,0.7699,21068,0.7602,8595,0.8668,0.2918,2889.0,0.379
21207,美濃市,19227,6961,922,483.0,6961,19227,5357,0.7696,14265,0.7419,6182,0.8881,0.2576,1796.0,0.335
06324,大江町,7632,3035,467,416.0,3035,7632,2335,0.7694,5883,0.7708,3035,1.0,0.225,683.0,0.292
15482,津南町,9019,3787,687,353.0,3787,9019,2909,0.7682,6935,0.7689,3220,0.8503,0.3171,1194.0,0.413
21502,富加町,5655,1813,277,419.0,1813,5655,1392,0.7678,4257,0.7528,1670,0.9211,0.2516,457.0,0.328
15227,胎内市,28518,10267,1254,524.0,10267,28518,7882,0.7677,20505,0.719,9372,0.9128,0.198,2031.0,0.258
12426,長柄町,6644,2878,786,234.0,2878,6644,2209,0.7675,5798,0.8727,2878,1.0,0.1772,525.0,0.231
15226,南魚沼市,54851,18394,2875,409.0,18394,54851,14116,0.7674,40823,0.7443,16148,0.8779,0.2289,4209.0,0.298
40227,嘉麻市,35363,14331,1753,523.0,14331,35363,10990,0.7669,27274,0.7713,13228,0.923,0.3204,4595.0,0.418
06428,庄内町,20143,7590,905,537.0,7590,20143,5820,0.7668,15261,0.7576,6586,0.8677,0.2049,1553.0,0.267
36207,美馬市,28037,10933,2366,296.0,10933,28037,8379,0.7664,21052,0.7509,9947,0.9098,0.31,3395.0,0.404
20429,王滝村,715,308,95,207.0,308,715,236,0.7662,578,0.8084,236,0.7662,0.3894,120.0,0.508
30381,美浜町,6850,2580,266,621.0,2580,6850,1976,0.7659,5234,0.7641,2499,0.9686,0.3215,825.0,0.42
41401,有田町,19000,6718,930,462.0,6718,19000,5144,0.7657,14203,0.7475,5867,0.8733,0.2352,1580.0,0.307
32204,益田市,44927,17014,2810,388.0,17014,44925,13019,0.7652,32827,0.7307,14597,0.8579,0.3179,5410.0,0.416
01608,様似町,4014,1703,307,355.0,1703,4014,1303,0.7651,3026,0.7539,1449,0.8509,0.2784,476.0,0.364
05214,にかほ市,23390,9137,910,643.0,9137,23388,6989,0.7649,17162,0.7338,7619,0.8339,0.3116,2848.0,0.407
24216,伊賀市,89016,29010,4231,439.0,29010,89016,22187,0.7648,64028,0.7193,25786,0.8889,0.2474,7157.0,0.323
09211,矢板市,31182,10323,1862,355.0,10323,31182,7893,0.7646,22272,0.7143,9180,0.8893,0.2499,2583.0,0.327
26212,京丹後市,50697,19245,2856,431.0,19245,50697,14714,0.7646,37701,0.7437,16032,0.833,0.2928,5649.0,0.383
28226,淡路市,41508,16120,2958,349.0,16120,41500,12315,0.764,30337,0.731,13600,0.8437,0.4573,7439.0,0.599
36208,三好市,23624,10896,2358,296.0,10896,23624,8325,0.764,17417,0.7373,9437,0.8661,0.3613,3927.0,0.473
42211,五島市,33881,13775,2282,386.0,13669,33635,10441,0.7638,24342,0.7237,12054,0.8818,0.5258,7363.0,0.688
12236,香取市,72443,26660,4743,360.0,26660,72443,20356,0.7635,53521,0.7388,23945,0.8982,0.1728,4607.0,0.226
02426,佐井村,1775,858,115,477.0,858,1775,655,0.7634,1326,0.747,655,0.7634,0.5713,490.0,0.748
42207,平戸市,28982,11996,2647,290.0,11903,28797,9087,0.7634,21580,0.7494,10333,0.8681,0.4573,5557.0,0.599
41424,江北町,9565,2731,488,358.0,2731,9565,2083,0.7627,6270,0.6555,2653,0.9714,0.2113,575.0,0.277
44213,由布市,32731,11177,2180,328.0,11177,32731,8525,0.7627,24060,0.7351,9772,0.8743,0.2565,2872.0,0.336
28209,豊岡市,77350,26473,3484,486.0,26473,77350,20177,0.7622,56289,0.7277,23012,0.8693,0.3458,9170.0,0.454
43428,高森町,5785,2498,589,271.0,2498,5785,1904,0.7622,4039,0.6982,2034,0.8143,0.3346,837.0,0.439
45402,新富町,16532,5223,986,339.0,5223,16532,3981,0.7622,11580,0.7005,4787,0.9165,0.1994,1048.0,0.262
32206,安来市,37080,13834,2418,366.0,13834,37080,10533,0.7614,27620,0.7449,12622,0.9124,0.2208,3055.0,0.29
08216,笠間市,73077,23406,4368,343.0,23406,73077,17795,0.7603,54615,0.7474,21923,0.9366,0.261,6114.0,0.343
27361,熊取町,43619,12428,573,1388.0,12428,43619,9444,0.7599,31034,0.7115,11587,0.9323,0.3909,4865.0,0.514
20422,上松町,4127,1763,317,356.0,1763,4127,1339,0.7595,3173,0.7688,1497,0.8491,0.319,559.0,0.42
20402,松川町,12520,4339,923,301.0,4339,12520,3295,0.7594,9475,0.7568,3908,0.9007,0.1488,643.0,0.196
01649,浦幌町,4387,1844,487,242.0,1844,4387,1400,0.7592,3203,0.7301,1583,0.8585,0.1801,336.0,0.237
06401,小国町,7107,2882,587,314.0,2882,7107,2188,0.7592,5361,0.7543,2311,0.8019,0.3347,965.0,0.441
13361,大島町,7095,2713,752,231.0,2713,7095,2059,0.7589,5493,0.7742,2233,0.8231,0.5547,1505.0,0.731
02361,藤崎町,14483,4766,631,483.0,4766,14483,3613,0.7581,11106,0.7668,4212,0.8838,0.3751,1799.0,0.495
03483,岩泉町,8726,3852,1095,225.0,3852,8726,2920,0.758,6497,0.7446,3203,0.8315,0.3872,1496.0,0.511
01549,訓子府町,4692,1817,534,218.0,1817,4692,1377,0.7578,3663,0.7807,1689,0.9296,0.2449,448.0,0.323
36404,板野町,13187,4392,594,473.0,4392,13187,3328,0.7577,9852,0.7471,4111,0.936,0.3021,1322.0,0.399
46505,屋久島町,11791,4283,1002,274.0,4283,11787,3245,0.7576,9183,0.7791,3658,0.8541,0.4741,2046.0,0.626
20561,山ノ内町,11352,4766,659,463.0,4766,11352,3610,0.7574,8581,0.7559,4338,0.9102,0.2448,1166.0,0.323
11365,小鹿野町,10925,4241,933,291.0,4241,10925,3212,0.7574,7933,0.7261,3851,0.908,0.218,926.0,0.288
36204,阿南市,69194,23026,3748,393.0,22983,69109,17401,0.7571,49891,0.7219,20440,0.8894,0.2825,6535.0,0.373
39402,佐川町,12294,5039,880,366.0,5039,12294,3812,0.7565,9083,0.7388,4120,0.8176,0.2208,1117.0,0.292
28228,加東市,40701,10979,2055,342.0,10979,40701,8305,0.7564,27348,0.6719,9837,0.896,0.3778,4064.0,0.499
03321,紫波町,32060,10110,2490,260.0,10110,32060,7647,0.7564,22687,0.7076,9451,0.9348,0.1676,1691.0,0.222
11363,長瀞町,6795,2698,432,400.0,2698,6795,2040,0.7561,5070,0.7461,2415,0.8951,0.1996,538.0,0.264
10421,中之条町,15404,6302,1260,320.0,6302,15404,4763,0.7558,11063,0.7182,5589,0.8869,0.2516,1584.0,0.333
01641,大樹町,5420,1976,464,273.0,1976,5420,1493,0.7556,4029,0.7434,1786,0.9038,0.2798,555.0,0.37
33211,備前市,32117,12666,1690,480.0,12666,32105,9569,0.7555,24659,0.7681,11146,0.88,0.3337,4248.0,0.442
07214,本宮市,30210,8582,1812,303.0,8582,30210,6480,0.7551,23275,0.7704,7970,0.9287,0.173,1484.0,0.229
20323,御代田町,15549,4307,760,363.0,4307,15549,3252,0.755,11510,0.7402,3842,0.892,0.2634,1139.0,0.349
39428,黒潮町,10170,4568,703,416.0,4568,10167,3449,0.755,7903,0.7773,3538,0.7745,0.272,1255.0,0.36
08226,那珂市,53652,17234,2893,381.0,17234,53652,13006,0.7547,39021,0.7273,15803,0.917,0.255,4385.0,0.338
15342,弥彦村,7786,2497,351,455.0,2497,7786,1884,0.7545,5691,0.7309,2497,1.0,0.1477,365.0,0.196
28381,稲美町,30245,9717,1185,525.0,9717,30245,7327,0.754,22042,0.7288,9025,0.9288,0.3489,3390.0,0.463
05213,北秋田市,30198,13440,1904,452.0,13440,30198,10133,0.7539,22430,0.7428,11984,0.8917,0.4026,5410.0,0.534
25212,高島市,46377,16641,2493,427.0,16641,46377,12545,0.7539,33538,0.7232,15415,0.9263,0.383,6375.0,0.508
40214,豊前市,24355,9140,1344,435.0,9140,24355,6891,0.7539,18055,0.7413,8356,0.9142,0.3462,3160.0,0.459
24208,名張市,76135,24768,1918,826.0,24768,76135,18647,0.7529,56011,0.7357,22771,0.9194,0.2519,6257.0,0.335
05204,大館市,69238,26996,3051,566.0,26996,69238,20314,0.7525,50048,0.7228,24681,0.9142,0.3731,10074.0,0.496
46208,出水市,51871,17328,3069,361.0,17328,51861,13028,0.7518,37569,0.7244,15266,0.881,0.3364,5844.0,0.447
07522,小野町,9466,3390,1120,194.0,3390,9466,2548,0.7516,7276,0.7686,2988,0.8814,0.2032,688.0,0.27
44462,玖珠町,14358,5519,1143,309.0,5519,14358,4148,0.7516,10137,0.706,4836,0.8762,0.2604,1439.0,0.346
01575,壮瞥町,2740,1239,246,322.0,1239,2740,931,0.7514,2012,0.7343,1096,0.8846,0.4092,506.0,0.545
18404,南越前町,9921,3747,593,404.0,3747,9918,2814,0.751,8028,0.8094,3543,0.9456,0.296,1115.0,0.394
05203,横手市,85524,33397,4990,428.0,33397,85524,25050,0.7501,62329,0.7288,30019,0.8989,0.335,11188.0,0.447
20409,平谷村,385,124,52,153.0,124,385,93,0.75,289,0.7506,124,1.0,0.4114,54.0,0.549
32207,江津市,22954,9012,1557,370.0,9012,22954,6757,0.7498,16335,0.7116,7990,0.8866,0.3404,3067.0,0.454
01581,厚真町,4432,1618,609,170.0,1618,4432,1213,0.7497,3189,0.7195,1363,0.8424,0.323,521.0,0.431
26213,南丹市,31610,11142,2160,330.0,11142,31610,8350,0.7494,22152,0.7008,9505,0.8531,0.3756,4183.0,0.501
34209,三次市,50664,18556,4694,253.0,18556,50664,13906,0.7494,34796,0.6868,15695,0.8458,0.269,4959.0,0.359
41205,伊万里市,52594,16922,2648,409.0,16868,52429,12635,0.7491,36100,0.6886,15283,0.906,0.2159,3653.0,0.288
21604,白川村,1511,502,114,282.0,502,1511,376,0.749,1069,0.7075,441,0.8785,0.3231,162.0,0.431
05361,五城目町,8555,4099,558,470.0,4099,8555,3060,0.7465,6097,0.7127,3291,0.8029,0.4078,1647.0,0.546
46215,薩摩川内市,92312,29684,5599,339.0,29672,92294,22146,0.7464,63896,0.6923,26688,0.8994,0.3634,10793.0,0.487
26203,綾部市,31845,12316,2122,371.0,12316,31845,9190,0.7462,21844,0.6859,10522,0.8543,0.3552,4374.0,0.476
33216,浅口市,32527,11949,1499,510.0,11949,32527,8909,0.7456,22855,0.7026,10644,0.8908,0.3111,3748.0,0.417
13401,八丈町,7041,2801,601,298.0,2801,7041,2087,0.7451,5099,0.7242,2093,0.7472,0.521,1459.0,0.699
46530,徳之島町,9977,3317,449,473.0,3310,9928,2465,0.7447,7094,0.7145,2961,0.8946,0.475,1600.0,0.638
37406,まんのう町,17390,6671,1811,236.0,6671,17390,4967,0.7446,12906,0.7422,5822,0.8727,0.2088,1387.0,0.28
07210,二本松市,53545,18377,4668,252.0,18377,53545,13683,0.7446,38981,0.728,15997,0.8705,0.2031,3739.0,0.273
12349,東庄町,13102,5162,760,435.0,5162,13102,3842,0.7443,9578,0.731,4812,0.9322,0.161,835.0,0.216
11383,神川町,13242,4409,781,361.0,4409,13242,3280,0.7439,9888,0.7467,3749,0.8503,0.2009,880.0,0.27
16322,上市町,19353,7210,1051,439.0,7210,19353,5359,0.7433,14170,0.7322,6421,0.8906,0.2271,1635.0,0.305
31384,日吉津村,3470,980,104,603.0,980,3470,728,0.7429,2747,0.7916,860,0.8776,0.2011,198.0,0.271
16208,砺波市,48041,14514,3235,287.0,14514,48041,10781,0.7428,33119,0.6894,12923,0.8904,0.2119,3093.0,0.285
21219,郡上市,38997,14608,3198,292.0,14608,38997,10851,0.7428,29435,0.7548,13371,0.9153,0.2994,4375.0,0.403
20220,安曇野市,94239,29858,4632,413.0,29858,94239,22174,0.7426,70164,0.7445,26553,0.8893,0.2105,6302.0,0.284
01609,えりも町,4319,1432,336,273.0,1432,4314,1063,0.7423,3164,0.7334,1241,0.8666,0.2813,405.0,0.379
30391,みなべ町,11816,3932,711,354.0,3920,11787,2909,0.7421,8793,0.746,2976,0.7592,0.3082,1211.0,0.415
43505,多良木町,9048,3844,913,269.0,3844,9048,2851,0.7417,6554,0.7244,3289,0.8556,0.3159,1225.0,0.426
01691,別海町,14336,3974,1422,179.0,3974,14328,2945,0.7411,10906,0.7612,3355,0.8442,0.1987,793.0,0.268
21361,垂井町,26409,8277,765,692.0,8277,26409,6130,0.7406,18897,0.7156,7476,0.9032,0.2638,2184.0,0.356
21521,御嵩町,17605,5552,720,494.0,5552,17605,4112,0.7406,12250,0.6958,5248,0.9452,0.2794,1555.0,0.377
29443,下市町,5045,2352,441,341.0,2352,5045,1741,0.7402,3784,0.75,2278,0.9685,0.3417,806.0,0.462
20214,茅野市,56389,17045,2546,428.0,17045,56389,12598,0.7391,39477,0.7001,15136,0.888,0.2534,4324.0,0.343
10211,安中市,54910,19810,2996,423.0,19810,54910,14634,0.7387,38310,0.6977,18063,0.9118,0.2188,4323.0,0.296
21218,本巣市,33190,9842,1481,425.0,9842,33190,7270,0.7387,23722,0.7147,8680,0.8819,0.2477,2487.0,0.335
20212,大町市,26034,9925,1885,337.0,9925,26034,7331,0.7386,19324,0.7423,9334,0.9405,0.2332,2307.0,0.316
04445,加美町,21949,8142,1635,319.0,8142,21949,6013,0.7385,15129,0.6893,6823,0.838,0.2007,1633.0,0.272
24543,紀北町,14459,6633,728,583.0,6633,14459,4898,0.7384,10535,0.7286,5133,0.7739,0.3136,2097.0,0.425
21215,山県市,25376,9147,1428,410.0,9147,25376,6753,0.7383,18431,0.7263,8084,0.8838,0.2487,2267.0,0.337
44207,津久見市,15895,7097,557,815.0,7063,15745,5212,0.7379,11201,0.7114,6171,0.8737,0.3112,2252.0,0.422
01362,上ノ国町,4266,1859,325,366.0,1859,4266,1371,0.7375,2770,0.6493,1495,0.8042,0.4079,762.0,0.553
43215,天草市,73983,30138,4986,387.0,29909,73277,22045,0.7371,50090,0.6836,25321,0.8466,0.3836,11897.0,0.521
06301,山辺町,13747,4676,469,638.0,4676,13747,3444,0.7365,9753,0.7095,3982,0.8516,0.1756,828.0,0.238
04501,涌谷町,15364,5767,1207,306.0,5767,15364,4246,0.7363,11006,0.7163,4977,0.863,0.226,1310.0,0.307
46214,垂水市,13643,5852,699,536.0,5827,13583,4285,0.7354,9495,0.699,5382,0.9236,0.3933,2320.0,0.535
43208,山鹿市,49045,18611,2901,411.0,18611,49045,13684,0.7353,33869,0.6906,15713,0.8443,0.2967,5519.0,0.404
43206,玉名市,64223,22020,3160,446.0,22020,64223,16192,0.7353,43940,0.6842,18940,0.8601,0.2886,6345.0,0.393
28229,たつの市,74407,22955,2711,542.0,22955,74396,16871,0.735,49674,0.6677,20541,0.8948,0.3235,7427.0,0.44
01646,本別町,6620,2759,631,280.0,2759,6620,2028,0.735,4678,0.7066,2257,0.8181,0.2722,750.0,0.37
10382,下仁田町,6576,3336,606,352.0,3336,6576,2451,0.7347,4850,0.7375,2931,0.8786,0.1895,633.0,0.258
19368,富士川町,14258,4942,577,548.0,4942,14258,3631,0.7347,10319,0.7237,4269,0.8638,0.2783,1372.0,0.379
29208,御所市,24377,10170,1096,594.0,10170,24377,7471,0.7346,17432,0.7151,8807,0.866,0.3272,3305.0,0.445
06302,中山町,10747,3828,346,708.0,3828,10747,2811,0.7343,7369,0.6857,3701,0.9668,0.1767,678.0,0.241
12403,九十九里町,14719,5958,873,437.0,5958,14719,4375,0.7343,10964,0.7449,5266,0.8839,0.2202,1304.0,0.3
12410,横芝光町,22184,8317,1549,344.0,8317,22184,6106,0.7342,16405,0.7395,7522,0.9044,0.2045,1696.0,0.279
33205,笠岡市,45854,16998,2228,488.0,16926,45672,12420,0.7338,30590,0.6698,14287,0.8441,0.3198,5457.0,0.436
01665,弟子屈町,6947,2871,694,265.0,2871,6947,2106,0.7335,5087,0.7323,2565,0.8934,0.3346,955.0,0.456
17207,羽咋市,20348,8208,1003,524.0,8208,20348,6016,0.7329,14594,0.7172,7238,0.8818,0.2096,1725.0,0.286
28221,丹波篠山市,39601,13870,2836,313.0,13870,39601,10165,0.7329,27690,0.6992,12267,0.8844,0.3885,5385.0,0.53
24209,尾鷲市,16138,7040,504,894.0,7040,16138,5155,0.7322,11326,0.7018,5517,0.7837,0.2859,2036.0,0.39
28213,西脇市,38658,12971,1557,533.0,12971,38658,9497,0.7322,27709,0.7168,11345,0.8746,0.3176,4120.0,0.434
19429,鳴沢村,2810,959,198,310.0,959,2810,702,0.732,2011,0.7157,902,0.9406,0.2129,204.0,0.291
01436,雨竜町,2389,1015,257,253.0,1015,2389,743,0.732,1822,0.7627,1015,1.0,0.2476,250.0,0.338
08210,下妻市,42528,12052,1994,387.0,12052,42528,8819,0.7317,30147,0.7089,11236,0.9323,0.1644,1980.0,0.225
20383,箕輪町,24968,7163,1041,440.0,7163,24968,5239,0.7314,17293,0.6926,6221,0.8685,0.1995,1430.0,0.273
29207,五條市,27865,10388,1776,374.0,10388,27865,7596,0.7312,20091,0.721,8529,0.821,0.2507,2597.0,0.343
01222,三笠市,8014,3808,495,492.0,3808,8014,2784,0.7311,5917,0.7383,3757,0.9866,0.4662,1780.0,0.638
07205,白河市,59451,17597,2774,406.0,17597,59451,12866,0.7311,41640,0.7004,15288,0.8688,0.2219,3893.0,0.303
45382,国富町,18385,6861,1100,399.0,6861,18385,5015,0.7309,12986,0.7063,5398,0.7868,0.2377,1629.0,0.325
01345,森町,14276,5520,1004,352.0,5515,14260,4030,0.7307,10142,0.7112,4764,0.8638,0.278,1538.0,0.38
43364,玉東町,5030,1762,364,310.0,1762,5030,1287,0.7304,3682,0.732,1649,0.9359,0.2867,525.0,0.392
01642,広尾町,6385,2519,402,401.0,2519,6385,1840,0.7304,4510,0.7063,2290,0.9091,0.2845,716.0,0.39
01427,由仁町,4818,2056,651,202.0,2056,4818,1501,0.7301,3591,0.7453,1825,0.8876,0.2646,541.0,0.363
21501,坂祝町,8128,2277,311,469.0,2277,8128,1660,0.729,5847,0.7194,2194,0.9635,0.2866,646.0,0.393
08230,かすみがうら市,40151,12836,2370,347.0,12836,40151,9351,0.7285,26500,0.66,11585,0.9025,0.2367,3025.0,0.325
46203,鹿屋市,101116,29906,5674,337.0,29900,101082,21778,0.7284,65722,0.6502,26349,0.8812,0.3647,10916.0,0.501
05210,由利本荘市,74702,27786,4345,409.0,27786,74698,20237,0.7283,50187,0.6719,22497,0.8097,0.3162,8785.0,0.434
12218,勝浦市,16814,7261,1201,387.0,7261,16814,5287,0.7281,11789,0.7011,6472,0.8913,0.381,2777.0,0.523
23221,新城市,44365,16026,2899,354.0,16026,44365,11667,0.728,30911,0.6967,14239,0.8885,0.2648,4245.0,0.364
16323,立山町,24858,8302,1555,342.0,8302,24858,6043,0.7279,18366,0.7388,7796,0.9391,0.2459,2034.0,0.338
24210,亀山市,49865,12762,1616,505.0,12762,49865,9288,0.7278,36233,0.7266,10826,0.8483,0.2322,2966.0,0.319
12235,匝瑳市,35032,12707,2337,348.0,12707,35032,9239,0.7271,26221,0.7485,11734,0.9234,0.1815,2283.0,0.25
18208,あわら市,27591,9382,1119,537.0,9382,27591,6822,0.7271,19902,0.7213,8665,0.9236,0.3,2805.0,0.413
37341,三木町,26911,8429,1526,354.0,8429,26911,6127,0.7269,18597,0.6911,7535,0.8939,0.2428,2050.0,0.334
43214,阿蘇市,24919,10032,1813,354.0,10032,24919,7289,0.7266,18609,0.7468,8772,0.8744,0.305,3065.0,0.42
34212,東広島市,196457,45688,8434,347.0,45668,196410,33148,0.7258,116636,0.5938,39859,0.8728,0.3309,15134.0,0.456
45204,日南市,50737,19556,2547,491.0,19552,50709,14182,0.7253,35861,0.7072,16491,0.8434,0.2943,5769.0,0.406
02381,板柳町,12737,4826,632,489.0,4826,12737,3495,0.7242,9187,0.7213,3930,0.8143,0.3717,1792.0,0.513
40402,鞍手町,15080,5932,696,545.0,5932,15080,4293,0.7237,10826,0.7179,4806,0.8102,0.2871,1698.0,0.397
24215,志摩市,45718,18709,2487,481.0,18673,45588,13513,0.7237,32742,0.7182,16523,0.8849,0.2871,5403.0,0.397
09206,日光市,77674,27850,4782,373.0,27850,77674,20147,0.7234,55770,0.718,24096,0.8652,0.2768,7709.0,0.383
24324,東員町,25892,8101,621,835.0,8101,25892,5857,0.723,17623,0.6806,7027,0.8674,0.1778,1424.0,0.246
20209,伊那市,66143,20668,3513,377.0,20668,66143,14939,0.7228,46043,0.6961,18431,0.8918,0.1978,4087.0,0.274
39211,香南市,32122,10513,1540,437.0,10513,32122,7599,0.7228,22685,0.7062,8849,0.8417,0.2298,2402.0,0.318
40212,大川市,33006,11659,1191,627.0,11659,33006,8426,0.7227,23837,0.7222,10583,0.9077,0.2977,3511.0,0.412
01639,更別村,3080,977,303,206.0,977,3080,706,0.7226,2183,0.7088,846,0.8659,0.2421,235.0,0.335
11346,川島町,19366,6965,893,499.0,6965,19366,5029,0.722,13521,0.6982,6597,0.9472,0.2153,1501.0,0.298
08211,常総市,60824,18333,3033,387.0,18333,60824,13235,0.7219,41917,0.6892,15412,0.8407,0.2201,4032.0,0.305
43210,菊池市,46291,15728,2195,459.0,15728,46291,11354,0.7219,31813,0.6872,14189,0.9021,0.2802,4429.0,0.388
13305,日の出町,17055,6422,435,945.0,6422,17055,4628,0.7206,11862,0.6955,5611,0.8737,0.4308,2816.0,0.598
04361,亘理町,33097,10389,1401,475.0,10389,33097,7486,0.7206,23111,0.6983,9302,0.8954,0.2355,2446.0,0.327
04205,気仙沼市,61060,23398,3883,386.0,23398,61058,16859,0.7205,43079,0.7055,20000,0.8548,0.2876,6741.0,0.399
40220,宗像市,96936,28248,2241,807.0,28248,96936,20341,0.7201,65952,0.6804,24322,0.861,0.3466,9801.0,0.481
30208,紀の川市,58867,19370,2956,419.0,19370,58867,13932,0.7193,41771,0.7096,16939,0.8745,0.3035,5903.0,0.422
09210,大田原市,72710,20792,4745,280.0,20792,72710,14946,0.7188,50096,0.689,18259,0.8782,0.2852,5910.0,0.397
02362,大鰐町,8679,3778,408,593.0,3778,8679,2715,0.7186,6323,0.7285,2930,0.7755,0.3717,1402.0,0.517
01430,月形町,3688,1374,363,242.0,1374,3688,987,0.7183,2925,0.7931,1276,0.9287,0.3116,429.0,0.434
37207,東かがわ市,28174,11939,1771,431.0,11916,28151,8559,0.7183,20110,0.7144,10846,0.9102,0.2619,3140.0,0.365
41206,武雄市,47921,15076,2541,380.0,15076,47921,10823,0.7179,32028,0.6683,12546,0.8322,0.2066,3112.0,0.288
01218,赤平市,9700,4661,509,586.0,4661,9700,3345,0.7177,6630,0.6835,4051,0.8691,0.3811,1779.0,0.531
01432,新十津川町,6484,2653,556,305.0,2653,6484,1902,0.7169,4379,0.6754,2207,0.8319,0.3422,912.0,0.477
30406,すさみ町,3653,1782,347,329.0,1782,3643,1277,0.7166,2857,0.7842,1456,0.8171,0.4124,740.0,0.576
04208,角田市,27974,9980,2166,295.0,9980,27974,7149,0.7163,18783,0.6714,8621,0.8638,0.2144,2147.0,0.299
36341,石井町,24908,8195,1037,506.0,8195,24908,5869,0.7162,16787,0.674,7126,0.8696,0.2834,2324.0,0.396
08222,鹿嶋市,66926,20718,2900,457.0,20718,66926,14836,0.7161,44891,0.6708,18992,0.9167,0.2993,6207.0,0.418
01601,日高町,11279,4081,1069,244.0,4081,11279,2921,0.7158,8037,0.7126,3944,0.9664,0.3211,1304.0,0.449
45383,綾町,6920,2542,459,354.0,2542,6920,1819,0.7156,4617,0.6672,2119,0.8336,0.2266,579.0,0.317
22461,森町,17439,6162,941,419.0,6162,17439,4408,0.7154,12491,0.7163,5168,0.8387,0.2704,1622.0,0.378
07547,浪江町,1925,576,364,101.0,576,1925,412,0.7153,1359,0.706,567,0.9844,0.058,33.0,0.081
01456,愛別町,2605,1206,285,271.0,1206,2605,862,0.7148,1770,0.6795,903,0.7488,0.3009,363.0,0.421
36489,東みよし町,13637,4986,857,372.0,4986,13637,3563,0.7146,9363,0.6866,4340,0.8704,0.2938,1460.0,0.411
11327,越生町,11022,3983,582,438.0,3983,11022,2846,0.7145,7726,0.701,3589,0.9011,0.2856,1138.0,0.4
32528,隠岐の島町,13211,5517,941,375.0,5467,13100,3906,0.7145,9809,0.7488,4696,0.859,0.4601,2563.0,0.644
01433,妹背牛町,2689,1274,262,311.0,1274,2689,910,0.7143,1983,0.7374,1040,0.8163,0.3838,487.0,0.537
30428,串本町,14850,6881,862,511.0,6870,14833,4907,0.7143,10534,0.7102,5507,0.8016,0.4796,3324.0,0.671
01559,湧別町,8270,3246,845,246.0,3246,8270,2316,0.7135,5769,0.6976,2909,0.8962,0.279,906.0,0.391
40503,大刀洗町,15524,4445,565,504.0,4445,15524,3171,0.7134,10453,0.6733,4005,0.901,0.2891,1258.0,0.405
07208,喜多方市,44756,16482,2485,424.0,16482,44756,11752,0.713,30663,0.6851,14313,0.8684,0.2168,3572.0,0.304
35212,柳井市,30570,11902,1767,431.0,11871,30534,8461,0.7127,20160,0.6602,10765,0.9068,0.2611,3134.0,0.366
20382,辰野町,18500,6969,877,509.0,6969,18500,4962,0.712,12672,0.685,5577,0.8003,0.1917,1342.0,0.269
01663,浜中町,5476,1755,574,196.0,1749,5459,1245,0.7118,3950,0.7236,1492,0.8531,0.2347,413.0,0.33
12223,鴨川市,31993,12310,2142,368.0,12290,31945,8748,0.7118,22046,0.6901,10766,0.876,0.3432,4247.0,0.482
06212,尾花沢市,14951,6225,1075,371.0,6225,14951,4430,0.7116,10080,0.6742,5080,0.8161,0.1936,1206.0,0.272
01511,猿払村,2604,617,225,176.0,617,2601,439,0.7115,1807,0.6947,491,0.7958,0.2933,180.0,0.412
33207,井原市,38351,14335,2614,351.0,14335,38351,10190,0.7108,25555,0.6663,11865,0.8277,0.3062,4396.0,0.431
36205,吉野川市,38734,14661,2081,451.0,14661,38734,10419,0.7107,27302,0.7049,13211,0.9011,0.3087,4528.0,0.434
03203,大船渡市,34713,13050,1980,422.0,13050,34701,9271,0.7104,23843,0.6871,11163,0.8554,0.2456,3206.0,0.346
37324,小豆島町,13553,6007,733,524.0,5973,13480,4243,0.7104,9542,0.7079,4856,0.813,0.3476,2127.0,0.489
41209,嬉野市,25853,9203,1538,383.0,9203,25853,6538,0.7104,17708,0.6849,7295,0.7927,0.2263,2086.0,0.319
01560,滝上町,2421,1077,233,296.0,1077,2421,765,0.7103,1723,0.7117,936,0.8691,0.4254,461.0,0.599
01586,むかわ町,7651,3110,846,235.0,3110,7651,2209,0.7103,5212,0.6812,2687,0.864,0.2758,861.0,0.388
15225,魚沼市,34483,12898,1977,418.0,12898,34483,9159,0.7101,23503,0.6816,10542,0.8173,0.2383,3074.0,0.336
20385,南箕輪村,15808,3712,618,384.0,3712,15808,2636,0.7101,11263,0.7125,3567,0.9609,0.1957,724.0,0.276
35204,萩市,44183,19372,2748,451.0,19356,44164,13742,0.71,29105,0.659,16501,0.8525,0.2666,5229.0,0.376
01405,積丹町,1829,859,180,305.0,854,1827,606,0.7096,1295,0.7088,854,1.0,0.454,390.0,0.64
43205,水俣市,23344,9519,1157,527.0,9519,23344,6755,0.7096,16125,0.6908,7237,0.7603,0.3304,3180.0,0.466
40544,広川町,20093,5999,670,573.0,5999,20093,4254,0.7091,13891,0.6913,5761,0.9603,0.318,1909.0,0.448
15208,小千谷市,34096,12072,1366,566.0,12072,34096,8556,0.7087,22965,0.6735,10322,0.855,0.199,2406.0,0.281
31370,湯梨浜町,16030,5138,618,532.0,5138,16030,3641,0.7086,10548,0.658,4200,0.8174,0.2593,1333.0,0.366
41345,上峰町,9129,2361,304,497.0,2361,9129,1673,0.7086,5568,0.6099,2051,0.8687,0.2175,527.0,0.307
47306,今帰仁村,8868,3020,689,281.0,3020,8806,2140,0.7086,5698,0.6471,2360,0.7815,0.2564,774.0,0.362
15210,十日町市,49820,19842,2598,489.0,19842,49820,14053,0.7082,33858,0.6796,17272,0.8705,0.2425,4810.0,0.342
37322,土庄町,12486,5453,707,494.0,5427,12391,3841,0.7078,8402,0.6781,4247,0.7826,0.3266,1805.0,0.461
10208,渋川市,74669,26290,3682,457.0,26290,74669,18606,0.7077,52912,0.7086,24191,0.9202,0.1868,4910.0,0.264
40207,柳川市,64379,21560,2399,575.0,21560,64379,15244,0.7071,45220,0.7024,19209,0.891,0.2875,6203.0,0.407
16210,南砺市,47878,18795,4146,290.0,18795,47878,13278,0.7065,33987,0.7099,15472,0.8232,0.207,3881.0,0.293
09386,高根沢町,29272,7434,1724,276.0,7434,29272,5250,0.7062,16340,0.5582,6145,0.8266,0.2653,1966.0,0.376
01552,佐呂間町,4875,1921,562,219.0,1921,4875,1356,0.7059,3507,0.7194,1822,0.9485,0.3212,618.0,0.455
08564,利根町,15270,6876,522,843.0,6876,15270,4850,0.7054,10439,0.6836,5903,0.8585,0.2912,2010.0,0.413
19425,山中湖村,5257,1767,459,246.0,1767,5257,1246,0.7051,3663,0.6968,1669,0.9445,0.1925,333.0,0.273
07301,桑折町,11517,4358,586,476.0,4358,11517,3071,0.7047,8102,0.7035,4111,0.9433,0.198,861.0,0.281
01463,占冠村,1306,308,108,183.0,308,1306,217,0.7045,863,0.6608,308,1.0,0.5478,167.0,0.778
04406,利府町,35354,8624,688,802.0,8624,35352,6067,0.7035,23385,0.6615,7422,0.8606,0.21,1816.0,0.298
25203,長浜市,113640,32353,3715,557.0,32353,113640,22753,0.7033,74051,0.6516,27403,0.847,0.3068,9925.0,0.436
01227,歌志内市,2990,1589,183,556.0,1589,2990,1117,0.703,1931,0.6458,1459,0.9182,0.4301,685.0,0.612
01331,松前町,6126,3205,374,548.0,3205,6106,2253,0.703,4213,0.69,2977,0.9289,0.4621,1509.0,0.657
19207,韮崎市,28976,8880,1356,419.0,8880,28976,6243,0.703,18959,0.6543,7724,0.8698,0.2729,2430.0,0.388
44206,臼杵市,35703,14664,1969,477.0,14648,35680,10298,0.703,23710,0.6645,12278,0.8382,0.2483,3682.0,0.353
28208,相生市,28288,10401,830,802.0,10401,28288,7310,0.7028,18423,0.6513,9142,0.879,0.3574,3722.0,0.509
38207,大洲市,40499,14911,2715,351.0,14906,40489,10464,0.702,26759,0.6609,12925,0.8671,0.2849,4261.0,0.406
40228,朝倉市,50294,17505,2448,458.0,17505,50294,12285,0.7018,33308,0.6623,15298,0.8739,0.2928,5130.0,0.417
25213,東近江市,112754,30175,3194,605.0,30175,112754,21162,0.7013,73753,0.6541,26097,0.8649,0.3229,9754.0,0.46
07209,相馬市,34857,10790,2050,337.0,10790,34857,7564,0.701,23462,0.6731,9457,0.8765,0.2348,2533.0,0.335
01399,京極町,2941,1110,227,313.0,1110,2941,778,0.7009,1934,0.6576,863,0.7775,0.2714,302.0,0.387
01461,中富良野町,4733,1746,523,214.0,1746,4733,1223,0.7005,3353,0.7084,1455,0.8333,0.276,478.0,0.394
01454,当麻町,6317,2669,678,252.0,2669,6317,1869,0.7003,4156,0.6579,2029,0.7602,0.2834,754.0,0.405
08228,坂東市,52314,15781,3516,287.0,15781,52314,11048,0.7001,35801,0.6843,13844,0.8773,0.1934,3050.0,0.276
01363,厚沢部町,3592,1535,421,233.0,1535,3592,1074,0.6997,2368,0.6592,1409,0.9179,0.295,454.0,0.422
30401,白浜町,20120,7978,1057,483.0,7969,20111,5575,0.6996,13967,0.6945,6186,0.7763,0.3979,3190.0,0.569
28205,洲本市,41178,15087,2547,379.0,15080,41153,10549,0.6995,28687,0.6971,12901,0.8555,0.4248,6444.0,0.607
01550,置戸町,2763,1255,303,265.0,1255,2763,877,0.6988,1974,0.7144,981,0.7817,0.2935,365.0,0.42
07213,伊達市,58122,20901,3663,365.0,20901,58122,14594,0.6982,37845,0.6511,18014,0.8619,0.2008,4219.0,0.288
26465,与謝野町,20036,7509,903,532.0,7509,20036,5242,0.6981,13366,0.6671,6039,0.8042,0.2956,2230.0,0.423
39301,東洋町,2154,1110,165,431.0,1103,2140,770,0.6981,1508,0.7047,770,0.6981,0.4459,498.0,0.639
26344,宇治田原町,8911,2681,355,483.0,2681,8911,1871,0.6979,6092,0.6836,2227,0.8307,0.2447,657.0,0.351
41341,基山町,17356,5524,449,787.0,5524,17356,3853,0.6975,11520,0.6637,5208,0.9428,0.2748,1469.0,0.394
01457,上川町,3500,1547,270,367.0,1547,3500,1078,0.6968,2285,0.6529,1227,0.7931,0.2958,459.0,0.425
46210,指宿市,38953,15409,1803,547.0,15400,38922,10719,0.696,25884,0.665,13028,0.846,0.3799,5855.0,0.546
01584,洞爺湖町,8427,3663,541,433.0,3663,8427,2549,0.6959,5901,0.7002,3466,0.9462,0.4112,1513.0,0.591
40210,八女市,60585,22022,3245,434.0,22022,60585,15321,0.6957,39287,0.6485,18839,0.8555,0.2796,6162.0,0.402
42204,諫早市,133468,40772,4528,576.0,40772,133464,28349,0.6953,88737,0.6649,33069,0.8111,0.3777,15448.0,0.543
20321,軽井沢町,19223,6163,1661,237.0,6163,19223,4282,0.6948,13872,0.7216,5426,0.8804,0.2401,1476.0,0.346
08227,筑西市,100646,31888,5056,404.0,31888,100646,22147,0.6945,67436,0.67,27477,0.8617,0.2159,6909.0,0.311
43368,長洲町,15324,5486,571,615.0,5486,15319,3810,0.6945,10852,0.7084,4230,0.7711,0.3201,1758.0,0.461
21204,多治見市,106608,33320,2263,942.0,33320,106608,23136,0.6944,71287,0.6687,28675,0.8606,0.2829,9428.0,0.407
16209,小矢部市,29062,10841,2284,304.0,10841,29062,7525,0.6941,19745,0.6794,10053,0.9273,0.1928,2086.0,0.278
05368,大潟村,3011,954,97,629.0,954,3011,661,0.6929,1980,0.6576,693,0.7264,0.2943,281.0,0.425
32202,浜田市,54555,19395,3794,327.0,19384,54466,13431,0.6929,36530,0.6707,16486,0.8505,0.3446,6702.0,0.497
01647,足寄町,6566,2603,580,287.0,2603,6566,1803,0.6927,4378,0.6668,2226,0.8552,0.2873,752.0,0.415
11362,皆野町,9302,3575,640,358.0,3575,9302,2476,0.6926,6271,0.6742,2841,0.7947,0.1804,645.0,0.26
10525,邑楽町,25688,8268,1023,517.0,8268,25688,5723,0.6922,16533,0.6436,7433,0.899,0.1806,1488.0,0.261
23231,田原市,59354,16707,2526,423.0,16707,59336,11565,0.6922,39211,0.6608,14381,0.8608,0.2694,4498.0,0.389
31302,岩美町,10757,4036,521,496.0,4036,10757,2793,0.692,7117,0.6616,3253,0.806,0.2587,1049.0,0.374
03215,奥州市,112936,39989,9409,272.0,39989,112936,27674,0.692,73142,0.6476,33662,0.8418,0.2069,8275.0,0.299
11408,寄居町,32200,10839,1618,429.0,10839,32200,7492,0.6912,22280,0.6919,9637,0.8891,0.2202,2401.0,0.319
20388,宮田村,8577,2529,441,367.0,2529,8577,1748,0.6912,5818,0.6783,2334,0.9229,0.1567,398.0,0.227
04206,白石市,32768,11663,2130,350.0,11663,32768,8059,0.691,21067,0.6429,9725,0.8338,0.2405,2802.0,0.348
04505,美里町,24081,8568,1186,462.0,8568,24081,5920,0.6909,17084,0.7094,7454,0.87,0.2642,2258.0,0.382
01459,美瑛町,9665,3763,784,307.0,3763,9665,2593,0.6891,6776,0.7011,2756,0.7324,0.2851,1069.0,0.414
20217,佐久市,98242,30208,4304,449.0,30208,98242,20809,0.6889,65825,0.67,25662,0.8495,0.2291,6912.0,0.333
03202,宮古市,50369,19010,2615,465.0,19003,50350,13089,0.6888,34339,0.682,15880,0.8357,0.3188,6070.0,0.463
01604,新冠町,5270,1753,478,235.0,1753,5270,1207,0.6885,3584,0.6801,1720,0.9812,0.3365,588.0,0.489
23232,愛西市,61475,19481,2051,608.0,19481,61475,13405,0.6881,40850,0.6645,16627,0.8535,0.2981,5721.0,0.433
12215,旭市,63796,19841,3095,410.0,19841,63796,13641,0.6875,42877,0.6721,17453,0.8796,0.1984,3936.0,0.289
21381,神戸町,18488,6010,624,616.0,6010,18488,4130,0.6872,11620,0.6285,5368,0.8932,0.2727,1629.0,0.397
39203,安芸市,16226,6643,814,522.0,6632,16194,4557,0.6871,10630,0.6564,5207,0.7851,0.2816,1869.0,0.41
02208,むつ市,53899,18155,2255,515.0,18146,53844,12467,0.687,36527,0.6784,16062,0.8852,0.3752,6847.0,0.546
43213,宇城市,57249,19992,2922,438.0,19864,56987,13645,0.6869,35681,0.6261,17683,0.8902,0.285,5677.0,0.415
02205,五所川原市,51385,18351,2237,525.0,18351,51385,12595,0.6863,33536,0.6526,16033,0.8737,0.3773,6928.0,0.55
09214,さくら市,44470,11715,2312,324.0,11715,44470,8034,0.6858,30233,0.6799,11081,0.9459,0.2781,3263.0,0.405
18322,永平寺町,18921,5624,723,498.0,5624,18921,3855,0.6855,12609,0.6664,4639,0.8249,0.4179,2357.0,0.61
40383,岡垣町,30988,10295,826,798.0,10295,30988,7051,0.6849,20407,0.6585,8840,0.8587,0.3494,3601.0,0.51
29211,葛城市,36659,10286,852,773.0,10286,36659,7042,0.6846,24014,0.6551,8606,0.8367,0.3121,3227.0,0.456
32441,川本町,3257,1458,398,234.0,1458,3257,998,0.6845,2266,0.6957,1187,0.8141,0.3667,525.0,0.536
01304,新篠津村,3038,1134,360,202.0,1134,3038,776,0.6843,1953,0.6429,989,0.8721,0.226,258.0,0.33
01585,安平町,7340,2717,623,279.0,2717,7340,1859,0.6842,4991,0.68,2564,0.9437,0.295,800.0,0.431
39307,芸西村,3689,1401,210,427.0,1401,3689,957,0.6831,2335,0.633,1066,0.7609,0.2648,394.0,0.388
15216,糸魚川市,40566,16242,1854,561.0,16242,40543,11080,0.6822,25807,0.6365,13433,0.8271,0.2581,4206.0,0.378
35210,光市,49627,17773,1793,634.0,17772,49613,12123,0.6821,31467,0.6342,15861,0.8925,0.2223,3965.0,0.326
03205,花巻市,93207,32251,7355,281.0,32251,93207,21994,0.682,59482,0.6382,27105,0.8404,0.1974,6361.0,0.289
43211,宇土市,35936,10833,1291,537.0,10833,35929,7380,0.6813,24048,0.6693,9785,0.9033,0.276,3004.0,0.405
15212,村上市,57218,22540,2541,568.0,22488,57133,15316,0.6811,36832,0.6447,18934,0.842,0.2277,5149.0,0.334
40211,筑後市,49070,13547,1393,622.0,13547,49070,9223,0.6808,31409,0.6401,12157,0.8974,0.2822,3762.0,0.415
20563,野沢温泉村,3279,1256,152,529.0,1256,3279,855,0.6807,2135,0.6511,1256,1.0,0.2874,361.0,0.422
28212,赤穂市,45767,15039,1235,779.0,15029,45750,10220,0.68,28183,0.616,12183,0.8106,0.4014,6059.0,0.59
47328,中城村,22845,4341,474,586.0,4341,22841,2952,0.68,11594,0.5076,3683,0.8484,0.2719,1118.0,0.4
39209,土佐清水市,12262,6133,780,503.0,6133,12261,4168,0.6796,8284,0.6756,4849,0.7906,0.3198,2002.0,0.471
08235,つくばみらい市,50096,13176,1724,489.0,13176,50096,8953,0.6795,30226,0.6034,12321,0.9351,0.3095,4071.0,0.456
40213,行橋市,71231,21612,2165,639.0,21612,71230,14683,0.6794,47289,0.6639,18401,0.8514,0.3317,7180.0,0.488
20210,駒ヶ根市,32208,9953,1734,367.0,9953,32208,6761,0.6793,20851,0.6474,8832,0.8874,0.2029,2013.0,0.299
07308,川俣町,12158,5064,1117,290.0,5064,12158,3439,0.6791,8260,0.6794,4523,0.8932,0.2128,1085.0,0.313
08220,つくば市,241488,45669,7082,413.0,45669,241488,31001,0.6788,134128,0.5554,41496,0.9086,0.3785,17297.0,0.558
44205,佐伯市,66340,27134,3342,520.0,27085,66249,18384,0.6788,40339,0.6089,21672,0.8001,0.2764,7560.0,0.407
46218,霧島市,122999,33781,5442,397.0,33781,122999,22927,0.6787,75659,0.6151,28226,0.8356,0.3271,11090.0,0.482
40384,遠賀町,18774,6513,546,763.0,6513,18774,4420,0.6786,12342,0.6574,5977,0.9177,0.2849,1851.0,0.42
37206,さぬき市,46835,17336,2789,398.0,17329,46830,11755,0.6783,30640,0.6543,14294,0.8249,0.2545,4420.0,0.375
14361,中井町,9310,3294,348,606.0,3294,9310,2232,0.6776,6059,0.6508,2995,0.9092,0.2906,960.0,0.429
08546,境町,24226,7018,1309,343.0,7018,24226,4751,0.677,16027,0.6616,6171,0.8793,0.1898,1332.0,0.28
39204,南国市,46686,14857,2067,460.0,14857,46686,10056,0.6769,28352,0.6073,13273,0.8934,0.2081,3091.0,0.308
39210,四万十市,32688,12010,2132,361.0,12010,32688,8120,0.6761,21123,0.6462,9483,0.7896,0.251,3017.0,0.371
06211,東根市,47757,13435,1510,569.0,13435,47757,9076,0.6755,30737,0.6436,10917,0.8126,0.234,3145.0,0.346
12443,御宿町,6872,3567,392,582.0,3567,6863,2409,0.6754,4449,0.6483,3088,0.8657,0.3717,1327.0,0.55
08205,石岡市,72991,24109,4084,378.0,24109,72991,16270,0.6749,47890,0.6561,20742,0.8603,0.2486,5960.0,0.368
30202,海南市,48256,17670,1710,661.0,17606,48137,11868,0.6741,31664,0.6578,14409,0.8184,0.3336,5912.0,0.495
01520,幌延町,2371,682,186,235.0,682,2371,459,0.673,1535,0.6474,491,0.7199,0.2622,179.0,0.39
21208,瑞浪市,37145,11640,1775,420.0,11640,37145,7830,0.6727,22243,0.5988,10445,0.8973,0.2857,3326.0,0.425
33208,総社市,69037,19426,2408,516.0,19426,69037,13054,0.672,40957,0.5933,16545,0.8517,0.3119,6052.0,0.464
12239,大網白里市,48070,15743,1952,516.0,15743,48070,10576,0.6718,29710,0.6181,13321,0.8462,0.2639,4162.0,0.393
21214,可児市,100011,27843,2294,777.0,27843,100011,18688,0.6712,61310,0.613,23266,0.8356,0.2729,7576.0,0.407
07207,須賀川市,74907,21153,3318,408.0,21153,74907,14196,0.6711,47896,0.6394,18637,0.8811,0.1884,3992.0,0.281
35216,山陽小野田市,60216,20438,2193,596.0,20433,60182,13711,0.671,38561,0.6407,17112,0.8375,0.2066,4225.0,0.308
22344,小山町,18600,5586,772,463.0,5586,18600,3745,0.6704,10836,0.5826,4761,0.8523,0.252,1404.0,0.376
02401,野辺地町,12343,4713,533,566.0,4713,12343,3156,0.6696,8056,0.6527,4133,0.8769,0.3994,1883.0,0.597
16205,氷見市,43755,17333,2428,457.0,17333,43751,11591,0.6687,29318,0.6701,14049,0.8105,0.2124,3694.0,0.318
32203,出雲市,172668,51880,8283,401.0,51880,172665,34643,0.6678,106262,0.6154,42502,0.8192,0.2499,12980.0,0.374
41204,多久市,18283,6743,989,436.0,6743,18283,4502,0.6677,12000,0.6563,5934,0.88,0.2285,1543.0,0.342
20521,坂城町,14004,5054,591,547.0,5054,14004,3374,0.6676,9401,0.6713,4585,0.9072,0.1884,945.0,0.282
02206,十和田市,60385,20312,3087,421.0,20312,60385,13556,0.6674,39235,0.6497,17265,0.85,0.3569,7253.0,0.535
47302,大宜味村,3051,1124,252,285.0,1111,3032,741,0.667,2140,0.7058,912,0.8209,0.3529,404.0,0.529
21362,関ケ原町,6603,2646,309,548.0,2646,6603,1762,0.6659,4245,0.6429,2646,1.0,0.318,842.0,0.477
24341,菰野町,40397,10516,1456,462.0,10516,40397,6999,0.6656,26243,0.6496,9154,0.8705,0.208,2211.0,0.312
41207,鹿島市,27844,9124,1265,462.0,9116,27836,6068,0.6656,18253,0.6557,7990,0.8765,0.2024,1850.0,0.304
30341,かつらぎ町,15980,6515,1016,410.0,6515,15980,4335,0.6654,10353,0.6479,4986,0.7653,0.328,2108.0,0.493
10464,玉村町,35900,9176,894,657.0,9176,35900,6104,0.6652,23928,0.6665,8492,0.9255,0.2116,1949.0,0.318
26201,福知山市,77303,22944,3501,419.0,22944,77303,15260,0.6651,45024,0.5824,18682,0.8142,0.3174,7292.0,0.477
39363,土佐町,3752,1802,423,273.0,1802,3752,1197,0.6643,2581,0.6879,1197,0.6643,0.2306,415.0,0.347
01361,江差町,7349,2798,372,481.0,2798,7349,1857,0.6637,4738,0.6447,2442,0.8728,0.3721,1059.0,0.561
42322,川棚町,13129,4342,548,507.0,4342,13129,2876,0.6624,8539,0.6504,3474,0.8001,0.3718,1640.0,0.561
47308,本部町,12400,4091,771,340.0,4091,12400,2709,0.6622,8322,0.6711,3011,0.736,0.2958,1215.0,0.447
16207,黒部市,39587,12506,1890,423.0,12489,39561,8268,0.662,24682,0.6239,10725,0.8588,0.2462,3081.0,0.372
34203,竹原市,23853,10026,1182,543.0,10026,23853,6634,0.6617,15856,0.6647,8624,0.8602,0.3188,3215.0,0.482
22219,下田市,20079,8489,1106,491.0,8478,20057,5609,0.6616,13259,0.6611,6750,0.7962,0.3778,3224.0,0.571
40204,直方市,56224,19085,1589,769.0,19085,56224,12617,0.6611,35827,0.6372,16269,0.8524,0.325,6176.0,0.492
15205,柏崎市,81485,27312,3450,507.0,27302,81463,18049,0.6611,50105,0.6151,24812,0.9088,0.2431,6661.0,0.368
31325,若桜町,2863,1393,205,435.0,1393,2863,920,0.6604,1984,0.693,920,0.6604,0.2863,399.0,0.433
17361,津幡町,36766,9006,998,578.0,9006,36766,5942,0.6598,22777,0.6195,7933,0.8809,0.1557,1407.0,0.236
19423,西桂町,4028,1229,141,558.0,1229,4028,810,0.6591,2829,0.7023,1229,1.0,0.2814,346.0,0.427
20211,中野市,42313,13651,1716,509.0,13651,42313,8979,0.6578,26389,0.6237,11921,0.8733,0.186,2542.0,0.283
07421,会津坂下町,15044,5520,739,478.0,5520,15044,3630,0.6576,9120,0.6062,5087,0.9216,0.2024,1118.0,0.308
18210,坂井市,88290,25366,2714,598.0,25366,88290,16671,0.6572,57385,0.65,21455,0.8458,0.3148,8007.0,0.479
26366,精華町,36588,9088,576,1010.0,9088,36588,5962,0.656,23237,0.6351,7944,0.8741,0.3576,3231.0,0.545
40642,吉富町,6486,2094,222,604.0,2094,6486,1373,0.6557,4015,0.619,1869,0.8926,0.3162,669.0,0.482
24212,熊野市,15941,7072,1102,411.0,7072,15938,4625,0.654,10253,0.6433,5582,0.7893,0.3806,2707.0,0.582
34204,三原市,90485,32173,4426,465.0,32119,90318,21002,0.6539,53590,0.5933,25309,0.788,0.2965,9541.0,0.453
19346,市川三郷町,14638,5521,625,565.0,5521,14638,3609,0.6537,9419,0.6435,4528,0.8201,0.305,1685.0,0.467
30204,有田市,26538,9263,804,737.0,9263,26538,6051,0.6532,16848,0.6349,7753,0.837,0.3226,2991.0,0.494
15461,湯沢町,7767,2958,412,459.0,2958,7767,1932,0.6531,4828,0.6216,2840,0.9601,0.3162,935.0,0.484
01546,清里町,3887,1497,357,268.0,1497,3887,977,0.6526,2494,0.6416,1335,0.8918,0.2503,371.0,0.383
46225,姶良市,76299,23932,2490,615.0,23932,76299,15617,0.6526,45764,0.5998,20805,0.8693,0.3201,7664.0,0.49
01693,標津町,5002,1569,413,243.0,1569,5002,1022,0.6514,3234,0.6465,1419,0.9044,0.2616,411.0,0.402
01607,浦河町,12017,4080,896,291.0,4065,12001,2647,0.6512,7435,0.6195,3853,0.9478,0.3375,1383.0,0.518
12226,富津市,42340,16068,2601,395.0,16068,42334,10454,0.6506,26371,0.6229,13434,0.8361,0.2714,4375.0,0.417
07212,南相馬市,58998,20778,3879,343.0,20778,58998,13515,0.6504,37953,0.6433,17439,0.8393,0.2405,5002.0,0.37
30422,太地町,2777,1253,127,631.0,1253,2771,815,0.6504,1964,0.7088,872,0.6959,0.4981,623.0,0.766
01544,津別町,4373,1981,388,327.0,1981,4373,1287,0.6497,2932,0.6705,1679,0.8476,0.3586,709.0,0.552
01638,中札内村,3884,1118,301,238.0,1118,3884,726,0.6494,2610,0.672,1075,0.9615,0.2618,293.0,0.403
33203,津山市,99905,30482,5294,369.0,30482,99905,19794,0.6494,58789,0.5884,25044,0.8216,0.2939,8978.0,0.453
12211,成田市,132463,31394,3830,525.0,31394,132463,20369,0.6488,71238,0.5378,27394,0.8726,0.2986,9360.0,0.46
33204,玉野市,56367,21731,1716,810.0,21669,56258,14032,0.6476,35212,0.6259,18788,0.867,0.2872,6254.0,0.444
27321,豊能町,18223,8626,444,1243.0,8626,18223,5580,0.6469,11937,0.6551,6049,0.7013,0.2968,2572.0,0.459
01578,白老町,16202,7438,926,514.0,7438,16202,4810,0.6467,10253,0.6328,6584,0.8852,0.361,2682.0,0.558
01424,奈井江町,5104,2169,336,413.0,2169,5104,1402,0.6464,3273,0.6413,1792,0.8262,0.259,567.0,0.401
01662,厚岸町,8892,3178,629,323.0,3178,8887,2054,0.6463,5908,0.6648,2771,0.8719,0.2782,885.0,0.43
15361,田上町,11260,4219,437,618.0,4219,11260,2726,0.6461,7424,0.6593,3582,0.849,0.1931,817.0,0.299
35208,岩国市,129110,46094,5230,564.0,46034,128978,29727,0.6458,74808,0.58,37113,0.8062,0.2457,11332.0,0.381
21212,土岐市,55379,17699,1766,641.0,17699,55379,11421,0.6453,34803,0.6285,15139,0.8554,0.2746,4858.0,0.426
22302,河津町,6828,2932,494,380.0,2926,6809,1887,0.6449,4121,0.6052,2467,0.8431,0.3907,1156.0,0.606
22223,御前崎市,31065,9559,1560,392.0,9559,31065,6158,0.6442,19669,0.6332,7187,0.7519,0.2422,2310.0,0.376
27216,河内長野市,101661,36027,1564,1474.0,36027,101661,23208,0.6442,60995,0.6,30768,0.854,0.381,13723.0,0.591
14364,山北町,9772,3882,406,612.0,3882,9772,2500,0.644,6263,0.6409,3417,0.8802,0.2948,1142.0,0.458
09213,那須塩原市,115030,31959,6094,336.0,31959,115030,20564,0.6434,72365,0.6291,27905,0.8731,0.2371,7591.0,0.368
36202,鳴門市,54470,19000,1977,615.0,18945,54230,12163,0.642,33626,0.6201,15026,0.7931,0.2988,5714.0,0.465
28443,福崎町,19038,5296,706,480.0,5296,19038,3399,0.6418,11435,0.6006,4528,0.855,0.3373,1840.0,0.526
18481,高浜町,10181,3266,442,473.0,3266,10181,2092,0.6405,6971,0.6847,2569,0.7866,0.4283,1407.0,0.669
01482,小平町,2974,1201,273,282.0,1201,2974,768,0.6395,1996,0.6711,1201,1.0,0.4315,518.0,0.675
03206,北上市,93003,25214,4715,342.0,25214,93003,16109,0.6389,52774,0.5674,22620,0.8971,0.2452,6189.0,0.384
39206,須崎市,20565,8368,1141,469.0,8294,20447,5299,0.6389,13165,0.6439,6543,0.7889,0.263,2198.0,0.412
11341,滑川町,19975,4687,782,384.0,4687,19975,2992,0.6384,11670,0.5842,4331,0.924,0.3211,1481.0,0.503
28215,三木市,75822,26761,2642,648.0,26761,75822,17070,0.6379,46921,0.6188,23406,0.8746,0.3324,8777.0,0.521
25211,湖南市,54385,13347,1002,853.0,13347,54385,8507,0.6374,32604,0.5995,11280,0.8451,0.3137,4200.0,0.492
41202,唐津市,116971,38150,4653,525.0,38120,116867,24298,0.6374,70069,0.5996,30733,0.8062,0.2415,9266.0,0.379
47327,北中城村,18139,4297,328,838.0,4297,18132,2739,0.6374,9941,0.5483,3505,0.8157,0.2766,1188.0,0.434
15218,五泉市,47597,17131,2083,526.0,17131,47597,10920,0.6374,29660,0.6231,15190,0.8867,0.1702,2918.0,0.267
08443,阿見町,48817,13402,1578,544.0,13402,48817,8522,0.6359,27471,0.5627,11695,0.8726,0.2822,3770.0,0.444
24204,松阪市,159204,47815,5145,595.0,47815,159202,30405,0.6359,94483,0.5935,40000,0.8366,0.2161,10326.0,0.34
47311,恩納村,10701,2587,390,425.0,2587,10701,1643,0.6351,6930,0.6476,2227,0.8608,0.2798,733.0,0.441
01346,八雲町,15748,5509,902,391.0,5496,15732,3488,0.6346,9158,0.5821,4930,0.897,0.3204,1773.0,0.505
32201,松江市,203378,59428,6421,592.0,59411,203339,37699,0.6345,116377,0.5723,46926,0.7899,0.2661,15831.0,0.419
10344,榛東村,14210,3784,685,354.0,3784,14210,2400,0.6342,9102,0.6405,3200,0.8457,0.1544,583.0,0.243
24201,津市,274408,80708,7486,690.0,80708,274406,51162,0.6339,164243,0.5985,66822,0.8279,0.2413,19485.0,0.381
03216,滝沢市,55481,14155,1826,496.0,14155,55481,8959,0.6329,31911,0.5752,12343,0.872,0.2519,3567.0,0.398
10210,富岡市,47503,16323,2189,477.0,16323,47503,10326,0.6326,29785,0.627,14226,0.8715,0.1978,3230.0,0.313
22222,伊豆市,28172,11988,1850,415.0,11988,28172,7584,0.6326,17246,0.6122,9768,0.8148,0.333,3996.0,0.526
40206,田川市,46042,15819,1504,673.0,15819,46042,10006,0.6325,29216,0.6346,13744,0.8688,0.3447,5494.0,0.545
01635,新得町,5817,2185,458,305.0,2185,5817,1379,0.6311,3906,0.6715,1841,0.8426,0.2955,650.0,0.468
44204,日田市,62676,22382,3226,444.0,22382,62676,14111,0.6305,35697,0.5695,17767,0.7938,0.2465,5517.0,0.391
09301,上三川町,31123,7373,1417,333.0,7373,31123,4648,0.6304,17907,0.5754,6496,0.8811,0.234,1699.0,0.371
26205,宮津市,16551,7180,766,600.0,7159,16513,4506,0.6294,9718,0.5885,5408,0.7554,0.3634,2633.0,0.577
01455,比布町,3520,1462,382,245.0,1462,3520,919,0.6286,2264,0.6432,1114,0.762,0.2887,422.0,0.459
45202,都城市,160610,50725,6786,478.0,50725,160610,31888,0.6286,93878,0.5845,40921,0.8067,0.2285,11576.0,0.363
40421,桂川町,12924,4526,448,647.0,4526,12924,2842,0.6279,8160,0.6314,3726,0.8232,0.3352,1516.0,0.534
01397,留寿都村,1911,499,183,175.0,499,1911,313,0.6273,1141,0.5971,381,0.7635,0.3795,187.0,0.605
45341,三股町,25625,7245,827,561.0,7245,25625,4544,0.6272,14886,0.5809,5834,0.8052,0.2245,1627.0,0.358
01514,枝幸町,7543,2687,547,314.0,2687,7543,1684,0.6267,4521,0.5994,2160,0.8039,0.2659,717.0,0.424
22305,松崎町,6038,2948,373,506.0,2920,5992,1829,0.6264,3691,0.616,2346,0.8034,0.4035,1190.0,0.644
41208,小城市,43953,12600,1650,489.0,12600,43953,7889,0.6261,27898,0.6347,10044,0.7971,0.1888,2379.0,0.302
01404,神恵内村,846,441,68,415.0,441,844,276,0.6259,456,0.5403,276,0.6259,0.4733,212.0,0.756
44203,中津市,82736,24804,3654,434.0,24804,82731,15510,0.6253,51147,0.6182,20784,0.8379,0.2945,7313.0,0.471
21205,関市,85366,26047,3250,513.0,26047,85366,16283,0.6251,51727,0.6059,21997,0.8445,0.2629,6836.0,0.421
40344,須惠町,28521,7788,437,1141.0,7788,28521,4867,0.6249,16863,0.5912,6360,0.8166,0.2356,1848.0,0.377
01371,せたな町,7328,3449,742,297.0,3449,7323,2155,0.6248,4585,0.6261,2504,0.726,0.4309,1500.0,0.69
01215,美唄市,20460,8691,1290,431.0,8691,20460,5427,0.6244,12089,0.5909,7758,0.8926,0.3789,3275.0,0.607
40224,福津市,67058,18897,1190,1016.0,18897,67058,11795,0.6242,35892,0.5352,15837,0.8381,0.3277,6190.0,0.525
06321,河北町,17635,6654,655,650.0,6654,17635,4152,0.624,10147,0.5754,5057,0.76,0.1966,1305.0,0.315
01471,中川町,1528,586,148,253.0,586,1528,365,0.6229,963,0.6302,491,0.8379,0.3365,200.0,0.54
04215,大崎市,127242,38725,7116,348.0,38725,127242,24110,0.6226,72720,0.5715,32441,0.8377,0.2492,9654.0,0.4
16206,滑川市,32255,9695,1467,423.0,9695,32255,6032,0.6222,20281,0.6288,8375,0.8638,0.231,2251.0,0.371
12213,東金市,58059,17091,2278,480.0,17091,58059,10631,0.622,33350,0.5744,14537,0.8506,0.2432,4174.0,0.391
01364,乙部町,3334,1531,215,456.0,1531,3332,952,0.6218,1876,0.563,1531,1.0,0.4095,635.0,0.658
11210,加須市,111848,33302,4176,510.0,33302,111848,20703,0.6217,68765,0.6148,29330,0.8807,0.2465,8205.0,0.397
07204,いわき市,332954,102301,11351,577.0,102292,332917,63578,0.6215,196829,0.5912,88918,0.8693,0.2517,25755.0,0.405
40205,飯塚市,126429,39746,3620,703.0,39746,126429,24689,0.6212,76443,0.6046,33123,0.8334,0.319,12675.0,0.514
12329,栄町,20068,7820,684,732.0,7820,20068,4857,0.6211,12712,0.6334,6691,0.8556,0.2411,1890.0,0.388
01602,平取町,4770,1657,593,179.0,1657,4770,1029,0.621,3209,0.6727,1331,0.8033,0.3071,516.0,0.494
09205,鹿沼市,93966,28475,4732,385.0,28475,93966,17669,0.6205,53134,0.5655,22804,0.8008,0.2375,6770.0,0.383
47359,伊平屋村,1106,329,70,301.0,329,1102,204,0.6201,705,0.6397,251,0.7629,0.3918,130.0,0.632
36388,海陽町,8269,3829,699,351.0,3829,8269,2370,0.619,5421,0.6556,2884,0.7532,0.4382,1697.0,0.708
04421,大和町,29062,6577,1025,411.0,6577,29062,4067,0.6184,14566,0.5012,5593,0.8504,0.2583,1679.0,0.418
02204,黒石市,31904,10906,1075,649.0,10906,31904,6741,0.6181,20006,0.6271,9142,0.8383,0.3284,3593.0,0.531
19213,甲州市,29192,10721,1664,412.0,10721,29192,6626,0.618,17357,0.5946,8911,0.8312,0.2785,2985.0,0.451
33445,里庄町,11164,3537,411,551.0,3537,11164,2185,0.6178,6371,0.5707,2903,0.8208,0.3312,1144.0,0.536
37205,観音寺市,57355,19418,2520,493.0,19418,57355,11982,0.6171,33967,0.5922,15610,0.8039,0.2174,4225.0,0.352
01458,東川町,8318,2752,668,264.0,2752,8318,1698,0.617,4952,0.5953,2142,0.7783,0.2971,820.0,0.482
15222,上越市,188009,61444,7571,519.0,61436,187995,37863,0.6163,109763,0.5839,50969,0.8296,0.2197,13500.0,0.356
20541,小布施町,10673,3746,351,683.0,3746,10673,2308,0.6161,6472,0.6064,3472,0.9269,0.2121,795.0,0.344
20208,小諸市,41027,13774,1902,463.0,13774,41027,8484,0.6159,25923,0.6319,10797,0.7839,0.2045,2816.0,0.332
38210,伊予市,35081,11938,1621,471.0,11929,35069,7337,0.6151,20005,0.5704,9932,0.8326,0.2668,3200.0,0.434
07342,鏡石町,12387,3418,582,376.0,3418,12387,2102,0.615,6983,0.5637,2898,0.8479,0.1607,553.0,0.261
17206,加賀市,63198,22677,2205,658.0,22677,63193,13943,0.6149,39531,0.6256,17829,0.7862,0.179,4059.0,0.291
01516,豊富町,3974,1354,330,263.0,1354,3974,832,0.6145,2541,0.6394,931,0.6876,0.274,372.0,0.446
01483,苫前町,2930,1190,291,262.0,1190,2930,731,0.6143,1793,0.6119,1190,1.0,0.4327,513.0,0.704
10345,吉岡町,21794,5223,708,472.0,5223,21794,3206,0.6138,14154,0.6494,4683,0.8966,0.2029,1058.0,0.331
18209,越前市,80567,23708,2704,561.0,23708,80567,14548,0.6136,48797,0.6057,19102,0.8057,0.304,7216.0,0.495
01637,芽室町,18049,5528,997,355.0,5528,18049,3390,0.6132,10546,0.5843,4754,0.86,0.1804,998.0,0.294
35215,周南市,137612,44783,4609,622.0,44729,137505,27429,0.6132,76378,0.5555,35716,0.7985,0.2298,10280.0,0.375
36203,小松島市,36311,12588,1341,601.0,12581,36289,7706,0.6125,22652,0.6242,10592,0.8419,0.2749,3444.0,0.449
10209,藤岡市,63263,20506,2380,551.0,20506,63263,12557,0.6124,36583,0.5783,17817,0.8689,0.2005,4108.0,0.328
28219,三田市,109151,28831,2555,722.0,28831,109151,17652,0.6123,64668,0.5925,22047,0.7647,0.3666,10577.0,0.599
20203,上田市,154041,47117,5268,572.0,47117,154041,28835,0.612,93893,0.6095,39829,0.8453,0.2162,10191.0,0.353
05202,能代市,49959,20769,2007,662.0,20769,49959,12707,0.6118,29908,0.5987,17160,0.8262,0.3384,7028.0,0.553
01401,共和町,5731,1816,584,199.0,1816,5731,1109,0.6107,3547,0.6189,1806,0.9945,0.3733,682.0,0.611
31203,倉吉市,46672,16080,1993,516.0,16080,46672,9812,0.6102,27381,0.5867,12695,0.7895,0.2419,3879.0,0.396
35203,山口市,193836,56284,7445,484.0,56253,193819,34315,0.61,105380,0.5437,46504,0.8267,0.2197,12343.0,0.36
29363,田原本町,31219,9998,702,911.0,9998,31219,6096,0.6097,17265,0.553,7761,0.7763,0.2704,2693.0,0.443
39302,奈半利町,3001,1404,173,519.0,1399,2984,853,0.6097,1681,0.5633,1119,0.7999,0.3658,519.0,0.6
34208,府中市,37675,14406,1794,514.0,14406,37675,8768,0.6086,21637,0.5743,10430,0.724,0.2386,3429.0,0.392
35321,和木町,5931,1622,122,851.0,1622,5931,987,0.6085,3210,0.5412,1494,0.9211,0.2578,424.0,0.424
17211,能美市,48400,12659,1273,636.0,12659,48400,7696,0.6079,27746,0.5733,10639,0.8404,0.1783,2262.0,0.293
19212,上野原市,22660,8252,1077,490.0,8252,22660,5016,0.6079,12743,0.5624,6498,0.7874,0.3461,2857.0,0.569
47360,伊是名村,1307,408,85,307.0,408,1307,248,0.6078,815,0.6236,328,0.8039,0.4244,173.0,0.698
20215,塩尻市,67267,19157,2142,572.0,19157,67267,11643,0.6078,36989,0.5499,15759,0.8226,0.2397,4592.0,0.394
39205,土佐市,25638,9413,1189,507.0,9413,25638,5718,0.6075,15394,0.6004,7055,0.7495,0.1855,1755.0,0.305
24344,川越町,14790,2773,283,627.0,2773,14790,1684,0.6073,9099,0.6152,2587,0.9329,0.2769,789.0,0.456
21404,池田町,23370,6934,885,501.0,6934,23370,4209,0.607,14788,0.6328,5476,0.7897,0.2459,1699.0,0.405
08207,結城市,50494,15155,2023,479.0,15155,50494,9169,0.605,28715,0.5687,13043,0.8606,0.2459,3784.0,0.406
18204,小浜市,28793,9207,1196,493.0,9207,28793,5570,0.605,16657,0.5785,7413,0.8051,0.3676,3411.0,0.608
39212,香美市,26440,10100,1558,415.0,10100,26440,6104,0.6044,14222,0.5379,7823,0.7746,0.325,3290.0,0.538
45401,高鍋町,19898,6502,905,460.0,6502,19898,3929,0.6043,11199,0.5628,4973,0.7648,0.236,1534.0,0.391
19214,中央市,31318,7543,750,644.0,7543,31318,4558,0.6043,17412,0.556,5899,0.782,0.2892,2183.0,0.479
30404,上富田町,15107,4081,636,411.0,4081,15107,2465,0.604,9089,0.6016,3079,0.7545,0.3362,1383.0,0.557
06203,鶴岡市,122216,42957,4641,592.0,42906,122123,25900,0.6036,69762,0.5712,32402,0.7552,0.2232,9597.0,0.37
22226,牧之原市,43382,13773,2054,429.0,13773,43382,8307,0.6031,25438,0.5864,10539,0.7652,0.2319,3208.0,0.384
17202,七尾市,49934,19220,2778,443.0,19183,49815,11560,0.6026,29669,0.5956,14422,0.7518,0.2229,4317.0,0.37
01668,白糠町,7286,3038,519,375.0,3035,7268,1828,0.6023,4353,0.5989,2529,0.8333,0.2794,856.0,0.464
01233,伊達市,32802,12594,1422,567.0,12594,32798,7584,0.6022,18574,0.5663,10932,0.868,0.3386,4267.0,0.562
01334,木古内町,3774,1895,318,381.0,1880,3750,1132,0.6021,2335,0.6227,1286,0.684,0.3021,576.0,0.502
11216,羽生市,52887,15840,1974,514.0,15840,52887,9536,0.602,30925,0.5847,12198,0.7701,0.2354,3724.0,0.391
40382,水巻町,27888,9263,448,1323.0,9263,27888,5574,0.6017,18656,0.669,7702,0.8315,0.3345,3113.0,0.556
29362,三宅町,6404,2306,170,868.0,2306,6404,1386,0.601,3848,0.6009,2306,1.0,0.4132,963.0,0.688
01216,芦別市,12555,6007,776,495.0,6007,12555,3608,0.6006,7092,0.5649,4901,0.8159,0.3381,2027.0,0.563
01636,清水町,9092,3388,763,284.0,3388,9092,2034,0.6004,5824,0.6406,2853,0.8421,0.243,823.0,0.405
09203,栃木市,155549,49199,6899,456.0,49199,155549,29532,0.6003,88697,0.5702,41326,0.84,0.2557,12576.0,0.426
08341,東海村,37941,9494,1157,525.0,9494,37941,5692,0.5995,19801,0.5219,8483,0.8935,0.2881,2741.0,0.48
29209,生駒市,116693,33372,1635,1306.0,33372,116693,20007,0.5995,66587,0.5706,24952,0.7477,0.331,11065.0,0.552
12230,八街市,67136,20879,2612,512.0,20879,67136,12514,0.5994,39102,0.5824,17655,0.8456,0.2143,4481.0,0.358
37404,多度津町,22200,7182,757,607.0,7182,22192,4301,0.5989,12937,0.583,5905,0.8222,0.255,1847.0,0.426
06213,南陽市,30439,10339,1305,507.0,10339,30439,6190,0.5987,16910,0.5555,8237,0.7967,0.1833,1895.0,0.306
28464,太子町,33729,9131,729,802.0,9131,33729,5467,0.5987,19316,0.5727,7872,0.8621,0.2946,2665.0,0.492
06207,上山市,29135,11500,1200,613.0,11500,29135,6872,0.5976,16223,0.5568,9784,0.8508,0.2118,2411.0,0.354
47215,南城市,44277,11498,1230,598.0,11477,44112,6856,0.5974,25108,0.5692,8937,0.7787,0.2419,2759.0,0.405
01485,初山別村,1075,417,128,209.0,417,1075,249,0.5971,646,0.6009,389,0.9329,0.419,176.0,0.702
01209,夕張市,7334,3839,628,391.0,3839,7334,2292,0.597,4325,0.5897,2766,0.7205,0.4126,1579.0,0.691
12421,一宮町,11784,3860,650,380.0,3860,11784,2303,0.5966,6982,0.5925,3035,0.7863,0.3002,1168.0,0.503
27362,田尻町,8524,2060,107,1232.0,2060,8524,1229,0.5966,5250,0.6159,1632,0.7922,0.4401,879.0,0.738
20218,千曲市,58822,19589,1856,675.0,19589,58822,11684,0.5965,34284,0.5828,16288,0.8315,0.1867,3664.0,0.313
24207,鈴鹿市,195491,47978,4438,692.0,47969,195448,28605,0.5963,108077,0.553,41137,0.8576,0.2265,10867.0,0.38
01547,小清水町,4623,1765,466,242.0,1765,4623,1051,0.5955,2834,0.613,1765,1.0,0.2336,414.0,0.392
15213,燕市,77043,24029,2162,711.0,24029,77043,14309,0.5955,42670,0.5538,18276,0.7606,0.1661,3996.0,0.279
24205,桑名市,138413,37029,2825,839.0,37029,138413,22036,0.5951,78209,0.565,29294,0.7911,0.2506,9293.0,0.421
08232,神栖市,95464,22162,3642,389.0,22162,95464,13184,0.5949,53049,0.5557,19682,0.8881,0.2654,5882.0,0.446
43202,八代市,122989,42099,4805,561.0,42099,122989,25039,0.5948,69290,0.5634,32863,0.7806,0.3271,13781.0,0.55
33423,早島町,12419,3602,279,826.0,3602,12419,2142,0.5947,6623,0.5333,2846,0.7901,0.3328,1143.0,0.56
43204,荒尾市,50815,18252,1633,715.0,18252,50815,10843,0.5941,30312,0.5965,13948,0.7642,0.2872,5240.0,0.483
19205,山梨市,33520,11421,1608,455.0,11421,33520,6782,0.5938,19408,0.579,10096,0.884,0.2974,3389.0,0.501
46204,枕崎市,20027,8175,933,561.0,8167,20006,4845,0.5932,11701,0.5849,5853,0.7167,0.3261,2671.0,0.55
21217,飛騨市,22523,9098,1280,455.0,9098,22523,5392,0.5927,13358,0.5931,6467,0.7108,0.3184,2898.0,0.537
13363,新島村,2433,967,139,445.0,967,2433,573,0.5926,1370,0.5631,573,0.5926,0.5058,489.0,0.854
09209,真岡市,78283,21226,4058,335.0,21226,78283,12577,0.5925,43247,0.5524,18006,0.8483,0.2138,4535.0,0.361
12205,館山市,45100,17744,2166,524.0,17731,45080,10502,0.5923,25736,0.5709,14102,0.7953,0.2813,4988.0,0.475
01347,長万部町,5109,2091,418,320.0,2091,5109,1238,0.5921,3112,0.6091,1590,0.7604,0.3999,835.0,0.675
01234,北広島市,58273,19264,1173,1051.0,19264,58273,11400,0.5918,32631,0.56,16356,0.849,0.2957,5730.0,0.5
30203,橋本市,60811,20133,2017,639.0,20133,60811,11915,0.5918,37355,0.6143,16470,0.8181,0.3303,6644.0,0.558
21203,高山市,84423,28096,3937,457.0,28096,84423,16603,0.5909,50819,0.602,20993,0.7472,0.2641,7420.0,0.447
25210,野洲市,50647,13210,977,865.0,13210,50647,7806,0.5909,25727,0.508,11035,0.8354,0.3327,4388.0,0.563
18206,勝山市,22150,8274,1038,510.0,8274,22150,4888,0.5908,12700,0.5734,6214,0.751,0.317,2624.0,0.537
38203,宇和島市,69415,27623,2961,597.0,27571,69277,16287,0.5907,38982,0.5627,21627,0.7844,0.3281,9251.0,0.555
03322,矢巾町,28175,7365,1205,391.0,7365,28175,4345,0.59,14448,0.5128,6115,0.8303,0.2033,1498.0,0.345
30421,那智勝浦町,14016,6155,717,549.0,6112,13910,3605,0.5898,8193,0.589,4255,0.6962,0.4668,2894.0,0.791
03211,釜石市,32072,12778,1280,639.0,12778,32069,7532,0.5895,19349,0.6034,10663,0.8345,0.3258,4164.0,0.553
40216,小郡市,59475,16689,1234,866.0,16689,59475,9836,0.5894,34971,0.588,13203,0.7911,0.3481,5859.0,0.591
23235,弥富市,42816,11172,1217,588.0,11172,42816,6584,0.5893,23447,0.5476,9842,0.881,0.315,3547.0,0.535
01434,秩父別町,2329,981,235,267.0,981,2329,578,0.5892,1265,0.5432,834,0.8502,0.2372,234.0,0.403
01332,福島町,3663,1791,233,492.0,1775,3636,1044,0.5882,2151,0.5916,1554,0.8755,0.3866,716.0,0.657
36383,牟岐町,3716,2008,272,472.0,2008,3708,1181,0.5881,2257,0.6087,1557,0.7754,0.3859,778.0,0.656
02202,弘前市,168451,53921,4570,755.0,53921,168451,31662,0.5872,90435,0.5369,46497,0.8623,0.3532,19047.0,0.602
01228,深川市,20043,8528,1338,408.0,8528,20043,5003,0.5867,11196,0.5586,7154,0.8389,0.3482,2975.0,0.594
11343,小川町,28489,11083,1185,599.0,11083,28489,6502,0.5867,16725,0.5871,9446,0.8523,0.2568,2848.0,0.438
43403,大津町,35181,7626,1000,488.0,7626,35181,4471,0.5863,17312,0.4921,6320,0.8287,0.283,2160.0,0.483
17209,かほく市,34859,10308,1107,596.0,10308,34859,6041,0.586,19660,0.564,8340,0.8091,0.1686,1739.0,0.288
25204,近江八幡市,80916,22471,1700,846.0,22471,80916,13158,0.5856,43694,0.54,18419,0.8197,0.322,7244.0,0.55
40230,糸島市,98927,29553,2764,684.0,29536,98843,17285,0.5852,50813,0.5141,23051,0.7804,0.3134,9270.0,0.536
02207,三沢市,39178,10294,1297,508.0,10294,39178,6024,0.5852,21724,0.5545,8680,0.8432,0.344,3573.0,0.588
23215,犬山市,73042,21397,1419,965.0,21397,73042,12490,0.5837,41285,0.5652,18670,0.8726,0.3422,7329.0,0.586
11207,秩父市,59696,20435,2734,478.0,20435,59696,11926,0.5836,35031,0.5868,17232,0.8433,0.2186,4447.0,0.375
42391,佐々町,13901,3918,513,489.0,3918,13901,2286,0.5835,8256,0.5939,3165,0.8078,0.3859,1514.0,0.661
01564,大空町,6775,2502,637,251.0,2502,6775,1459,0.5831,4285,0.6325,2073,0.8285,0.1369,343.0,0.235
15202,長岡市,266820,83365,8218,649.0,83365,266820,48572,0.5826,144236,0.5406,63941,0.767,0.2234,18621.0,0.383
01469,美深町,4145,1696,365,297.0,1696,4145,987,0.582,2388,0.5761,1248,0.7358,0.2637,448.0,0.453
01555,遠軽町,19241,7236,1047,442.0,7236,19241,4211,0.582,11264,0.5854,6250,0.8637,0.3184,2302.0,0.547
01664,標茶町,7238,2465,770,205.0,2465,7238,1434,0.5817,4231,0.5846,2094,0.8495,0.2185,541.0,0.376
29425,王寺町,23976,6731,294,1465.0,6731,23976,3914,0.5815,13259,0.553,4781,0.7103,0.334,2249.0,0.574
15209,加茂市,25485,9398,879,684.0,9398,25485,5457,0.5807,14910,0.5851,7528,0.801,0.1898,1776.0,0.327
11465,松伏町,28288,8451,566,956.0,8451,28288,4904,0.5803,15633,0.5526,6851,0.8107,0.254,2135.0,0.438
42202,佐世保市,242263,76909,7041,699.0,76689,241268,44465,0.5798,136678,0.5665,62463,0.8145,0.3857,29763.0,0.665
19204,都留市,30950,8765,1079,520.0,8765,30950,5081,0.5797,17124,0.5533,7532,0.8593,0.3619,3174.0,0.624
19208,南アルプス市,69517,19304,2353,525.0,19304,69517,11174,0.5788,41395,0.5955,16936,0.8773,0.2532,4887.0,0.437
15204,三条市,94692,31251,3132,639.0,31251,94692,18085,0.5787,54259,0.573,24297,0.7775,0.1585,4955.0,0.274
11464,杉戸町,43851,14442,1068,865.0,14442,43851,8353,0.5784,24246,0.5529,10063,0.6968,0.2561,3689.0,0.443
23216,常滑市,58462,14658,1218,770.0,14650,58426,8468,0.578,30727,0.5259,12331,0.8417,0.3456,5092.0,0.598
15211,見附市,39279,12944,1106,749.0,12944,39279,7480,0.5779,21965,0.5592,10788,0.8334,0.17,2199.0,0.294
29206,桜井市,54542,17416,1409,791.0,17416,54542,10049,0.577,29556,0.5419,13705,0.7869,0.3065,5361.0,0.531
34213,廿日市市,113570,34832,2497,893.0,34832,113556,20070,0.5762,57643,0.5076,26740,0.7677,0.2592,9061.0,0.45
38206,西条市,104798,34396,4050,544.0,34396,104792,19808,0.5759,56404,0.5382,27862,0.81,0.2734,9406.0,0.475
01370,今金町,5072,2078,494,269.0,2078,5072,1196,0.5756,2811,0.5542,1844,0.8874,0.3674,767.0,0.638
22213,掛川市,115013,32091,4311,476.0,32091,115013,18471,0.5756,63417,0.5514,26358,0.8214,0.2631,8431.0,0.457
26214,木津川市,77781,19182,1355,906.0,19182,77781,11034,0.5752,39742,0.5109,14114,0.7358,0.3089,5927.0,0.537
22208,伊東市,65459,27965,2519,711.0,27958,65447,16079,0.5751,35446,0.5416,20088,0.7185,0.3602,10072.0,0.626
34205,尾道市,130379,47342,4845,625.0,47178,129895,27128,0.575,70875,0.5456,38316,0.8122,0.3134,14930.0,0.545
06209,長井市,26540,9435,1560,387.0,9435,26540,5421,0.5746,14564,0.5488,8165,0.8654,0.2249,2125.0,0.391
38215,東温市,34127,10246,1398,469.0,10246,34127,5885,0.5744,16819,0.4928,8848,0.8636,0.3186,3255.0,0.555
30205,御坊市,23559,7350,833,565.0,7350,23559,4221,0.5743,13923,0.591,5897,0.8023,0.3092,2267.0,0.538
01429,栗山町,11272,4616,794,372.0,4616,11272,2650,0.5741,6187,0.5489,3878,0.8401,0.2483,1151.0,0.433
22224,菊川市,47965,12865,1971,418.0,12865,47965,7382,0.5738,24985,0.5209,9703,0.7542,0.2628,3381.0,0.458
22216,袋井市,87844,21133,2491,543.0,21133,87844,12120,0.5735,46788,0.5326,17654,0.8354,0.2701,5756.0,0.471
01303,当別町,15931,5578,991,360.0,5578,15931,3197,0.5731,9044,0.5677,4911,0.8804,0.3511,1950.0,0.613
01633,上士幌町,4775,1686,369,292.0,1686,4775,966,0.573,3088,0.6467,1290,0.7651,0.2571,435.0,0.449
01644,池田町,6294,2725,572,305.0,2725,6294,1560,0.5725,3458,0.5494,2075,0.7615,0.2652,727.0,0.463
24343,朝日町,11118,2134,195,700.0,2134,11118,1221,0.5722,6853,0.6164,1632,0.7648,0.277,583.0,0.484
08204,古河市,138932,39732,4342,586.0,39732,138932,22717,0.5718,75834,0.5458,33728,0.8489,0.2623,10411.0,0.459
01428,長沼町,10273,3964,998,254.0,3964,10273,2259,0.5699,6229,0.6063,3588,0.9051,0.2311,917.0,0.405
34211,大竹市,26058,9331,606,985.0,9331,26058,5314,0.5695,13204,0.5067,8268,0.8861,0.3188,2999.0,0.56
11385,上里町,30424,8320,930,573.0,8320,30424,4731,0.5686,16936,0.5567,7046,0.8469,0.1943,1617.0,0.342
38402,砥部町,20371,6966,621,718.0,6966,20371,3959,0.5683,10371,0.5091,5872,0.843,0.2549,1781.0,0.449
12210,茂原市,86807,28788,3377,546.0,28788,86807,16360,0.5683,46571,0.5365,24266,0.8429,0.2411,6937.0,0.424
47362,八重瀬町,30744,6757,675,641.0,6757,30744,3838,0.568,14697,0.478,5081,0.752,0.2463,1705.0,0.434
11218,深谷市,141508,41020,4750,553.0,41020,141508,23284,0.5676,77317,0.5464,32788,0.7993,0.2192,8961.0,0.386
11202,熊谷市,194466,57348,5021,731.0,57348,194466,32539,0.5674,103345,0.5314,45236,0.7888,0.2364,13536.0,0.417
20205,飯田市,98129,31959,4407,464.0,31959,98129,18130,0.5673,55001,0.5605,25254,0.7902,0.2059,6586.0,0.363
47315,伊江村,4108,1419,269,338.0,1419,4108,805,0.5673,2249,0.5475,970,0.6836,0.2653,378.0,0.468
22325,函南町,37021,12147,991,784.0,12147,37021,6890,0.5672,18183,0.4912,10572,0.8703,0.2985,3602.0,0.526
04202,石巻市,139925,46478,4926,604.0,46478,139911,26335,0.5666,75865,0.5422,37287,0.8023,0.2411,11213.0,0.426
39403,越知町,5200,2448,329,476.0,2448,5200,1387,0.5666,2804,0.5392,1403,0.5731,0.2633,643.0,0.465
01396,真狩村,2045,698,226,198.0,698,2045,395,0.5659,1139,0.557,490,0.702,0.2859,202.0,0.505
34202,呉市,212733,74806,4347,1101.0,74708,212305,42231,0.5653,104983,0.4945,56311,0.7537,0.3365,25477.0,0.595
25441,豊郷町,7133,1994,238,536.0,1994,7133,1127,0.5652,4197,0.5884,1641,0.823,0.3147,624.0,0.557
04203,塩竈市,52320,17820,773,1475.0,17813,52301,10065,0.565,28310,0.5413,14136,0.7936,0.261,4614.0,0.462
29427,河合町,17628,6769,336,1289.0,6769,17628,3822,0.5646,10562,0.5992,5643,0.8337,0.3861,2538.0,0.684
38401,松前町,29643,9282,758,784.0,9282,29643,5239,0.5644,15557,0.5248,8243,0.8881,0.2868,2658.0,0.508
47303,東村,1593,585,182,206.0,585,1593,330,0.5641,1006,0.6315,430,0.735,0.2803,165.0,0.497
29203,大和郡山市,83495,27523,1343,1312.0,27523,83495,15520,0.5639,43334,0.519,21454,0.7795,0.2895,7904.0,0.513
36403,藍住町,35140,9043,768,754.0,9043,35140,5099,0.5639,20515,0.5838,7020,0.7763,0.256,2302.0,0.454
22205,熱海市,34116,16341,921,1136.0,16312,34083,9191,0.5635,18280,0.5363,11623,0.7125,0.4409,7220.0,0.783
11342,嵐山町,17929,5879,651,578.0,5879,17929,3309,0.5629,9297,0.5185,4659,0.7925,0.3095,1816.0,0.55
16204,魚津市,40368,13799,1632,541.0,13787,40350,7760,0.5628,23894,0.5922,11330,0.8218,0.2215,3080.0,0.393
04214,東松島市,39209,11608,1499,496.0,11608,39207,6533,0.5628,19988,0.5098,9487,0.8173,0.2627,3044.0,0.467
06202,米沢市,81270,25270,3035,533.0,25270,81270,14213,0.5624,43015,0.5293,20067,0.7941,0.2333,5894.0,0.415
18205,大野市,31286,11680,1539,486.0,11680,31286,6568,0.5623,16985,0.5429,8476,0.7257,0.2869,3351.0,0.51
01398,喜茂別町,2156,802,193,266.0,802,2156,451,0.5623,1027,0.4763,548,0.6833,0.3893,313.0,0.692
38213,四国中央市,82650,26613,3000,568.0,26613,82650,14947,0.5616,44900,0.5433,21973,0.8256,0.2477,6602.0,0.441
01545,斜里町,11414,3834,685,358.0,3834,11414,2153,0.5616,6500,0.5695,2804,0.7314,0.2618,1005.0,0.466
16211,射水市,90734,27724,2541,698.0,27717,90706,15563,0.5615,48419,0.5338,22537,0.8131,0.217,6021.0,0.386
08202,日立市,174395,56480,3686,981.0,56475,174374,31706,0.5614,88787,0.5092,46868,0.8299,0.2813,15898.0,0.501
29204,天理市,63922,16885,1508,717.0,16885,63922,9480,0.5614,32446,0.5076,15221,0.9015,0.3612,6096.0,0.643
15206,新発田市,94913,30644,3289,596.0,30644,94913,17197,0.5612,47574,0.5012,25269,0.8246,0.193,5916.0,0.344
17203,小松市,106386,30477,2846,685.0,30477,106386,17088,0.5607,57289,0.5385,24523,0.8046,0.1764,5370.0,0.315
34215,江田島市,20964,9182,1137,517.0,9160,20938,5134,0.5605,11644,0.5561,7977,0.8709,0.4216,4036.0,0.752
19211,笛吹市,66882,19838,2717,467.0,19838,66882,11114,0.5602,36698,0.5487,15579,0.7853,0.2827,5618.0,0.505
12233,富里市,50131,14177,1527,594.0,14177,50131,7938,0.5599,25238,0.5034,12601,0.8888,0.2542,3568.0,0.454
46219,いちき串木野市,27437,10168,1262,516.0,10168,27437,5681,0.5587,14756,0.5378,7894,0.7764,0.3098,3152.0,0.555
37204,善通寺市,31785,9733,1286,484.0,9733,31785,5430,0.5579,16988,0.5345,8295,0.8523,0.2583,2497.0,0.463
47314,金武町,10809,3011,281,686.0,3005,10745,1676,0.5577,5899,0.549,2437,0.811,0.3466,1042.0,0.621
21213,各務原市,144721,41007,2716,966.0,41007,144721,22833,0.5568,73752,0.5096,34261,0.8355,0.2747,11250.0,0.493
35207,下松市,55805,16476,1292,816.0,16433,55725,9147,0.5566,29093,0.5221,14404,0.8765,0.2175,3593.0,0.391
21209,羽島市,65687,18151,1891,614.0,18151,65687,10094,0.5561,33148,0.5046,15476,0.8526,0.2513,4558.0,0.452
35206,防府市,113956,35014,3155,710.0,34995,113899,19452,0.5559,59216,0.5199,27292,0.7799,0.1787,6260.0,0.321
33202,倉敷市,474726,125582,9782,822.0,125497,474410,69765,0.5559,248750,0.5243,101526,0.809,0.2743,34432.0,0.493
01453,東神楽町,10094,2932,491,382.0,2932,10094,1627,0.5549,6101,0.6044,2449,0.8353,0.1529,448.0,0.276
01481,増毛町,3864,1723,298,370.0,1723,3863,956,0.5548,1947,0.504,1375,0.798,0.3639,629.0,0.656
20207,須坂市,49515,16002,1480,692.0,16002,49515,8875,0.5546,26233,0.5298,13169,0.823,0.1952,3127.0,0.352
12225,君津市,82326,26378,2948,573.0,26378,82326,14624,0.5544,39528,0.4801,22664,0.8592,0.2486,6554.0,0.448
23442,東浦町,49417,12797,763,1073.0,12797,49417,7089,0.554,26570,0.5377,10412,0.8136,0.2836,3640.0,0.512
41201,佐賀市,233312,64863,5876,706.0,64863,233312,35911,0.5536,116622,0.4999,52502,0.8094,0.2428,15735.0,0.439
23446,美浜町,22366,6797,704,618.0,6797,22366,3756,0.5526,11858,0.5302,5450,0.8018,0.3732,2545.0,0.675
08203,土浦市,142169,40955,3518,745.0,40955,142169,22615,0.5522,75641,0.532,32896,0.8032,0.2698,11035.0,0.489
39303,田野町,2472,1039,127,524.0,1039,2472,573,0.5515,1466,0.593,862,0.8296,0.2095,222.0,0.38
01423,南幌町,7319,2552,544,300.0,2552,7319,1407,0.5513,3931,0.5371,2391,0.9369,0.2059,526.0,0.373
01631,音更町,43567,12886,1537,537.0,12886,43567,7098,0.5508,22977,0.5274,11456,0.889,0.241,3111.0,0.438
11209,飯能市,80496,25282,2029,797.0,25282,80496,13923,0.5507,40540,0.5036,21045,0.8324,0.3196,8054.0,0.58
14217,南足柄市,41010,13461,912,945.0,13461,41010,7405,0.5501,20954,0.5109,10830,0.8045,0.2796,3757.0,0.508
20202,松本市,241137,66723,6481,659.0,66723,241137,36698,0.55,124080,0.5146,54044,0.81,0.2495,16631.0,0.454
34307,熊野町,22768,8132,603,863.0,8132,22768,4465,0.5491,12064,0.5299,6264,0.7703,0.2424,1972.0,0.441
30206,田辺市,69827,23434,3124,480.0,23434,69824,12866,0.549,38554,0.5522,15987,0.6822,0.3402,7971.0,0.62
09216,下野市,59296,14844,1929,492.0,14844,59296,8140,0.5484,29767,0.502,12195,0.8215,0.2817,4201.0,0.514
19424,忍野村,9097,1766,358,316.0,1766,9097,968,0.5481,5009,0.5506,1375,0.7786,0.2508,454.0,0.458
09204,佐野市,116105,35517,4297,529.0,35517,116105,19463,0.548,57888,0.4986,26320,0.7411,0.2745,9776.0,0.501
40381,芦屋町,13613,4336,270,1028.0,4336,13613,2376,0.548,7659,0.5626,3408,0.786,0.3332,1454.0,0.608
46222,奄美市,41194,13378,1045,819.0,13374,41118,7329,0.548,20149,0.49,8182,0.6118,0.3824,5140.0,0.698
47214,宮古島市,52880,14058,2032,443.0,14053,52843,7689,0.5471,27050,0.5119,9407,0.6694,0.3186,4485.0,0.582
30209,岩出市,53409,12742,984,829.0,12742,53409,6967,0.5468,27334,0.5118,11190,0.8782,0.2765,3553.0,0.506
23230,日進市,92031,18248,1339,872.0,18248,92031,9974,0.5466,39994,0.4346,14893,0.8161,0.2948,5319.0,0.539
42203,島原市,42891,15326,1681,584.0,15266,42767,8343,0.5465,23454,0.5484,10808,0.708,0.3952,6135.0,0.723
35201,下関市,254744,90264,7472,773.0,89926,254181,49084,0.5458,133290,0.5244,68993,0.7672,0.2498,22561.0,0.458
42307,長与町,41275,11216,734,978.0,11216,41275,6122,0.5458,20891,0.5061,8438,0.7523,0.3526,3916.0,0.646
06206,寒河江市,40207,12857,1230,669.0,12857,40207,7003,0.5447,19294,0.4799,10281,0.7996,0.1749,2249.0,0.321
27228,泉南市,60155,17750,886,1282.0,17750,60155,9669,0.5447,31443,0.5227,13947,0.7857,0.4074,7242.0,0.748
06205,新庄市,34440,11402,1445,505.0,11402,34440,6211,0.5447,17642,0.5123,8708,0.7637,0.2218,2522.0,0.407
35202,宇部市,162595,53846,4490,768.0,53832,162569,29279,0.5439,87200,0.5364,42242,0.7847,0.2077,11217.0,0.382
01692,中標津町,23006,6151,1084,363.0,6151,23006,3342,0.5433,11829,0.5142,5331,0.8667,0.2595,1596.0,0.478
14342,二宮町,27689,9739,387,1611.0,9739,27689,5284,0.5426,14645,0.5289,7150,0.7342,0.3128,3028.0,0.576
04401,松島町,13287,5189,706,470.0,5189,13287,2815,0.5425,7240,0.5449,4376,0.8433,0.2977,1552.0,0.549
40341,宇美町,37549,10322,599,1103.0,10322,37549,5598,0.5423,19835,0.5282,7433,0.7201,0.2374,2471.0,0.438
01220,士別市,17858,7344,1233,381.0,7344,17858,3978,0.5417,9418,0.5274,5359,0.7297,0.3282,2412.0,0.606
01465,剣淵町,2926,1199,399,192.0,1199,2926,649,0.5413,1588,0.5427,890,0.7423,0.3441,412.0,0.636
23501,幸田町,42349,9168,953,616.0,9168,42349,4955,0.5405,19388,0.4578,8072,0.8805,0.2875,2644.0,0.532
27232,阪南市,50914,17047,759,1437.0,17047,50914,9208,0.5402,26357,0.5177,15053,0.883,0.3979,6793.0,0.737
47329,西原町,35629,7600,479,1015.0,7600,35629,4100,0.5395,19388,0.5442,5590,0.7355,0.224,1683.0,0.415
18207,鯖江市,68346,18778,1971,610.0,18778,68346,10128,0.5394,35663,0.5218,14952,0.7963,0.2808,5268.0,0.521
08219,牛久市,84541,24559,1647,954.0,24559,84541,13245,0.5393,41325,0.4888,19254,0.784,0.2616,6426.0,0.485
11242,日高市,54615,17965,1485,774.0,17965,54615,9664,0.5379,28311,0.5184,13507,0.7519,0.28,5031.0,0.521
09361,壬生町,39487,11446,1806,406.0,11446,39487,6156,0.5378,21874,0.554,8901,0.7777,0.2574,2946.0,0.479
01226,砂川市,16504,6415,716,573.0,6415,16504,3449,0.5376,8980,0.5441,5682,0.8857,0.3189,2042.0,0.593
43203,人吉市,31076,11629,1432,520.0,11629,31076,6247,0.5372,15759,0.5071,8895,0.7649,0.2711,3158.0,0.505
23302,東郷町,43875,10473,679,987.0,10473,43875,5618,0.5364,19663,0.4482,8869,0.8468,0.2671,2726.0,0.498
01337,七飯町,27719,9732,1170,532.0,9732,27719,5219,0.5363,14751,0.5322,8108,0.8331,0.2544,2472.0,0.474
11238,蓮田市,61469,19911,1149,1109.0,19911,61469,10673,0.536,31676,0.5153,16817,0.8446,0.3105,6179.0,0.579
43404,菊陽町,43662,9034,791,731.0,9034,43662,4831,0.5348,19589,0.4487,7506,0.8309,0.2685,2428.0,0.502
38202,今治市,150958,53714,5594,615.0,53662,150814,28637,0.5337,75216,0.4987,40976,0.7636,0.2995,16164.0,0.561
12322,酒々井町,21048,6704,493,870.0,6704,21048,3578,0.5337,11014,0.5233,5476,0.8168,0.2647,1803.0,0.496
39386,いの町,21371,8413,1175,458.0,8413,21371,4489,0.5336,10271,0.4806,6328,0.7522,0.193,1622.0,0.362
02201,青森市,275167,84797,5130,1058.0,84667,274872,45167,0.5335,141091,0.5133,68598,0.8102,0.349,29593.0,0.654
24202,四日市市,306070,78808,5651,893.0,78808,306070,41879,0.5314,151822,0.496,60743,0.7708,0.2322,18259.0,0.437
39401,中土佐町,5972,2882,519,355.0,2882,5967,1528,0.5302,3206,0.5373,1771,0.6145,0.2755,798.0,0.52
01643,幕別町,25774,8653,1209,458.0,8653,25774,4586,0.53,12922,0.5014,6397,0.7393,0.1962,1699.0,0.37
22211,磐田市,166654,47577,4727,644.0,47577,166654,25179,0.5292,84673,0.5081,38498,0.8092,0.2685,12775.0,0.507
26343,井手町,7301,2528,172,941.0,2528,7301,1335,0.5281,3821,0.5234,1863,0.7369,0.4353,1115.0,0.824
24203,伊勢市,122565,39044,2996,834.0,39044,122565,20612,0.5279,66596,0.5434,29553,0.7569,0.2173,8496.0,0.412
23211,豊田市,422939,97455,10285,606.0,97455,422939,51439,0.5278,198488,0.4693,80070,0.8216,0.2594,25264.0,0.491
02203,八戸市,223545,69359,5598,793.0,69359,223545,36589,0.5275,111551,0.499,55171,0.7954,0.3381,23437.0,0.641
37203,坂出市,50628,18173,1889,616.0,18150,50544,9568,0.5272,24701,0.4887,13434,0.7402,0.2299,4177.0,0.436
04323,柴田町,38213,11001,1077,654.0,11001,38213,5798,0.527,18221,0.4768,8359,0.7598,0.2327,2567.0,0.442
17210,白山市,110695,30854,2626,752.0,30854,110695,16254,0.5268,53715,0.4853,25860,0.8381,0.1428,4413.0,0.271
22220,裾野市,51038,13680,1307,670.0,13680,51038,7204,0.5266,24783,0.4856,11800,0.8626,0.2741,3746.0,0.521
08224,守谷市,68110,15767,1111,908.0,15767,68110,8299,0.5264,30311,0.445,12242,0.7764,0.2958,4687.0,0.562
45206,日向市,59704,19298,1969,627.0,19298,59702,10149,0.5259,28431,0.4762,14233,0.7375,0.2061,3971.0,0.392
40621,苅田町,37896,8913,780,731.0,8913,37893,4681,0.5252,17691,0.4669,7648,0.8581,0.3613,3208.0,0.688
37202,丸亀市,109448,31404,3477,578.0,31393,109394,16423,0.5231,54818,0.5011,23169,0.738,0.2283,7178.0,0.436
01561,興部町,3620,1213,291,267.0,1213,3620,631,0.5202,1766,0.4878,766,0.6315,0.3541,428.0,0.681
38205,新居浜市,115922,37337,2581,926.0,37331,115866,19419,0.5202,56306,0.486,28236,0.7564,0.247,9218.0,0.475
10206,沼田市,45324,15498,2281,435.0,15498,45324,8051,0.5195,23747,0.5239,11510,0.7427,0.2071,3208.0,0.399
25207,守山市,82971,18019,1192,967.0,18019,82971,9339,0.5183,37628,0.4535,12788,0.7097,0.2615,4732.0,0.505
31201,鳥取市,188429,54985,4977,707.0,54985,188420,28465,0.5177,86297,0.458,41544,0.7556,0.243,13360.0,0.469
43443,益城町,32674,9734,735,848.0,9734,32674,5030,0.5167,16250,0.4973,7649,0.7858,0.2282,2223.0,0.442
01406,古平町,2711,1147,144,510.0,1144,2695,591,0.5166,1437,0.5332,600,0.5245,0.4637,535.0,0.898
11246,白岡市,51998,14543,933,998.0,14543,51998,7508,0.5163,22974,0.4418,11741,0.8073,0.3235,4722.0,0.627
36402,北島町,22588,5771,420,879.0,5771,22588,2977,0.5159,10881,0.4817,4551,0.7886,0.2159,1252.0,0.419
06204,酒田市,100273,36096,3236,714.0,36096,100273,18623,0.5159,47960,0.4783,24806,0.6872,0.2026,7314.0,0.393
12231,印西市,102639,23730,2372,640.0,23730,102639,12221,0.515,47018,0.4581,17971,0.7573,0.2584,6124.0,0.502
28217,川西市,151476,48975,1483,2114.0,48975,151476,25176,0.5141,77364,0.5107,34254,0.6994,0.3568,17553.0,0.694
22207,富士宮市,128062,37931,4337,560.0,37931,128062,19447,0.5127,62178,0.4855,29484,0.7773,0.2625,9955.0,0.512
45203,延岡市,118059,40465,3536,732.0,40465,118059,20710,0.5118,55416,0.4694,28044,0.693,0.2655,10808.0,0.519
21211,美濃加茂市,56456,12737,1858,439.0,12737,56456,6518,0.5117,28087,0.4975,11118,0.8729,0.2591,3346.0,0.506
42205,大村市,94832,23846,2412,633.0,23813,94684,12174,0.5112,46953,0.4959,18577,0.7801,0.3407,8189.0,0.667
19430,富士河口湖町,26093,6878,1030,427.0,6878,26093,3515,0.511,13316,0.5103,5607,0.8152,0.2622,1799.0,0.513
01562,西興部村,1053,377,87,277.0,377,1053,192,0.5093,695,0.66,197,0.5225,0.4215,157.0,0.828
09202,足利市,144916,47103,4092,737.0,47103,144916,23974,0.509,70348,0.4854,35792,0.7599,0.2772,13037.0,0.545
22301,東伊豆町,11418,5489,535,657.0,5489,11418,2793,0.5088,5741,0.5028,3421,0.6232,0.4524,2496.0,0.889
23204,瀬戸市,127492,38110,2164,1127.0,38110,127492,19363,0.5081,62727,0.492,30139,0.7908,0.333,12720.0,0.655
20206,諏訪市,48666,15050,1223,788.0,15050,48666,7627,0.5068,24135,0.4959,12408,0.8245,0.2112,3175.0,0.417
20204,岡谷市,47790,16545,1039,1019.0,16545,47790,8381,0.5066,23732,0.4966,13398,0.8098,0.1853,3062.0,0.366
07201,福島市,282815,84407,8228,657.0,84407,282815,42715,0.5061,132137,0.4672,65560,0.7767,0.2561,21590.0,0.506
12229,袖ケ浦市,63892,17024,1758,620.0,17024,63892,8598,0.5051,30271,0.4738,12410,0.729,0.2321,3960.0,0.46
22306,西伊豆町,6879,3557,333,684.0,3557,6879,1791,0.5035,3596,0.5228,2078,0.5842,0.4508,1647.0,0.895
29205,橿原市,121240,34616,1691,1310.0,34616,121240,17404,0.5028,55533,0.458,25505,0.7368,0.2526,8716.0,0.502
10205,太田市,223365,58046,6338,586.0,58046,223365,29160,0.5024,109423,0.4899,47728,0.8222,0.2143,12441.0,0.427
28210,加古川市,260181,72178,3731,1238.0,72178,260181,36198,0.5015,123474,0.4746,56099,0.7772,0.3085,22316.0,0.615
07203,郡山市,327836,86476,8750,633.0,86476,327836,43293,0.5006,148842,0.454,68132,0.7879,0.2254,19490.0,0.45
40217,筑紫野市,103381,26465,1563,1084.0,26465,103381,13249,0.5006,45675,0.4418,20549,0.7765,0.2978,7867.0,0.595
26202,舞鶴市,80308,25432,2310,705.0,25384,80087,12697,0.5002,38029,0.4748,17836,0.7026,0.2972,7559.0,0.594
08217,取手市,104701,36092,1941,1190.0,36092,104701,18027,0.4995,51351,0.4905,28900,0.8007,0.3224,11621.0,0.645
29426,広陵町,34204,8789,637,883.0,8789,34204,4389,0.4994,16861,0.493,6589,0.7497,0.3191,2824.0,0.639
47326,北谷町,27946,5712,323,1132.0,5712,27946,2851,0.4991,12306,0.4403,3522,0.6166,0.1689,973.0,0.338
08208,龍ケ崎市,76580,22199,1804,788.0,22199,76580,11076,0.4989,37515,0.4899,18634,0.8394,0.297,6568.0,0.595
06210,天童市,62168,18778,1722,698.0,18778,62168,9367,0.4988,25433,0.4091,14046,0.748,0.1722,3231.0,0.345
22221,湖西市,57512,16029,1530,670.0,16029,57512,7989,0.4984,26394,0.4589,11560,0.7212,0.2563,4118.0,0.514
25201,大津市,344964,90523,4761,1217.0,90523,344964,45105,0.4983,159952,0.4637,65764,0.7265,0.3503,31730.0,0.703
23361,大口町,24321,5799,523,710.0,5799,24321,2889,0.4982,11805,0.4854,4840,0.8346,0.2852,1646.0,0.573
23213,西尾市,169058,43386,4286,648.0,43382,169047,21606,0.498,77287,0.4572,33523,0.7727,0.23,9977.0,0.462
27214,富田林市,108968,32956,1349,1564.0,32956,108968,16406,0.4978,52791,0.4845,23408,0.7103,0.3567,11694.0,0.717
11206,行田市,78087,24782,2189,725.0,24782,78087,12314,0.4969,37430,0.4793,19843,0.8007,0.2295,5739.0,0.462
22225,伊豆の国市,46853,15735,1515,665.0,15735,46853,7818,0.4969,21544,0.4598,12749,0.8102,0.3246,5112.0,0.653
40215,中間市,40459,15194,638,1524.0,15194,40459,7536,0.496,19843,0.4904,12844,0.8453,0.3044,4598.0,0.614
42308,時津町,29824,8177,505,1036.0,8171,29810,4050,0.4957,14040,0.471,6319,0.7733,0.2994,2353.0,0.604
21216,瑞穂市,56544,11886,1162,655.0,11886,56544,5889,0.4955,25579,0.4524,10607,0.8924,0.2988,3535.0,0.603
29210,香芝市,77897,18556,958,1240.0,18556,77897,9193,0.4954,36938,0.4742,14312,0.7713,0.2795,5151.0,0.564
08221,ひたちなか市,156432,40236,3475,741.0,40232,156423,19877,0.4941,71453,0.4568,32422,0.8059,0.2653,10673.0,0.537
38204,八幡浜市,31562,12931,1139,727.0,12931,31561,6384,0.4937,14797,0.4688,8196,0.6338,0.3097,4056.0,0.627
16201,富山市,413928,122794,11082,709.0,122794,413925,60567,0.4932,194262,0.4693,98457,0.8018,0.2462,30223.0,0.499
34207,福山市,460321,132011,10288,821.0,131955,460121,65003,0.4926,200498,0.4358,97889,0.7418,0.2287,30228.0,0.464
43216,合志市,62161,15162,1235,786.0,15162,62161,7463,0.4922,27885,0.4486,12108,0.7986,0.2607,3899.0,0.53
01512,浜頓別町,3439,1285,250,329.0,1285,3439,632,0.4918,1550,0.4507,951,0.7401,0.3942,510.0,0.801
14210,三浦市,42027,17144,905,1212.0,17116,41954,8407,0.4912,20265,0.483,11757,0.6869,0.3535,6066.0,0.72
01460,上富良野町,10345,3311,585,362.0,3311,10345,1625,0.4908,4554,0.4402,2527,0.7632,0.2736,907.0,0.557
14363,松田町,10857,3659,265,884.0,3659,10857,1794,0.4903,4739,0.4365,3217,0.8792,0.4448,1624.0,0.907
09364,野木町,25475,8282,781,679.0,8282,25475,4056,0.4897,12253,0.481,6941,0.8381,0.2706,2191.0,0.553
01610,新ひだか町,21445,7580,1312,370.0,7571,21427,3701,0.4888,10429,0.4867,5948,0.7856,0.3033,2308.0,0.62
10212,みどり市,49981,14925,1886,506.0,14925,49981,7292,0.4886,23646,0.4731,12430,0.8328,0.1777,2636.0,0.364
01212,留萌市,20092,7406,621,763.0,7391,20079,3610,0.4884,9552,0.4757,5036,0.6814,0.3345,2484.0,0.685
25202,彦根市,113703,28311,2194,826.0,28311,113703,13821,0.4882,51144,0.4498,21548,0.7611,0.3073,8696.0,0.629
05201,秋田市,307701,95945,6374,963.0,95945,307701,46670,0.4864,140348,0.4561,74687,0.7784,0.314,30131.0,0.646
12219,市原市,268875,78622,6627,759.0,78622,268875,38103,0.4846,112323,0.4178,64274,0.8175,0.2878,22639.0,0.594
23220,稲沢市,134868,37247,3126,763.0,37247,134868,18038,0.4843,59803,0.4434,30310,0.8138,0.3298,12296.0,0.681
31202,米子市,147377,42375,3252,834.0,42373,147362,20523,0.4843,66346,0.4502,33599,0.7929,0.2425,10266.0,0.501
01225,滝川市,39489,13831,1400,632.0,13831,39489,6693,0.4839,17973,0.4551,10808,0.7814,0.3277,4529.0,0.677
10207,館林市,75406,22132,2097,675.0,22132,75406,10699,0.4834,35009,0.4643,18456,0.8339,0.2141,4732.0,0.443
01452,鷹栖町,6635,2293,539,272.0,2293,6635,1108,0.4832,3403,0.5129,1844,0.8042,0.2716,617.0,0.562
11232,久喜市,149924,45910,3178,925.0,45910,149924,22155,0.4826,73645,0.4912,34298,0.7471,0.2556,11781.0,0.53
11326,毛呂山町,35221,11545,823,898.0,11545,35221,5566,0.4821,17912,0.5086,8060,0.6981,0.3162,3666.0,0.656
14383,真鶴町,6665,2915,171,1091.0,2915,6665,1402,0.481,3302,0.4954,2157,0.74,0.348,1017.0,0.724
47213,うるま市,125202,27969,2029,882.0,27960,125151,13427,0.4802,55538,0.4438,20303,0.7261,0.2207,6190.0,0.46
37201,高松市,417234,115196,10147,727.0,114976,416740,55185,0.48,184498,0.4427,83055,0.7224,0.2657,30623.0,0.553
20201,長野市,372805,108233,9203,753.0,108233,372805,51887,0.4794,159911,0.4289,85728,0.7921,0.231,25004.0,0.482
21202,大垣市,158188,43357,3503,792.0,43357,158188,20771,0.4791,72378,0.4575,34195,0.7887,0.2623,11402.0,0.548
20361,下諏訪町,19195,7341,394,1192.0,7341,19195,3502,0.477,8505,0.4431,5121,0.6976,0.2231,1642.0,0.468
01661,釧路町,18877,5644,615,587.0,5644,18877,2690,0.4766,8948,0.474,4175,0.7397,0.1786,1019.0,0.375
04207,名取市,79625,18105,1720,674.0,18105,79625,8626,0.4764,36559,0.4591,13846,0.7648,0.2264,4048.0,0.475
29201,奈良市,354538,110273,5114,1380.0,110273,354538,52395,0.4751,160239,0.452,79796,0.7236,0.3312,36501.0,0.697
22215,御殿場市,86567,22154,2478,572.0,22154,86567,10522,0.4749,38567,0.4455,18046,0.8146,0.2562,5683.0,0.54
11212,東松山市,91693,25963,2190,759.0,25963,91693,12305,0.4739,40062,0.4369,19039,0.7333,0.2497,6490.0,0.527
01400,倶知安町,15129,3735,685,349.0,3735,15129,1769,0.4736,7011,0.4634,2967,0.7944,0.3027,1130.0,0.639
09208,小山市,166826,41774,4741,564.0,41774,166822,19764,0.4731,68194,0.4088,32474,0.7774,0.282,11781.0,0.596
01484,羽幌町,6547,2817,369,489.0,2817,6545,1331,0.4725,3050,0.466,2054,0.7291,0.2873,814.0,0.608
11217,鴻巣市,117178,35100,2221,1011.0,35100,117178,16576,0.4723,53938,0.4603,25141,0.7163,0.2264,7921.0,0.479
27208,貝塚市,84748,23174,1065,1393.0,23174,84748,10945,0.4723,37547,0.443,19181,0.8277,0.3151,7252.0,0.667
47209,名護市,63513,13870,1502,591.0,13867,63472,6550,0.4723,27073,0.4265,10507,0.7577,0.311,4323.0,0.658
01230,登別市,46434,17262,1037,1065.0,17262,46434,8151,0.4722,20950,0.4512,13316,0.7714,0.255,4408.0,0.54
12202,銚子市,58191,22009,1824,772.0,22009,58191,10384,0.4718,27264,0.4685,14894,0.6767,0.2443,5389.0,0.518
23236,みよし市,61728,11235,1057,680.0,11235,61728,5298,0.4716,29268,0.4741,9640,0.858,0.2686,3017.0,0.57
28201,姫路市,530097,142302,9061,1005.0,142302,530097,66947,0.4705,227901,0.4299,107054,0.7523,0.3343,47612.0,0.711
12206,木更津市,136013,37386,3058,782.0,37374,135986,17566,0.47,58098,0.4272,30563,0.8178,0.2834,10592.0,0.603
11442,宮代町,34273,10986,681,1032.0,10986,34273,5151,0.4689,14228,0.4151,8593,0.7822,0.3567,3914.0,0.761
26211,京田辺市,74044,17358,863,1287.0,17358,74044,8121,0.4679,29271,0.3953,12298,0.7085,0.3264,5650.0,0.698
26206,亀岡市,86156,25966,2138,777.0,25966,86156,12131,0.4672,35415,0.4111,18810,0.7244,0.2575,6684.0,0.551
07202,会津若松市,117401,36325,2870,810.0,36325,117401,16960,0.4669,50449,0.4297,26177,0.7206,0.2332,8465.0,0.499
01205,室蘭市,82265,30325,1868,1039.0,30325,82265,14156,0.4668,35666,0.4336,24209,0.7983,0.3516,10663.0,0.753
01462,南富良野町,2376,767,211,233.0,767,2376,358,0.4668,1125,0.4735,417,0.5437,0.2886,221.0,0.618
11240,幸手市,50410,17769,1182,962.0,17769,50410,8281,0.466,23322,0.4626,11371,0.6399,0.2239,3948.0,0.48
14382,箱根町,11240,4120,639,413.0,4120,11240,1920,0.466,5398,0.4802,3189,0.774,0.4139,1705.0,0.888
22209,島田市,95594,30148,2782,694.0,30148,95594,14014,0.4648,43639,0.4565,21041,0.6979,0.2429,7331.0,0.523
01210,岩見沢市,79287,28846,3100,596.0,28846,79287,13400,0.4645,37241,0.4697,22576,0.7826,0.3404,9831.0,0.733
28214,宝塚市,226294,63676,1932,2109.0,63676,226294,29555,0.4641,99790,0.441,41503,0.6518,0.2985,19010.0,0.643
45421,門川町,17260,5915,564,671.0,5906,17238,2740,0.4639,7757,0.45,3920,0.6637,0.199,1183.0,0.429
45201,宮崎市,401303,110580,8227,860.0,110580,401293,51269,0.4636,165082,0.4114,74311,0.672,0.2337,25849.0,0.504
40342,篠栗町,30730,7949,487,1045.0,7949,30730,3680,0.463,12394,0.4033,4725,0.5944,0.2624,2095.0,0.567
42201,長崎市,406798,131704,6660,1266.0,131432,406037,60772,0.4624,174075,0.4287,86655,0.6593,0.4091,54245.0,0.885
13228,あきる野市,79151,23894,1274,1200.0,23894,79151,11047,0.4623,34217,0.4323,19202,0.8036,0.386,9183.0,0.835
10202,高崎市,373365,105143,9331,721.0,105143,373365,48507,0.4613,160001,0.4285,81833,0.7783,0.2401,25214.0,0.52
12212,佐倉市,169223,55261,2638,1341.0,55261,169223,25494,0.4613,69984,0.4136,41480,0.7506,0.2987,16429.0,0.647
40223,古賀市,58583,15854,908,1117.0,15854,58583,7312,0.4612,25792,0.4403,12053,0.7602,0.3005,4883.0,0.652
29202,大和高田市,61367,19187,846,1451.0,19187,61367,8828,0.4601,27523,0.4485,15182,0.7913,0.3002,5800.0,0.653
01236,北斗市,44329,13328,1412,604.0,13320,44276,6123,0.4597,19697,0.4449,10440,0.7838,0.2162,2883.0,0.47
01229,富良野市,21137,7229,1191,388.0,7229,21137,3322,0.4595,9126,0.4318,5826,0.8059,0.2587,1877.0,0.563
47210,糸満市,60644,13473,967,892.0,13471,60626,6190,0.4595,23701,0.3909,10263,0.7619,0.235,3177.0,0.511
01221,名寄市,27282,8756,1308,428.0,8756,27282,4003,0.4572,11351,0.4161,7897,0.9019,0.3307,2892.0,0.723
01563,雄武町,4171,1407,316,285.0,1407,4171,643,0.457,2006,0.4809,1105,0.7854,0.3231,459.0,0.707
47301,国頭村,4458,1539,270,365.0,1539,4451,703,0.4568,2222,0.4992,965,0.627,0.3421,530.0,0.749
14366,開成町,18209,4748,300,1013.0,4748,18209,2159,0.4547,7527,0.4134,3705,0.7803,0.2633,1256.0,0.579
33100,岡山市,724586,185457,15273,777.0,185406,724348,84054,0.4534,291924,0.403,134695,0.7265,0.311,57755.0,0.686
27231,大阪狭山市,58375,16360,587,1784.0,16360,58375,7408,0.4528,26498,0.4539,10396,0.6355,0.3948,6487.0,0.872
23441,阿久比町,28472,7618,609,801.0,7618,28472,3443,0.452,13681,0.4805,6711,0.8809,0.2824,2122.0,0.625
27219,和泉市,183760,46892,2008,1495.0,46892,183760,21174,0.4515,79641,0.4334,36845,0.7857,0.315,14803.0,0.698
27341,忠岡町,17214,4852,154,2016.0,4852,17214,2189,0.4512,7433,0.4318,3553,0.7323,0.2965,1417.0,0.657
12208,野田市,152573,47075,3497,862.0,47075,152573,21198,0.4503,63484,0.4161,34337,0.7294,0.2391,11250.0,0.531
03201,盛岡市,289686,79978,6480,790.0,79978,289686,35936,0.4493,117813,0.4067,57702,0.7215,0.2474,19800.0,0.551
11301,伊奈町,44537,10819,673,1029.0,10819,44537,4846,0.4479,17847,0.4007,8522,0.7877,0.2785,3042.0,0.622
01219,紋別市,21215,7700,911,541.0,7700,21211,3446,0.4475,9517,0.4487,5664,0.7356,0.3124,2405.0,0.698
04321,大河原町,23677,6568,628,669.0,6568,23677,2932,0.4464,9364,0.3955,5192,0.7905,0.2221,1448.0,0.498
14341,大磯町,31606,10811,525,1318.0,10811,31603,4823,0.4461,13379,0.4233,7039,0.6511,0.3744,4063.0,0.839
47212,豊見城市,65474,12952,687,1207.0,12952,65474,5772,0.4456,27529,0.4205,8041,0.6208,0.1284,1634.0,0.288
43442,嘉島町,9602,2552,329,496.0,2552,9602,1137,0.4455,3812,0.397,1810,0.7092,0.2414,611.0,0.542
23237,あま市,85882,22772,1319,1105.0,22772,85882,10127,0.4447,36060,0.4199,19653,0.863,0.2904,6689.0,0.653
47324,読谷村,41196,9050,633,915.0,9050,41196,4024,0.4446,20115,0.4883,5254,0.5806,0.1616,1462.0,0.363
44201,大分市,475499,129205,8161,1013.0,129203,475471,57432,0.4445,193263,0.4065,91316,0.7068,0.2332,30154.0,0.525
01486,遠別町,2520,1036,211,314.0,1036,2520,459,0.4431,1226,0.4865,611,0.5898,0.3053,316.0,0.689
01223,根室市,24610,8646,1132,489.0,8646,24602,3825,0.4424,11221,0.4561,7269,0.8407,0.2792,2414.0,0.631
14362,大井町,17071,4944,364,869.0,4944,17071,2177,0.4403,7199,0.4217,4114,0.8321,0.259,1285.0,0.588
23203,一宮市,379715,102453,5798,1131.0,102453,379715,45114,0.4403,152260,0.401,80454,0.7853,0.3017,30936.0,0.685
16202,高岡市,166498,54985,4884,721.0,54985,166494,24186,0.4399,70435,0.423,42344,0.7701,0.2151,11822.0,0.489
10203,桐生市,106018,38266,3320,738.0,38266,106018,16800,0.439,46870,0.4421,28925,0.7559,0.2153,8267.0,0.49
23224,知多市,84205,23474,1213,1239.0,23467,84123,10279,0.438,34612,0.4114,17163,0.7314,0.3416,8014.0,0.78
31204,境港市,32704,10729,767,895.0,10729,32704,4697,0.4378,13854,0.4236,7689,0.7167,0.2345,2518.0,0.536
14301,葉山町,31618,10094,529,1221.0,10094,31618,4412,0.4371,12583,0.398,5643,0.559,0.3953,3981.0,0.904
29424,上牧町,21216,7558,261,1853.0,7558,21216,3295,0.436,11152,0.5256,5712,0.7558,0.3247,2527.0,0.745
15100,新潟市,789213,230965,13976,1058.0,230965,789213,100309,0.4343,323106,0.4094,169848,0.7354,0.2081,48067.0,0.479
23207,豊川市,184690,48233,3671,841.0,48224,184663,20935,0.4341,70942,0.3842,38044,0.7889,0.2578,12437.0,0.594
41203,鳥栖市,74351,18007,1359,848.0,18007,74351,7799,0.4331,28739,0.3865,13904,0.7721,0.2719,4877.0,0.628
10204,伊勢崎市,211896,53124,5497,619.0,53124,211896,22990,0.4328,87283,0.4119,41578,0.7827,0.1927,10227.0,0.445
47350,南風原町,40603,8054,446,1156.0,8054,40603,3483,0.4325,14843,0.3656,6622,0.8222,0.1999,1571.0,0.462
40203,久留米市,302953,79971,6178,828.0,79971,302953,34542,0.4319,116541,0.3847,56025,0.7006,0.3177,25432.0,0.736
01487,天塩町,2950,1099,263,267.0,1099,2950,473,0.4304,1389,0.4708,688,0.626,0.3128,343.0,0.727
01468,下川町,3126,1257,270,298.0,1257,3126,540,0.4296,1530,0.4894,580,0.4614,0.307,386.0,0.715
14211,秦野市,162294,48499,2144,1448.0,48499,162294,20836,0.4296,64628,0.3982,37540,0.774,0.3148,15274.0,0.733
27222,羽曳野市,109336,33499,1016,2110.0,33499,109336,14345,0.4282,45955,0.4203,21677,0.6471,0.2475,8245.0,0.578
40202,大牟田市,111292,41240,2292,1152.0,41240,111292,17625,0.4274,44480,0.3997,30153,0.7312,0.297,12263.0,0.695
10201,前橋市,331869,96170,9765,630.0,96170,331869,41090,0.4273,135732,0.409,74385,0.7735,0.2179,21007.0,0.51
27301,島本町,31129,8482,233,2330.0,8482,31129,3623,0.4271,12527,0.4024,5382,0.6345,0.2695,2288.0,0.631
01543,美幌町,18697,6709,857,501.0,6709,18697,2863,0.4267,8354,0.4468,5085,0.7579,0.2358,1583.0,0.553
30201,和歌山市,357281,110078,5650,1247.0,109988,357052,46923,0.4266,150327,0.421,77035,0.7004,0.2791,30689.0,0.654
23362,扶桑町,34459,9086,537,1083.0,9086,34459,3875,0.4265,13173,0.3823,7228,0.7955,0.3267,2938.0,0.766
27213,泉佐野市,100135,26160,1339,1250.0,26160,100135,11108,0.4246,39442,0.3939,18263,0.6981,0.3105,8146.0,0.731
12222,我孫子市,130846,39966,1347,1899.0,39966,130846,16948,0.4241,51179,0.3911,29598,0.7406,0.3239,12917.0,0.764
25208,栗東市,69019,13261,1080,786.0,13261,69019,5622,0.4239,26589,0.3852,10619,0.8008,0.2888,3795.0,0.681
28216,高砂市,88035,25681,1132,1452.0,25681,88035,10881,0.4237,36248,0.4117,19068,0.7425,0.3071,7862.0,0.725
22130,浜松市,790722,220913,17711,798.0,220913,790722,93571,0.4236,299126,0.3783,153789,0.6962,0.2745,60638.0,0.648
01203,小樽市,111229,45382,2297,1264.0,45382,111229,19203,0.4231,46836,0.4211,31124,0.6858,0.3553,16141.0,0.84
36201,徳島市,252338,70792,5014,904.0,70792,252338,29826,0.4213,99537,0.3945,49370,0.6974,0.2929,20740.0,0.695
23208,津島市,61007,18394,1182,996.0,18394,61007,7747,0.4212,23846,0.3909,14071,0.765,0.2801,5125.0,0.665
14204,鎌倉市,172997,53513,1885,1817.0,53513,172997,22535,0.4211,68042,0.3933,37953,0.7092,0.3989,21290.0,0.947
22214,藤枝市,141524,42621,3090,883.0,42621,141524,17944,0.421,56817,0.4015,32182,0.7551,0.2577,10980.0,0.612
22206,三島市,107474,31578,1527,1324.0,31578,107474,13282,0.4206,41598,0.3871,22933,0.7262,0.2884,9134.0,0.686
11239,坂戸市,99868,29196,1528,1223.0,29196,99868,12260,0.4199,37412,0.3746,20339,0.6966,0.2347,6908.0,0.559
47313,宜野座村,5836,1486,276,345.0,1486,5832,622,0.4186,2489,0.4268,931,0.6265,0.2457,366.0,0.587
01214,稚内市,33538,11027,1080,653.0,11014,33490,4608,0.4184,14256,0.4257,8111,0.7364,0.3433,3785.0,0.821
18201,福井市,262368,75812,5983,811.0,75800,262336,31603,0.4169,98457,0.3753,56904,0.7507,0.2826,21420.0,0.678
30361,湯浅町,11058,4071,344,757.0,4071,11058,1674,0.4112,4973,0.4497,1833,0.4503,0.2765,1131.0,0.672
11211,本庄市,78762,22694,2181,666.0,22694,78762,9294,0.4095,31239,0.3966,17042,0.7509,0.2117,4798.0,0.517
14401,愛川町,40016,11987,746,1028.0,11987,40016,4907,0.4094,14754,0.3687,8096,0.6754,0.2698,3223.0,0.659
13205,青梅市,133480,42506,1929,1410.0,42506,133480,17397,0.4093,45712,0.3425,27340,0.6432,0.3765,15997.0,0.92
01208,北見市,115477,38847,3904,637.0,38847,115477,15891,0.4091,45921,0.3977,30313,0.7803,0.2674,10385.0,0.654
40345,新宮町,32849,6344,418,971.0,6344,32847,2589,0.4081,10252,0.3121,5116,0.8064,0.239,1440.0,0.586
22210,富士市,245444,69319,4506,985.0,69319,245444,28230,0.4072,97146,0.3958,50313,0.7258,0.2396,16607.0,0.588
09201,宇都宮市,518536,129846,10922,761.0,129846,518536,52832,0.4069,194849,0.3758,97653,0.7521,0.2517,32690.0,0.619
40231,那珂川市,49719,11636,765,973.0,11636,49719,4714,0.4051,14784,0.2974,6253,0.5374,0.2414,2826.0,0.596
01408,余市町,17905,7218,838,551.0,7208,17887,2915,0.4044,7150,0.3997,4842,0.6718,0.3334,2421.0,0.824
08201,水戸市,270798,70883,7192,631.0,70883,270798,28647,0.4041,101239,0.3739,53648,0.7569,0.2633,18676.0,0.652
04211,岩沼市,43977,11739,981,766.0,11739,43977,4735,0.4034,16119,0.3665,10521,0.8962,0.1994,2344.0,0.494
37403,琴平町,8444,3463,325,682.0,3463,8444,1393,0.4023,3867,0.458,1938,0.5596,0.3003,1042.0,0.747
25206,草津市,143993,30026,1708,1125.0,30026,143993,12017,0.4002,49856,0.3462,21469,0.715,0.3378,10153.0,0.844
12232,白井市,62494,17147,1069,1027.0,17147,62494,6848,0.3994,21587,0.3454,11553,0.6738,0.2234,3821.0,0.559
21201,岐阜市,402663,113095,6868,1054.0,113095,402663,44840,0.3965,149837,0.3721,81648,0.7219,0.2678,30286.0,0.675
46201,鹿児島市,592696,158614,9563,1062.0,158577,592590,62768,0.3958,201705,0.3404,101823,0.6421,0.2647,42036.0,0.669
11201,川越市,353886,89087,4262,1338.0,89087,353886,35218,0.3953,132375,0.3741,57511,0.6456,0.2749,24479.0,0.695
04216,富谷市,51080,10994,786,895.0,10994,51080,4341,0.3949,21809,0.427,8992,0.8179,0.233,2597.0,0.59
06201,山形市,247555,72247,4787,966.0,72247,247555,28528,0.3949,88911,0.3592,46929,0.6496,0.2307,16688.0,0.584
23219,小牧市,148521,37196,2346,1015.0,37196,148521,14612,0.3928,52379,0.3527,26648,0.7164,0.2593,9637.0,0.66
01211,網走市,35748,11256,1412,510.0,11256,35748,4418,0.3925,15272,0.4272,7728,0.6866,0.318,3580.0,0.81
14208,逗子市,56916,17910,601,1907.0,17910,56916,7014,0.3916,21729,0.3818,11030,0.6159,0.4222,7578.0,1.078
01393,黒松内町,2791,1085,270,257.0,1085,2791,424,0.3908,1188,0.4257,802,0.7392,0.4028,444.0,1.031
23447,武豊町,43849,10865,769,904.0,10865,43847,4223,0.3887,15356,0.3502,8820,0.8118,0.3183,3436.0,0.819
22424,吉田町,28849,7461,755,632.0,7461,28849,2899,0.3886,11257,0.3902,5301,0.7105,0.2331,1740.0,0.6
23202,岡崎市,383815,89481,6064,944.0,89481,383815,34746,0.3883,137722,0.3588,66763,0.7461,0.2479,22234.0,0.638
40343,志免町,45205,10818,450,1539.0,10818,45205,4180,0.3864,13254,0.2932,5597,0.5174,0.2475,2731.0,0.641
30207,新宮市,27171,10120,745,869.0,10120,27171,3897,0.3851,10067,0.3705,6372,0.6296,0.3106,3140.0,0.807
01470,音威子府村,706,213,63,216.0,213,706,82,0.385,217,0.3074,93,0.4366,0.4198,87.0,1.09
22212,焼津市,136723,40836,2881,907.0,40836,136723,15721,0.385,49603,0.3628,25128,0.6153,0.2574,10520.0,0.669
13201,八王子市,579265,153512,5336,1841.0,153512,579265,58959,0.3841,203842,0.3519,105352,0.6863,0.3981,61105.0,1.036
12228,四街道市,93566,27037,1284,1348.0,27037,93566,10369,0.3835,31733,0.3392,19448,0.7193,0.2598,7032.0,0.677
11324,三芳町,39165,11643,495,1505.0,11643,39165,4452,0.3824,11745,0.2999,6493,0.5577,0.1969,2270.0,0.515
40221,太宰府市,73156,20153,883,1461.0,20153,73156,7653,0.3797,27797,0.38,13075,0.6488,0.34,6912.0,0.895
23214,蒲郡市,79573,23414,1522,985.0,23343,79209,8853,0.3793,28551,0.3605,17343,0.743,0.2866,6709.0,0.756
01513,中頓別町,1637,660,139,304.0,660,1637,248,0.3758,690,0.4215,511,0.7742,0.3937,258.0,1.048
23223,大府市,94031,20034,1330,964.0,20034,94031,7522,0.3755,29773,0.3166,15452,0.7713,0.3143,6262.0,0.837
40219,大野城市,102288,22747,846,1721.0,22747,102288,8533,0.3751,31350,0.3065,15151,0.6661,0.2509,5615.0,0.669
13303,瑞穂町,31662,9442,540,1119.0,9442,31662,3536,0.3745,11748,0.371,7363,0.7798,0.424,4035.0,1.132
34100,広島市,1201486,301090,13295,1449.0,300606,1200682,112143,0.3731,374867,0.3122,179237,0.5963,0.2517,75728.0,0.675
19210,甲斐市,75117,18972,1448,839.0,18972,75117,7071,0.3727,26885,0.3579,16041,0.8455,0.2279,4351.0,0.612
27230,交野市,75670,21844,713,1961.0,21844,75670,8136,0.3725,28269,0.3736,13348,0.6111,0.2934,6331.0,0.788
34304,海田町,29320,6961,306,1456.0,6961,29320,2575,0.3699,9919,0.3383,4362,0.6266,0.1607,1135.0,0.435
11215,狭山市,149302,47651,1830,1666.0,47651,149302,17552,0.3683,53112,0.3557,33526,0.7036,0.299,14248.0,0.812
27204,池田市,105382,27826,716,2487.0,27826,105382,10239,0.368,36987,0.351,16484,0.5924,0.2532,7036.0,0.688
26209,長岡京市,80359,21969,585,2403.0,21969,80359,8028,0.3654,28243,0.3515,15777,0.7181,0.3542,7800.0,0.969
43100,熊本市,738109,190945,11140,1097.0,190889,737989,69673,0.365,243088,0.3294,124361,0.6515,0.2587,49423.0,0.709
21303,笠松町,22147,6177,430,919.0,6177,22147,2253,0.3647,8047,0.3633,3925,0.6354,0.2755,1711.0,0.755
23201,豊橋市,372301,95867,6932,885.0,95865,372263,34940,0.3645,131907,0.3543,64721,0.6751,0.235,22500.0,0.645
14214,伊勢原市,102449,26784,1492,1149.0,26784,102449,9747,0.3639,33348,0.3255,19501,0.7281,0.3344,8888.0,0.919
04209,多賀城市,63116,15429,720,1371.0,15429,63116,5574,0.3613,21563,0.3416,12437,0.8061,0.2527,3914.0,0.699
23217,江南市,98595,26649,1585,1076.0,26649,98595,9627,0.3613,31609,0.3206,19342,0.7258,0.3219,8572.0,0.891
29344,斑鳩町,27328,8339,419,1274.0,8339,27328,3009,0.3608,8945,0.3273,5507,0.6604,0.3062,2570.0,0.848
18202,敦賀市,64241,18464,1474,802.0,18464,64218,6604,0.3577,21942,0.3417,14067,0.7619,0.3316,6125.0,0.927
23205,半田市,117524,28418,1591,1143.0,28418,117524,10138,0.3567,39239,0.3339,20167,0.7097,0.2376,6792.0,0.666
34309,坂町,12635,3724,241,989.0,3695,12504,1317,0.3564,3711,0.2968,1780,0.4817,0.3251,1208.0,0.912
13224,多摩市,146821,42645,984,2774.0,42645,146821,15002,0.3518,45425,0.3094,27180,0.6374,0.3453,14703.0,0.981
39201,高知市,326540,95899,5172,1187.0,95856,326354,33648,0.351,108599,0.3328,61510,0.6417,0.2081,19955.0,0.593
40349,粕屋町,48879,8600,522,1054.0,8600,48879,3002,0.3491,16341,0.3343,6263,0.7283,0.2733,2327.0,0.783
23226,尾張旭市,83822,21661,900,1540.0,21661,83822,7549,0.3485,27381,0.3267,14857,0.6859,0.2885,6196.0,0.828
23212,安城市,187993,39580,3033,835.0,39580,187993,13784,0.3483,58935,0.3135,30582,0.7727,0.2569,10147.0,0.738
27226,藤井寺市,63971,18089,447,2590.0,18089,63971,6299,0.3482,21962,0.3433,11893,0.6575,0.2282,4125.0,0.655
23229,豊明市,69190,17930,895,1282.0,17930,69190,6225,0.3472,22954,0.3318,13454,0.7504,0.279,5056.0,0.804
14384,湯河原町,23439,9946,486,1310.0,9936,23428,3429,0.3451,7718,0.3294,5559,0.5595,0.3204,3191.0,0.928
14201,横須賀市,387490,124472,3742,2129.0,124242,384847,42721,0.3439,124617,0.3238,81283,0.6542,0.3557,44364.0,1.034
27210,枚方市,396287,109847,2599,2705.0,109847,396287,37681,0.343,136141,0.3435,69538,0.633,0.2809,30979.0,0.819
11243,吉川市,71942,17377,1094,1017.0,17377,71942,5943,0.342,22471,0.3123,9541,0.5491,0.2698,4672.0,0.789
23206,春日井市,308636,79426,3615,1406.0,79426,308636,27079,0.3409,93523,0.303,57757,0.7272,0.2832,22522.0,0.831
28203,明石市,303138,79205,2267,2236.0,79182,303035,26859,0.3392,95797,0.3161,53814,0.6796,0.2652,21112.0,0.782
28382,播磨町,33555,9263,338,1754.0,9259,33547,3131,0.3382,11853,0.3533,5776,0.6238,0.2302,2109.0,0.681
23425,蟹江町,37374,9539,537,1137.0,9539,37374,3221,0.3377,10758,0.2878,5537,0.5805,0.2492,2360.0,0.738
12217,柏市,426067,110252,4056,1740.0,110252,426067,37099,0.3365,131591,0.3089,71548,0.6489,0.2639,29082.0,0.784
40100,北九州市,939126,286082,11191,1636.0,286034,938936,96255,0.3365,282909,0.3013,179413,0.6272,0.2808,80364.0,0.834
26207,城陽市,74855,25175,700,2302.0,25175,74855,8465,0.3362,23232,0.3104,17014,0.6758,0.3223,8091.0,0.958
47382,与那国町,1672,360,63,366.0,360,1672,121,0.3361,633,0.3786,212,0.5889,0.5296,191.0,1.576
27221,柏原市,68098,19834,613,2071.0,19834,68098,6641,0.3348,21196,0.3113,11217,0.5655,0.3369,6726.0,1.006
28100,神戸市,1523291,418976,12272,2185.0,418887,1522719,140044,0.3343,466536,0.3064,228963,0.5466,0.2601,109028.0,0.778
14321,寒川町,47946,13145,582,1445.0,13145,47946,4384,0.3335,15706,0.3276,8804,0.6698,0.3347,4434.0,1.003
14212,厚木市,223026,57346,2761,1329.0,57346,223026,19066,0.3325,65961,0.2958,40725,0.7102,0.3142,18075.0,0.945
23227,高浜市,45981,8885,579,982.0,8879,45948,2948,0.332,14377,0.3129,6311,0.7108,0.2295,2042.0,0.691
11231,桶川市,74701,22122,1110,1276.0,22122,74701,7341,0.3318,22184,0.297,15325,0.6927,0.2272,5027.0,0.685
19202,富士吉田市,46609,13998,1084,826.0,13998,46609,4626,0.3305,16046,0.3443,9140,0.653,0.2177,3049.0,0.659
11225,入間市,145444,42899,1577,1741.0,42899,145444,14175,0.3304,44454,0.3056,27514,0.6414,0.238,10217.0,0.72
27229,四條畷市,54637,15053,438,2200.0,15053,54637,4933,0.3277,18357,0.336,10377,0.6894,0.3177,4813.0,0.97
04100,仙台市,1095511,256987,11646,1412.0,256987,1095511,84122,0.3273,306403,0.2797,168517,0.6557,0.2791,71785.0,0.853
23238,長久手市,60100,10120,731,886.0,10120,60100,3305,0.3266,15083,0.251,7424,0.7336,0.3026,2978.0,0.927
27202,岸和田市,190386,53418,1993,1715.0,53418,190385,17418,0.3261,57249,0.3007,36395,0.6813,0.2978,15933.0,0.913
14206,小田原市,188843,56609,2575,1407.0,56609,188838,18396,0.325,56504,0.2992,37143,0.6561,0.3081,17437.0,0.948
01235,石狩市,56851,19368,1443,859.0,19368,56851,6238,0.3221,16821,0.2959,15663,0.8087,0.2292,4448.0,0.712
12220,流山市,200896,46082,1717,1718.0,46082,200896,14817,0.3215,52247,0.2601,27105,0.5882,0.2396,11035.0,0.745
23233,清須市,67365,15174,852,1140.0,15174,67365,4823,0.3178,19348,0.2872,11863,0.7818,0.3352,5091.0,1.055
47205,宜野湾市,99545,18831,713,1690.0,18831,99545,5985,0.3178,28851,0.2898,10700,0.5682,0.1555,2944.0,0.489
38201,松山市,510294,139182,7134,1249.0,139060,509986,44170,0.3176,137555,0.2697,86266,0.6204,0.2572,35893.0,0.81
11219,上尾市,228035,61601,2345,1681.0,61601,228035,19509,0.3167,72348,0.3173,37792,0.6135,0.2337,14309.0,0.738
47325,嘉手納町,13374,3247,115,1807.0,3247,13374,1026,0.316,4284,0.3203,1400,0.4312,0.1825,597.0,0.578
11233,北本市,65139,21141,945,1432.0,21141,65139,6667,0.3154,21254,0.3263,13096,0.6195,0.217,4596.0,0.688
23210,刈谷市,154232,31081,1908,1043.0,31081,154232,9755,0.3139,43430,0.2816,22868,0.7358,0.3024,9382.0,0.963
01206,釧路市,165295,56425,3354,1077.0,56425,165295,17698,0.3137,46641,0.2822,40966,0.726,0.2608,14696.0,0.831
27217,松原市,117300,34993,832,2692.0,34993,117300,10963,0.3133,35748,0.3048,20894,0.5971,0.2891,10196.0,0.923
14218,綾瀬市,83875,23183,853,1739.0,23183,83875,7209,0.311,23685,0.2824,15815,0.6822,0.3164,7337.0,1.018
23225,知立市,72060,14309,793,1155.0,14309,72060,4447,0.3108,22893,0.3177,8999,0.6289,0.2974,4271.0,0.957
21302,岐南町,25361,5732,452,812.0,5732,25361,1741,0.3037,7798,0.3075,4000,0.6978,0.1724,1004.0,0.568
11214,春日部市,230336,68772,2802,1571.0,68772,230336,20879,0.3036,68328,0.2966,41252,0.5998,0.2424,16645.0,0.798
12224,鎌ケ谷市,109262,31654,1020,1986.0,31654,109262,9560,0.302,31269,0.2862,22420,0.7083,0.2804,8829.0,0.928
26210,八幡市,71069,22215,745,1908.0,22215,71069,6694,0.3013,21469,0.3021,13415,0.6039,0.321,7079.0,1.065
13209,町田市,431760,116720,3477,2148.0,116720,431760,35129,0.301,125838,0.2915,70246,0.6018,0.3201,37283.0,1.064
13212,日野市,190644,45579,1359,2146.0,45579,190644,13693,0.3004,48173,0.2527,29366,0.6443,0.3353,15308.0,1.116
11237,三郷市,141747,38399,1396,1760.0,38399,141747,11531,0.3003,41518,0.2929,26268,0.6841,0.2489,9609.0,0.829
14215,海老名市,136696,33831,1152,1880.0,33831,136696,10145,0.2999,38907,0.2846,22340,0.6603,0.3287,11117.0,1.096
23222,東海市,113507,24993,1336,1197.0,24993,113507,7471,0.2989,30593,0.2695,19210,0.7686,0.2849,7125.0,0.953
07545,大熊町,848,84,32,168.0,84,848,25,0.2976,265,0.3125,84,1.0,0.0765,7.0,0.257
17365,内灘町,26759,7131,373,1224.0,7131,26759,2122,0.2976,7762,0.2901,3778,0.5298,0.1974,1397.0,0.663
36401,松茂町,14589,3933,374,673.0,3933,14589,1165,0.2962,4077,0.2795,3570,0.9077,0.2406,942.0,0.812
26303,大山崎町,15645,4280,147,1863.0,4280,15645,1266,0.2958,5236,0.3347,2725,0.6367,0.5688,2475.0,1.923
28206,芦屋市,95414,27827,644,2765.0,27778,95178,8218,0.2958,28753,0.3021,14903,0.5365,0.2065,5710.0,0.698
23209,碧南市,72656,17291,1091,1014.0,17291,72656,5109,0.2955,22094,0.3041,10557,0.6105,0.2171,3745.0,0.735
13225,稲城市,93620,20143,684,1885.0,20143,93620,5904,0.2931,23337,0.2493,11608,0.5763,0.2704,5432.0,0.923
08309,大洗町,15798,5263,447,754.0,5263,15798,1542,0.293,4829,0.3057,3135,0.5957,0.2183,1141.0,0.745
23424,大治町,32180,6707,357,1202.0,6707,32180,1964,0.2928,9654,0.3,5343,0.7966,0.329,2193.0,1.123
22342,長泉町,43377,9626,596,1034.0,9626,43377,2817,0.2926,11037,0.2544,6006,0.6239,0.2318,2215.0,0.792
01202,函館市,250494,89043,4510,1264.0,88980,250239,25712,0.289,70054,0.2799,59695,0.6709,0.2331,20807.0,0.807
10426,草津町,6049,2353,222,678.0,2353,6049,680,0.289,1821,0.301,1727,0.734,0.4748,1115.0,1.643
12221,八千代市,198674,50353,1839,1752.0,50353,198674,14517,0.2883,56877,0.2863,32104,0.6376,0.2743,13847.0,0.951
19201,甲府市,189804,54546,3329,1049.0,54546,189804,15724,0.2883,52362,0.2759,36648,0.6719,0.2429,13235.0,0.843
11222,越谷市,341137,87079,3039,1834.0,87079,341137,25109,0.2883,89485,0.2623,50212,0.5766,0.2352,20491.0,0.816
37386,宇多津町,18610,3947,331,763.0,3947,18610,1130,0.2863,4957,0.2664,2598,0.6582,0.2854,1131.0,0.997
01213,苫小牧市,170087,50001,2763,1158.0,49995,170071,14231,0.2846,48653,0.2861,36860,0.7373,0.2218,11097.0,0.779
01231,恵庭市,70340,19675,1417,889.0,19675,70340,5569,0.283,19761,0.2809,15275,0.7764,0.2709,5328.0,0.957
44202,別府市,115283,39011,1567,1593.0,38942,115142,11017,0.2829,31377,0.2725,20673,0.5309,0.2505,9775.0,0.885
22203,沼津市,189207,60360,2812,1374.0,60360,189207,17056,0.2826,49087,0.2594,34625,0.5736,0.2608,15774.0,0.923
01224,千歳市,97964,22686,1630,891.0,22686,97964,6396,0.2819,29013,0.2962,17804,0.7848,0.2203,4999.0,0.781
11208,所沢市,342299,87050,3076,1811.0,87050,342299,24510,0.2816,82847,0.242,54205,0.6227,0.2529,22015.0,0.898
11230,新座市,165146,41937,1163,2308.0,41937,165146,11806,0.2815,46198,0.2797,24399,0.5818,0.2068,8721.0,0.734
01402,岩内町,11663,4366,382,731.0,4366,11663,1220,0.2794,3158,0.2708,2718,0.6225,0.3526,1539.0,1.262
26322,久御山町,15344,4944,301,1051.0,4944,15344,1378,0.2787,3937,0.2566,3058,0.6185,0.1849,902.0,0.663
27220,箕面市,135826,35100,1080,2080.0,35100,135826,9778,0.2786,39879,0.2936,21085,0.6007,0.2278,8032.0,0.818
01204,旭川市,329269,112383,6807,1057.0,112383,329269,31244,0.278,88226,0.2679,76705,0.6825,0.2485,27929.0,0.894
11241,鶴ヶ島市,70967,20590,836,1576.0,20590,70967,5708,0.2772,17422,0.2455,12023,0.5839,0.2074,4197.0,0.748
17201,金沢市,461973,120705,6128,1261.0,120705,461973,33184,0.2749,114774,0.2484,78231,0.6481,0.1985,24065.0,0.722
47207,石垣市,47566,10452,1086,616.0,10449,47534,2869,0.2746,12671,0.2666,4678,0.4477,0.3156,3308.0,1.149
22100,静岡市,693345,209603,9283,1445.0,209603,693334,57371,0.2737,170788,0.2463,116060,0.5537,0.2525,52929.0,0.922
26204,宇治市,179393,53723,1404,2449.0,53723,179393,14591,0.2716,46438,0.2589,32406,0.6032,0.2758,14838.0,1.016
23234,北名古屋市,86588,20718,979,1354.0,20718,86588,5625,0.2715,23273,0.2688,14011,0.6763,0.2811,5845.0,1.035
47211,沖縄市,142698,28945,1331,1392.0,28942,142657,7839,0.2709,38868,0.2725,15425,0.533,0.1676,4835.0,0.619
47348,与那原町,19579,3857,185,1334.0,3819,19194,1031,0.27,5760,0.3001,1495,0.3915,0.131,511.0,0.485
27207,高槻市,353156,102590,2436,2695.0,102590,353156,27382,0.2669,82432,0.2334,54114,0.5275,0.2624,26822.0,0.983
01207,帯広市,166529,49008,3338,940.0,49008,166529,12948,0.2642,44894,0.2696,34636,0.7067,0.2184,10699.0,0.826
01217,江別市,121055,36730,2112,1113.0,36730,121055,9668,0.2632,33954,0.2805,26639,0.7253,0.3083,11339.0,1.171
10524,大泉町,41306,9402,713,844.0,9402,41306,2469,0.2626,10439,0.2527,5546,0.5899,0.2014,1906.0,0.767
14100,横浜市,3776521,920503,21282,2768.0,920240,3775557,240657,0.2615,908797,0.2407,523925,0.5693,0.2432,223886.0,0.93
28204,西宮市,484948,115707,2803,2642.0,115701,484945,30080,0.26,105527,0.2176,59015,0.5101,0.2381,27605.0,0.916
11234,八潮市,93344,21329,924,1477.0,21329,93344,5471,0.2565,20133,0.2157,15291,0.7169,0.2866,6099.0,1.117
11235,富士見市,110313,26889,857,2008.0,26889,110313,6885,0.2561,22958,0.2081,13546,0.5038,0.1901,5164.0,0.742
27211,茨木市,287700,68457,1975,2218.0,68457,287700,17480,0.2553,66305,0.2305,39579,0.5782,0.2851,19586.0,1.117
14203,平塚市,258328,72444,2547,1820.0,72444,258328,18335,0.2531,61246,0.2371,42554,0.5874,0.2694,19537.0,1.065
27205,吹田市,387504,89121,1788,3190.0,89121,387504,22543,0.2529,93383,0.241,44411,0.4983,0.2226,19698.0,0.88
34302,府中町,50653,12404,353,2249.0,12404,50653,3087,0.2489,9164,0.1809,8065,0.6502,0.1899,2387.0,0.763
12204,船橋市,646105,153564,3945,2491.0,153562,646069,38016,0.2476,143703,0.2224,84029,0.5472,0.2869,43832.0,1.159
12100,千葉市,975733,250079,9373,1708.0,250079,975733,61190,0.2447,213287,0.2186,150485,0.6017,0.2531,63275.0,1.035
14150,相模原市,724347,185014,6306,1878.0,185014,724347,44840,0.2424,146405,0.2021,112392,0.6075,0.2767,51247.0,1.142
14205,藤沢市,438440,106906,3406,2009.0,106906,438440,25810,0.2414,100697,0.2297,66146,0.6187,0.2759,29393.0,1.143
27140,堺市,825041,232994,6097,2446.0,232994,825038,55965,0.2402,182993,0.2218,135414,0.5812,0.2644,61635.0,1.101
27218,大東市,118488,31094,739,2693.0,31094,118488,7197,0.2315,28793,0.243,18661,0.6001,0.1948,6126.0,0.841
40218,春日市,112016,24534,732,2145.0,24534,112016,5670,0.2311,21929,0.1958,13451,0.5483,0.1665,4059.0,0.721
11100,さいたま市,1323624,304869,10128,1927.0,304869,1323624,69290,0.2273,256247,0.1936,160404,0.5261,0.2323,70859.0,1.022
23228,岩倉市,47918,11990,516,1487.0,11990,47918,2722,0.227,10626,0.2218,8307,0.6928,0.2618,3140.0,1.153
13227,羽村市,54441,14736,456,2068.0,14736,54441,3298,0.2238,11536,0.2119,8455,0.5738,0.2346,3455.0,1.048
19384,昭和町,20886,4070,423,616.0,4070,20886,893,0.2194,4975,0.2382,2890,0.7101,0.1953,778.0,0.89
27224,摂津市,86949,21916,645,2175.0,21916,86949,4787,0.2184,18552,0.2134,14681,0.6699,0.2929,6472.0,1.341
11228,志木市,74789,18743,428,2803.0,18743,74789,4072,0.2173,14976,0.2002,9799,0.5228,0.2534,4735.0,1.166
26208,向日市,57598,15322,367,2672.0,15322,57598,3271,0.2135,13052,0.2266,9164,0.5981,0.2584,3918.0,1.21
14216,座間市,130992,33371,809,2640.0,33371,130992,7116,0.2132,27908,0.2131,17080,0.5118,0.2251,7571.0,1.055
47208,浦添市,115850,23303,736,2026.0,23303,115848,4951,0.2125,21563,0.1861,11268,0.4835,0.1373,3183.0,0.646
28207,伊丹市,198603,51607,1159,2850.0,51607,198603,10547,0.2044,40687,0.2049,26474,0.513,0.2664,13712.0,1.303
27225,高石市,55759,15668,357,2809.0,15668,55759,3065,0.1956,11281,0.2023,8957,0.5717,0.286,4480.0,1.462
11229,和光市,85257,15415,445,2217.0,15415,85257,3014,0.1955,17089,0.2004,8169,0.5299,0.3474,5225.0,1.777
22341,清水町,31332,8198,434,1209.0,8198,31332,1579,0.1926,5509,0.1758,5823,0.7103,0.2061,1707.0,1.07
13210,小金井市,127215,25931,617,2690.0,25931,127215,4981,0.1921,22397,0.1761,13247,0.5109,0.2704,6919.0,1.408
13221,清瀬市,75940,21431,561,2445.0,21431,75940,4044,0.1887,15950,0.21,14404,0.6721,0.4347,9337.0,2.303
12207,松戸市,497906,127637,3244,2518.0,127637,497906,23923,0.1874,86018,0.1728,62761,0.4917,0.2238,28561.0,1.194
14207,茅ヶ崎市,242442,64930,1721,2415.0,64930,242442,12077,0.186,42367,0.1748,37813,0.5824,0.2597,16849.0,1.396
12227,浦安市,171847,30036,684,2810.0,30029,171787,5572,0.1856,35488,0.2066,15541,0.5175,0.2277,6823.0,1.227
12216,習志野市,176074,40258,926,2782.0,40258,176074,7448,0.185,32623,0.1853,23560,0.5852,0.2975,12044.0,1.608
14213,大和市,239037,56526,1437,2518.0,56526,239037,10396,0.1839,39323,0.1645,29734,0.526,0.2651,15029.0,1.441
11245,ふじみ野市,114392,29302,774,2423.0,29302,114392,5356,0.1828,17475,0.1528,14255,0.4865,0.141,4134.0,0.771
13206,府中市,262684,56730,1373,2644.0,56730,262684,10350,0.1824,41973,0.1598,31901,0.5623,0.3465,19671.0,1.899
13218,福生市,56685,15238,414,2356.0,15238,56685,2770,0.1818,11065,0.1952,7521,0.4936,0.2289,3469.0,1.259
27206,泉大津市,75061,19022,510,2387.0,19022,75061,3433,0.1805,13277,0.1769,9556,0.5024,0.2165,4100.0,1.199
40130,福岡市,1612410,338711,10257,2113.0,338477,1611161,61011,0.1803,218332,0.1355,153576,0.4537,0.229,77618.0,1.27
26100,京都市,1462888,394178,10519,2398.0,394178,1462888,69474,0.1763,226912,0.1551,154390,0.3917,0.2421,95488.0,1.374
27215,寝屋川市,231488,68748,1265,3478.0,68748,231488,12045,0.1752,40214,0.1737,34814,0.5064,0.2223,15129.0,1.269
13214,国分寺市,129953,27378,683,2565.0,27378,129953,4795,0.1751,21584,0.1661,14313,0.5228,0.2468,6709.0,1.409
12203,市川市,493377,102231,2542,2574.0,102231,493377,17891,0.175,68147,0.1381,47308,0.4628,0.2593,26806.0,1.482
21421,北方町,17732,4419,254,1113.0,4419,17732,766,0.1733,3177,0.1792,3363,0.761,0.2579,1149.0,1.488
13211,小平市,200523,45491,1156,2519.0,45491,200523,7753,0.1704,35878,0.1789,23919,0.5258,0.2296,10346.0,1.347
13220,東大和市,83540,22726,590,2465.0,22726,83540,3861,0.1699,15315,0.1833,12064,0.5308,0.1984,4548.0,1.168
13202,立川市,183010,45596,1167,2501.0,45596,183010,7653,0.1678,31979,0.1747,20152,0.442,0.3014,13723.0,1.796
13207,昭島市,114135,29993,721,2662.0,29993,114135,5030,0.1677,18922,0.1658,16744,0.5583,0.2465,7397.0,1.47
01100,札幌市,1973273,541415,17000,2038.0,541415,1973273,89591,0.1655,286701,0.1453,290719,0.537,0.2359,127665.0,1.425
13222,東久留米市,115276,32587,757,2755.0,32587,115276,5313,0.163,20032,0.1738,14198,0.4357,0.1798,5886.0,1.102
11203,川口市,594608,137970,3491,2529.0,137970,594608,22170,0.1607,83733,0.1408,57500,0.4168,0.1911,26351.0,1.189
11221,草加市,248615,61652,1530,2579.0,61652,248615,9514,0.1543,38005,0.1529,28138,0.4564,0.2237,13795.0,1.45
13215,国立市,76296,17483,446,2509.0,17483,76296,2690,0.1539,11737,0.1538,7866,0.4499,0.2911,5167.0,1.892
11227,朝霞市,141979,27810,792,2247.0,27810,141979,4275,0.1537,20377,0.1435,15055,0.5414,0.1928,5308.0,1.254
17212,野々市市,58250,11744,671,1120.0,11744,58250,1787,0.1522,7041,0.1209,7526,0.6408,0.1682,1884.0,1.105
27203,豊中市,401823,105132,1909,3525.0,105132,401823,15710,0.1494,56413,0.1404,48864,0.4648,0.1691,17821.0,1.132
23100,名古屋市,2330794,565144,16246,2226.0,565144,2330789,82021,0.1451,324938,0.1394,303461,0.537,0.2415,136704.0,1.664
13213,東村山市,151801,40808,960,2721.0,40808,151801,5892,0.1444,23742,0.1564,21690,0.5315,0.2518,10261.0,1.744
23342,豊山町,15826,3705,211,1124.0,3705,15826,534,0.1441,2275,0.1438,2971,0.8019,0.2202,758.0,1.528
13223,武蔵村山市,71483,19084,680,1796.0,19084,71483,2733,0.1432,10811,0.1512,12405,0.65,0.3305,6229.0,2.308
47201,那覇市,315745,71640,1617,2835.0,71640,315743,10216,0.1426,44065,0.1396,25950,0.3622,0.1453,10503.0,1.019
13229,西東京市,206910,48333,949,3260.0,48333,206910,6850,0.1417,29527,0.1427,24928,0.5158,0.2429,11767.0,1.714
14130,川崎市,1539244,301183,6376,3023.0,301183,1539244,41617,0.1382,184216,0.1197,124847,0.4145,0.1739,52383.0,1.259
13219,狛江市,84970,20010,365,3509.0,20010,84970,2694,0.1346,12426,0.1462,8869,0.4432,0.2254,4499.0,1.674
27212,八尾市,265361,75139,1854,2594.0,75139,265361,9940,0.1323,35513,0.1338,34425,0.4582,0.2491,18660.0,1.883
13208,調布市,242740,50349,1135,2839.0,50349,242740,6285,0.1248,27553,0.1135,22116,0.4393,0.2166,10919.0,1.735
28202,尼崎市,460092,120292,2229,3454.0,120292,460092,12445,0.1035,43700,0.095,42767,0.3555,0.1768,21235.0,1.709
27227,東大阪市,494394,135800,2824,3078.0,135800,494394,13418,0.0988,47633,0.0963,67071,0.4939,0.2205,29938.0,2.231
13204,三鷹市,195183,41572,932,2855.0,41572,195183,3970,0.0955,17260,0.0884,17702,0.4258,0.2271,9452.0,2.378
13120,練馬区,752871,159531,2873,3554.0,159531,752871,15044,0.0943,63188,0.0839,63547,0.3983,0.1622,25830.0,1.719
27223,門真市,118799,35270,679,3324.0,35270,118799,3299,0.0935,11478,0.0966,14827,0.4204,0.2099,7468.0,2.244
13203,武蔵野市,149113,31475,617,3265.0,31475,149113,2319,0.0737,11215,0.0752,10476,0.3328,0.225,7137.0,3.053
11224,戸田市,139096,22826,752,1943.0,22826,139096,1634,0.0716,7398,0.0532,9729,0.4262,0.1989,4587.0,2.778
27209,守口市,143332,41006,641,4094.0,41006,143332,2883,0.0703,9824,0.0685,13058,0.3184,0.1636,6689.0,2.327
13112,世田谷区,942246,189398,3385,3581.0,189398,942246,12466,0.0658,61387,0.0651,53654,0.2833,0.1334,25357.0,2.027
13123,江戸川区,697549,145750,2406,3877.0,145750,697549,9320,0.0639,42505,0.0609,38846,0.2665,0.1322,19270.0,2.067
13115,杉並区,591285,117378,2054,3657.0,117378,591285,7313,0.0623,32924,0.0557,34782,0.2963,0.1359,15905.0,2.181
13117,北区,358993,87980,1110,5073.0,87980,358993,4534,0.0515,17330,0.0483,23349,0.2654,0.0876,7652.0,1.699
13121,足立区,693806,170144,2901,3754.0,170144,693806,7910,0.0465,31461,0.0453,54128,0.3181,0.1547,26341.0,3.328
13108,江東区,524757,110180,1312,5375.0,110008,524354,4773,0.0434,23291,0.0444,24883,0.2262,0.0834,9172.0,1.922
27100,大阪市,2750381,676534,9922,4364.0,676534,2750381,25114,0.0371,89950,0.0327,162113,0.2396,0.1356,91788.0,3.653
13122,葛飾区,454516,111921,1833,3908.0,111921,454516,4097,0.0366,18666,0.0411,19529,0.1745,0.1477,16530.0,4.036
13118,荒川区,213550,49830,555,5746.0,49830,213550,1805,0.0362,9913,0.0464,5488,0.1101,0.0508,2561.0,1.403
13119,板橋区,583958,132383,1787,4741.0,132383,583958,4627,0.035,17961,0.0308,27019,0.2041,0.0841,11148.0,2.405
13103,港区,259529,42343,990,2737.0,42063,256935,1373,0.0326,7690,0.0299,7649,0.1818,0.0855,3638.0,2.62
13111,大田区,749711,162073,2221,4670.0,162073,749711,4984,0.0308,21450,0.0286,30693,0.1894,0.0789,12773.0,2.566
11223,蕨市,75805,17337,311,3568.0,17337,75805,362,0.0209,1762,0.0232,2486,0.1434,0.1073,1850.0,5.137
13113,渋谷区,243618,41233,815,3238.0,41233,243618,723,0.0175,3660,0.015,6000,0.1455,0.0517,2135.0,2.951
13105,文京区,239092,41910,646,4152.0,41910,239092,638,0.0152,3250,0.0136,3585,0.0855,0.0367,1542.0,2.411
13110,目黒区,290369,56336,884,4079.0,56336,290369,804,0.0143,4568,0.0157,7577,0.1345,0.0507,2831.0,3.555
13109,品川区,421853,79554,1020,4992.0,79442,420178,1009,0.0127,4512,0.0107,9164,0.1154,0.0625,4970.0,4.92
13107,墨田区,271750,60009,754,5094.0,60009,271750,703,0.0117,2994,0.011,6614,0.1102,0.0388,2333.0,3.313
13114,中野区,342504,65445,942,4446.0,65445,342504,392,0.006,2233,0.0065,8801,0.1345,0.0584,3846.0,9.746
13101,千代田区,66484,10841,376,1845.0,10841,66484,45,0.0042,1015,0.0153,492,0.0454,0.0451,490.0,10.87
13116,豊島区,300452,58357,770,4850.0,58357,300452,234,0.004,992,0.0033,4738,0.0812,0.026,1519.0,6.473
13104,新宿区,351746,63282,1008,4018.0,63282,351746,219,0.0035,1731,0.0049,5514,0.0871,0.0482,3044.0,13.919
13102,中央区,169445,24825,471,3373.0,24821,169431,49,0.002,1133,0.0067,1166,0.047,0.0442,1091.0,22.394
13106,台東区,212924,47595,572,5325.0,47595,212924,66,0.0014,272,0.0013,560,0.0118,0.0386,1835.0,27.858
