市区町村コード,市区町村名,総65歳以上人口,圏外65歳以上人口_変種A,圏外率_変種A,圏外65歳以上人口_supermarketのみ,圏外65歳以上人口_変種C125,圏外率_変種C125,農水省_困難人口割合,農水省_困難人口,比_農水省÷変種A,比_農水省÷変種C125
01472,幌加内町,559,559,1.0,559,559,1.0,0.2929,164.0,0.293,0.293
02343,西目屋村,501,501,1.0,501,501,1.0,0.4401,220.0,0.44,0.44
02450,新郷村,1084,1084,1.0,1084,1084,1.0,0.4039,438.0,0.404,0.404
07364,檜枝岐村,196,196,1.0,196,196,1.0,0.4596,89.0,0.46,0.46
07444,三島町,786,786,1.0,786,786,1.0,0.4023,315.0,0.402,0.402
07446,昭和村,693,693,1.0,693,693,1.0,0.5607,389.0,0.561,0.561
07544,川内村,967,967,1.0,967,967,1.0,0.2062,201.0,0.206,0.206
10367,神流町,1018,1018,1.0,1018,1018,1.0,0.3881,392.0,0.388,0.388
13382,御蔵島村,58,58,1.0,58,58,1.0,0.7737,45.0,0.774,0.774
13402,青ヶ島村,31,31,1.0,31,31,1.0,0.7207,22.0,0.721,0.721
14402,清川村,1125,1125,1.0,1125,1125,1.0,0.2838,321.0,0.284,0.284
19364,早川町,446,446,1.0,446,446,1.0,0.4963,224.0,0.496,0.496
19442,小菅村,310,310,1.0,310,310,1.0,0.5264,163.0,0.526,0.526
19443,丹波山村,233,233,1.0,233,233,1.0,0.5788,137.0,0.579,0.579
20306,南相木村,392,392,1.0,392,392,1.0,0.3117,122.0,0.312,0.312
20409,平谷村,124,124,1.0,124,76,0.6129,0.4114,54.0,0.411,0.671
20414,泰阜村,649,649,1.0,649,649,1.0,0.2753,179.0,0.275,0.275
20451,朝日村,1382,1382,1.0,1382,1382,1.0,0.1301,179.0,0.13,0.13
21504,七宗町,1559,1559,1.0,1559,1490,0.9557,0.3073,482.0,0.307,0.322
26463,伊根町,855,855,1.0,855,855,1.0,0.4869,455.0,0.487,0.487
29322,山添村,1550,1550,1.0,1550,1550,1.0,0.2043,318.0,0.204,0.204
29385,曽爾村,669,669,1.0,669,669,1.0,0.3131,209.0,0.313,0.313
29386,御杖村,891,891,1.0,891,891,1.0,0.442,394.0,0.442,0.442
29447,野迫川村,183,183,1.0,183,183,1.0,0.4648,84.0,0.465,0.465
29450,下北山村,366,366,1.0,366,366,1.0,0.4265,156.0,0.426,0.426
31403,江府町,1311,1311,1.0,1311,1299,0.9908,0.3019,396.0,0.302,0.305
33643,西粟倉村,497,497,1.0,497,497,1.0,0.3688,183.0,0.369,0.369
35341,上関町,1274,1274,1.0,1274,1274,1.0,0.4751,628.0,0.475,0.475
36302,上勝町,770,770,1.0,770,770,1.0,0.5043,389.0,0.504,0.504
39304,安田町,1102,1102,1.0,1102,1102,1.0,0.3448,373.0,0.345,0.345
39305,北川村,493,493,1.0,493,493,1.0,0.3023,153.0,0.302,0.302
39427,三原村,683,683,1.0,683,683,1.0,0.2802,189.0,0.28,0.28
43513,球磨村,1066,1066,1.0,1066,1059,0.9934,0.2544,277.0,0.254,0.256
45403,西米良村,496,496,1.0,496,496,1.0,0.3999,175.0,0.4,0.4
46303,三島村,107,107,1.0,107,107,1.0,0.7372,79.0,0.737,0.737
46304,十島村,204,204,1.0,204,204,1.0,0.7215,147.0,0.722,0.722
46523,大和村,573,573,1.0,573,573,1.0,0.5451,319.0,0.545,0.545
46524,宇検村,681,681,1.0,681,681,1.0,0.5831,408.0,0.583,0.583
46531,天城町,2046,2046,1.0,2046,2046,1.0,0.5005,1025.0,0.501,0.501
46534,知名町,2170,2170,1.0,2170,2170,1.0,0.5788,1252.0,0.579,0.579
47356,渡名喜村,143,143,1.0,143,143,1.0,0.7448,107.0,0.745,0.745
04302,七ヶ宿町,586,586,1.0,586,586,1.0,0.4212,246.0,0.421,0.421
13362,利島村,80,80,1.0,80,80,1.0,0.7472,60.0,0.747,0.747
20429,王滝村,308,308,1.0,308,308,1.0,0.3894,120.0,0.389,0.389
29451,上北山村,234,234,1.0,234,234,1.0,0.4737,109.0,0.474,0.474
29452,川上村,640,640,1.0,640,640,1.0,0.3931,252.0,0.393,0.393
39364,大川村,143,143,1.0,143,143,1.0,0.4085,61.0,0.408,0.408
40609,赤村,1173,1173,1.0,1173,1173,1.0,0.2084,233.0,0.208,0.208
43507,水上村,921,921,1.0,921,921,1.0,0.3922,354.0,0.392,0.392
43512,山江村,1182,1182,1.0,1182,1127,0.9535,0.3294,385.0,0.329,0.345
20307,北相木村,270,270,1.0,270,270,1.0,0.4177,113.0,0.418,0.418
32527,知夫村,278,278,1.0,278,278,1.0,0.6625,188.0,0.663,0.663
03484,田野畑村,1299,1299,1.0,1299,1299,1.0,0.2801,363.0,0.28,0.28
20412,売木村,265,265,1.0,265,265,1.0,0.4896,127.0,0.49,0.49
46533,和泊町,2257,2257,1.0,2257,2239,0.992,0.5456,1237.0,0.546,0.55
07445,金山町,1131,1131,1.0,1131,1131,1.0,0.4982,565.0,0.498,0.498
07548,葛尾村,194,194,1.0,194,194,1.0,0.0323,6.0,0.032,0.032
43511,五木村,458,458,1.0,458,458,1.0,0.3997,178.0,0.4,0.4
26367,南山城村,1158,1153,0.9957,1153,1142,0.9862,0.2846,330.0,0.286,0.289
05327,上小阿仁村,1107,1102,0.9955,1107,1064,0.9612,0.4423,490.0,0.444,0.46
02424,東通村,2084,2074,0.9952,2084,2063,0.9899,0.5126,1085.0,0.515,0.518
17324,川北町,1452,1445,0.9952,1452,1051,0.7238,0.1251,181.0,0.126,0.173
20404,阿南町,1936,1925,0.9943,1936,1891,0.9768,0.2949,576.0,0.297,0.302
39301,東洋町,1110,1100,0.991,1110,1059,0.9541,0.4459,498.0,0.45,0.467
07505,古殿町,1901,1880,0.989,1901,1795,0.9442,0.1795,340.0,0.182,0.19
01403,泊村,614,607,0.9886,614,594,0.9674,0.4429,277.0,0.448,0.458
07422,湯川村,1051,1036,0.9857,1051,970,0.9229,0.1848,197.0,0.187,0.2
24303,木曽岬町,2011,1981,0.9851,2011,1950,0.9697,0.1867,375.0,0.19,0.193
21382,輪之内町,2601,2562,0.985,2579,2128,0.8181,0.2608,671.0,0.265,0.319
40401,小竹町,3006,2960,0.9847,3002,2768,0.9208,0.3778,1141.0,0.384,0.41
11369,東秩父村,1258,1238,0.9841,1238,1201,0.9547,0.1573,198.0,0.16,0.165
27383,千早赤阪村,2153,2117,0.9833,2150,2008,0.9327,0.413,922.0,0.42,0.443
06363,舟形町,2073,2037,0.9826,2073,1763,0.8505,0.2376,500.0,0.242,0.279
26364,笠置町,590,579,0.9814,579,485,0.822,0.3634,211.0,0.37,0.442
03506,九戸村,2383,2333,0.979,2383,2264,0.9501,0.2612,621.0,0.267,0.275
39387,仁淀川町,2673,2616,0.9787,2673,2635,0.9858,0.3893,1045.0,0.398,0.395
20350,長和町,2388,2336,0.9782,2388,2147,0.8991,0.2271,540.0,0.232,0.253
18483,おおい町,2540,2483,0.9776,2492,2156,0.8488,0.458,1167.0,0.468,0.54
45442,日之影町,1629,1592,0.9773,1618,1563,0.9595,0.3362,557.0,0.344,0.35
41441,太良町,3150,3075,0.9762,3150,2940,0.9333,0.2075,655.0,0.213,0.222
06367,戸沢村,1708,1664,0.9742,1708,1583,0.9268,0.2317,395.0,0.238,0.25
10383,南牧村,1043,1016,0.9741,1016,1008,0.9664,0.3851,405.0,0.395,0.399
02443,田子町,2197,2139,0.9736,2197,1830,0.833,0.4304,939.0,0.442,0.517
07484,鮫川村,1240,1207,0.9734,1240,1172,0.9452,0.1279,156.0,0.131,0.135
20410,根羽村,450,438,0.9733,450,427,0.9489,0.3809,170.0,0.391,0.401
30422,太地町,1253,1219,0.9729,1253,1149,0.917,0.4981,623.0,0.512,0.543
29449,十津川村,1313,1277,0.9726,1313,1188,0.9048,0.4221,551.0,0.434,0.467
43423,南小国町,1506,1463,0.9714,1466,1409,0.9356,0.3641,550.0,0.375,0.389
35502,阿武町,1494,1451,0.9712,1494,1350,0.9036,0.307,467.0,0.316,0.34
43425,産山村,589,572,0.9711,572,517,0.8778,0.3204,190.0,0.33,0.365
06366,鮭川村,1578,1532,0.9708,1578,1521,0.9639,0.1955,309.0,0.201,0.203
02411,六ヶ所村,2645,2562,0.9686,2620,2352,0.8892,0.4825,1263.0,0.498,0.543
20588,小川村,1015,983,0.9685,983,950,0.936,0.3122,318.0,0.322,0.334
29453,東吉野村,880,852,0.9682,880,814,0.925,0.3848,337.0,0.397,0.416
44461,九重町,3878,3752,0.9675,3783,3565,0.9193,0.2682,1035.0,0.277,0.292
10444,川場村,1565,1514,0.9674,1565,1444,0.9227,0.1623,254.0,0.168,0.176
31386,大山町,6184,5978,0.9667,6099,5571,0.9009,0.2596,1608.0,0.269,0.288
20452,筑北村,1911,1845,0.9655,1911,1651,0.8639,0.2659,513.0,0.275,0.308
46501,中種子町,2956,2854,0.9655,2854,2597,0.8786,0.4522,1342.0,0.468,0.515
33681,吉備中央町,4532,4375,0.9654,4422,4035,0.8903,0.3502,1586.0,0.363,0.393
34545,神石高原町,4065,3924,0.9653,4025,3808,0.9368,0.3054,1239.0,0.316,0.326
43433,南阿蘇村,4202,4055,0.965,4176,3681,0.876,0.298,1252.0,0.309,0.34
12426,長柄町,2878,2777,0.9649,2878,2397,0.8329,0.1772,525.0,0.184,0.213
45429,諸塚村,676,652,0.9645,676,651,0.963,0.3496,237.0,0.362,0.363
24443,大台町,3750,3616,0.9643,3616,3236,0.8629,0.2928,1100.0,0.304,0.339
45431,美郷町,2484,2394,0.9638,2394,2332,0.9388,0.3332,829.0,0.346,0.355
33666,美咲町,5419,5222,0.9636,5306,5103,0.9417,0.3205,1737.0,0.333,0.34
39344,大豊町,1897,1828,0.9636,1828,1744,0.9193,0.4295,819.0,0.446,0.467
21502,富加町,1813,1746,0.963,1804,1395,0.7694,0.2516,457.0,0.261,0.327
45443,五ヶ瀬町,1532,1475,0.9628,1507,1360,0.8877,0.2665,397.0,0.277,0.3
10448,昭和村,2277,2192,0.9627,2277,1914,0.8406,0.2238,511.0,0.232,0.266
20386,中川村,1663,1600,0.9621,1663,1389,0.8352,0.1748,293.0,0.182,0.209
32525,海士町,893,859,0.9619,859,839,0.9395,0.5541,501.0,0.576,0.59
28442,市川町,4186,4023,0.9611,4088,3889,0.929,0.3714,1554.0,0.386,0.4
03301,雫石町,6128,5889,0.961,5981,4954,0.8084,0.1908,1160.0,0.199,0.236
36368,那賀町,3809,3660,0.9609,3766,3480,0.9136,0.3784,1441.0,0.394,0.414
07564,飯舘村,758,728,0.9604,758,683,0.9011,0.0413,31.0,0.043,0.046
12347,多古町,4954,4755,0.9598,4904,4447,0.8977,0.1534,782.0,0.16,0.171
31389,南部町,3893,3727,0.9574,3830,3273,0.8407,0.2442,947.0,0.255,0.29
39411,津野町,2390,2287,0.9569,2390,2221,0.9293,0.2385,570.0,0.249,0.257
43484,津奈木町,1752,1676,0.9566,1676,1580,0.9018,0.308,551.0,0.322,0.342
10428,高山村,1309,1252,0.9565,1309,1207,0.9221,0.1767,230.0,0.185,0.192
20543,高山村,2456,2349,0.9564,2456,2210,0.8998,0.1607,392.0,0.168,0.179
34431,大崎上島町,3244,3101,0.9559,3101,2944,0.9075,0.4577,1513.0,0.479,0.504
30424,古座川町,1373,1312,0.9556,1312,1202,0.8755,0.4862,666.0,0.509,0.555
09384,塩谷町,4187,4001,0.9556,4086,3728,0.8904,0.2133,887.0,0.223,0.24
01645,豊頃町,1226,1171,0.9551,1171,1152,0.9396,0.249,297.0,0.261,0.265
33606,鏡野町,4680,4468,0.9547,4563,4163,0.8895,0.3014,1409.0,0.316,0.339
34462,世羅町,6329,6033,0.9532,6297,5406,0.8542,0.2708,1717.0,0.284,0.317
08447,河内町,3223,3072,0.9531,3178,2764,0.8576,0.2164,698.0,0.227,0.252
20305,南牧村,997,950,0.9529,963,856,0.8586,0.137,136.0,0.144,0.16
38442,伊方町,3934,3748,0.9527,3783,3469,0.8818,0.4479,1782.0,0.47,0.508
45405,川南町,5361,5100,0.9513,5147,4745,0.8851,0.2324,1261.0,0.244,0.263
20486,小谷村,1024,974,0.9512,983,883,0.8623,0.293,297.0,0.308,0.34
21507,東白川村,906,861,0.9503,861,715,0.7892,0.3138,286.0,0.33,0.398
01667,鶴居村,914,868,0.9497,914,804,0.8796,0.271,247.0,0.285,0.308
13381,三宅村,894,849,0.9497,866,813,0.9094,0.5896,527.0,0.621,0.648
46502,南種子町,1962,1863,0.9495,1863,1650,0.841,0.4556,894.0,0.48,0.542
23427,飛島村,1414,1342,0.9491,1414,1222,0.8642,0.1466,208.0,0.154,0.17
01331,松前町,3205,3041,0.9488,3205,2569,0.8016,0.4621,1509.0,0.487,0.577
45430,椎葉村,1135,1076,0.948,1135,1036,0.9128,0.3588,410.0,0.378,0.393
07322,大玉村,2514,2383,0.9479,2514,2303,0.9161,0.1535,377.0,0.162,0.168
09344,市貝町,3357,3182,0.9479,3341,2913,0.8677,0.2609,865.0,0.275,0.301
21403,大野町,6615,6269,0.9477,6536,5374,0.8124,0.2273,1502.0,0.24,0.28
13307,檜原村,1049,994,0.9476,994,970,0.9247,0.4528,479.0,0.478,0.49
07503,平田村,2076,1966,0.947,2025,1850,0.8911,0.1532,315.0,0.162,0.172
06426,三川町,2677,2535,0.947,2632,2358,0.8808,0.2125,566.0,0.224,0.241
32505,吉賀町,2710,2566,0.9469,2647,2144,0.7911,0.4045,1100.0,0.427,0.511
24442,明和町,7017,6642,0.9466,6823,5680,0.8095,0.1982,1389.0,0.209,0.245
27322,能勢町,3757,3556,0.9465,3689,3343,0.8898,0.3395,1279.0,0.359,0.382
20304,川上村,1197,1133,0.9465,1188,949,0.7928,0.0802,96.0,0.085,0.101
02323,深浦町,3605,3411,0.9462,3469,3109,0.8624,0.5266,1962.0,0.557,0.611
20349,青木村,1617,1530,0.9462,1617,1372,0.8485,0.2048,333.0,0.216,0.241
10366,上野村,518,490,0.9459,490,502,0.9691,0.4618,239.0,0.488,0.477
15581,関川村,2213,2092,0.9453,2213,1957,0.8843,0.2041,453.0,0.216,0.231
33622,勝央町,3502,3306,0.944,3364,2972,0.8487,0.2965,1027.0,0.314,0.349
15405,出雲崎町,1797,1696,0.9438,1696,1516,0.8436,0.2808,506.0,0.298,0.333
20303,小海町,1836,1732,0.9434,1822,1629,0.8873,0.2456,450.0,0.26,0.277
24471,大紀町,3934,3709,0.9428,3799,3515,0.8935,0.3313,1303.0,0.351,0.371
07303,国見町,3626,3418,0.9426,3482,2840,0.7832,0.2247,818.0,0.238,0.287
46527,龍郷町,1880,1772,0.9426,1781,1645,0.875,0.4996,952.0,0.53,0.571
05366,井川町,1969,1855,0.9421,1969,1615,0.8202,0.3289,650.0,0.349,0.401
19422,道志村,614,578,0.9414,614,512,0.8339,0.2612,160.0,0.277,0.313
30392,日高川町,3369,3170,0.9409,3369,3111,0.9234,0.3742,1268.0,0.398,0.405
09345,芳賀町,4715,4436,0.9408,4576,4054,0.8598,0.203,971.0,0.216,0.236
43369,和水町,3972,3736,0.9406,3824,3315,0.8346,0.2889,1144.0,0.307,0.346
01602,平取町,1657,1558,0.9403,1657,1325,0.7996,0.3071,516.0,0.327,0.384
43510,相良村,1742,1638,0.9403,1638,1508,0.8657,0.316,554.0,0.336,0.365
30382,日高町,2257,2118,0.9384,2257,1815,0.8042,0.3843,890.0,0.41,0.478
20602,栄村,890,835,0.9382,835,835,0.9382,0.4098,370.0,0.437,0.437
05349,八峰町,3035,2847,0.9381,2942,2657,0.8755,0.4308,1308.0,0.459,0.492
31401,日南町,2182,2046,0.9377,2144,1908,0.8744,0.3814,835.0,0.407,0.436
01437,北竜町,776,727,0.9369,776,702,0.9046,0.3753,291.0,0.401,0.415
20590,飯綱町,4223,3956,0.9368,3970,3554,0.8416,0.1881,787.0,0.201,0.223
39412,四万十町,6990,6543,0.9361,6583,6058,0.8667,0.2755,1923.0,0.294,0.318
10523,千代田町,3395,3177,0.9358,3372,2812,0.8283,0.1862,628.0,0.199,0.225
02425,風間浦村,748,700,0.9358,700,602,0.8048,0.5751,435.0,0.614,0.715
42411,新上五島町,7245,6776,0.9353,7007,6047,0.8346,0.6051,4525.0,0.647,0.725
17407,中能登町,6162,5760,0.9348,6001,4794,0.778,0.2097,1289.0,0.224,0.27
45361,高原町,3616,3379,0.9345,3539,2901,0.8023,0.2916,1052.0,0.312,0.363
45404,木城町,1829,1709,0.9344,1829,1470,0.8037,0.2631,479.0,0.282,0.327
05346,藤里町,1411,1318,0.9341,1411,1149,0.8143,0.3631,513.0,0.389,0.446
32449,邑南町,4584,4279,0.9335,4461,3748,0.8176,0.3778,1731.0,0.405,0.462
30343,九度山町,1780,1661,0.9331,1661,1483,0.8331,0.3317,594.0,0.356,0.398
20583,信濃町,3398,3170,0.9329,3386,2980,0.877,0.2421,827.0,0.259,0.276
20363,原村,2661,2482,0.9327,2661,2243,0.8429,0.1901,507.0,0.204,0.225
20448,生坂村,713,665,0.9327,665,631,0.885,0.268,187.0,0.287,0.303
01431,浦臼町,782,729,0.9322,782,713,0.9118,0.3973,309.0,0.426,0.436
22429,川根本町,3082,2873,0.9322,3082,2797,0.9075,0.3725,1146.0,0.4,0.41
31402,日野町,1472,1372,0.9321,1372,986,0.6698,0.3569,525.0,0.383,0.533
30304,紀美野町,4029,3753,0.9315,3869,3474,0.8622,0.393,1576.0,0.422,0.456
10424,長野原町,1981,1845,0.9313,1934,1521,0.7678,0.2134,425.0,0.229,0.278
40522,大木町,4130,3846,0.9312,4050,3285,0.7954,0.2989,1206.0,0.321,0.376
34214,安芸高田市,11098,10331,0.9309,10614,8817,0.7945,0.2698,2998.0,0.29,0.34
01391,島牧村,563,524,0.9307,563,500,0.8881,0.3895,220.0,0.419,0.439
02423,大間町,1700,1582,0.9306,1582,1385,0.8147,0.4495,769.0,0.483,0.552
02402,七戸町,5935,5522,0.9304,5577,4984,0.8398,0.3899,2317.0,0.419,0.464
03503,野田村,1506,1400,0.9296,1400,1093,0.7258,0.3078,466.0,0.331,0.424
12409,芝山町,2504,2327,0.9293,2477,2086,0.8331,0.1211,318.0,0.13,0.145
07423,柳津町,1391,1292,0.9288,1341,1147,0.8246,0.2642,369.0,0.284,0.32
29444,黒滝村,345,320,0.9275,345,295,0.8551,0.3614,124.0,0.39,0.423
07464,泉崎村,1983,1839,0.9274,1882,1445,0.7287,0.1347,267.0,0.145,0.185
20324,立科町,2424,2248,0.9274,2253,2116,0.8729,0.177,432.0,0.191,0.203
29401,高取町,2763,2562,0.9273,2763,2555,0.9247,0.3161,879.0,0.341,0.342
07521,三春町,5918,5485,0.9268,5644,4612,0.7793,0.2115,1244.0,0.228,0.271
46529,喜界町,2658,2463,0.9266,2463,2114,0.7953,0.6068,1616.0,0.655,0.763
34369,北広島町,6922,6413,0.9265,6766,5432,0.7847,0.3407,2357.0,0.368,0.434
38484,松野町,1733,1605,0.9261,1605,1517,0.8754,0.3603,624.0,0.389,0.412
21506,白川町,3464,3205,0.9252,3383,2905,0.8386,0.3506,1217.0,0.379,0.418
24461,玉城町,4278,3954,0.9243,4227,2921,0.6828,0.1797,765.0,0.194,0.263
07561,新地町,2599,2402,0.9242,2442,1840,0.708,0.2196,570.0,0.238,0.31
07362,下郷町,2355,2176,0.924,2355,1958,0.8314,0.2986,705.0,0.323,0.359
07402,北塩原村,944,872,0.9237,944,829,0.8782,0.2341,222.0,0.253,0.267
42210,壱岐市,9531,8804,0.9237,9159,7926,0.8316,0.4681,4512.0,0.507,0.563
20432,木曽町,4425,4087,0.9236,4087,3297,0.7451,0.2985,1321.0,0.323,0.401
41387,玄海町,1766,1631,0.9236,1761,1502,0.8505,0.2349,417.0,0.254,0.276
02405,六戸町,3536,3266,0.9236,3376,2641,0.7469,0.4153,1466.0,0.45,0.556
31329,八頭町,5784,5341,0.9234,5774,4775,0.8256,0.1907,1104.0,0.206,0.231
28501,佐用町,6856,6330,0.9233,6706,5939,0.8662,0.3673,2517.0,0.398,0.424
12427,長南町,3250,3000,0.9231,3150,2737,0.8422,0.1488,478.0,0.161,0.177
20430,大桑村,1476,1362,0.9228,1394,1282,0.8686,0.3264,484.0,0.354,0.376
22304,南伊豆町,3871,3568,0.9217,3700,3257,0.8414,0.436,1689.0,0.473,0.518
39424,大月町,2146,1978,0.9217,2045,1852,0.863,0.3136,682.0,0.34,0.363
33215,美作市,10795,9943,0.9211,10578,9132,0.8459,0.3315,3580.0,0.36,0.392
02307,外ヶ浜町,2616,2409,0.9209,2497,2216,0.8471,0.5458,1501.0,0.593,0.644
36342,神山町,2525,2325,0.9208,2458,2186,0.8657,0.4069,1027.0,0.442,0.47
01560,滝上町,1077,991,0.9201,1077,953,0.8849,0.4254,461.0,0.462,0.481
28222,養父市,8745,8046,0.9201,8481,6509,0.7443,0.381,3334.0,0.414,0.512
40602,添田町,3925,3610,0.9197,3762,3162,0.8056,0.3081,1210.0,0.335,0.383
08233,行方市,11616,10677,0.9192,11441,9915,0.8536,0.2084,2418.0,0.227,0.244
12424,白子町,4187,3845,0.9183,4055,3367,0.8042,0.2118,882.0,0.231,0.263
20425,木祖村,1163,1068,0.9183,1068,1041,0.8951,0.2235,261.0,0.243,0.25
03485,普代村,1073,984,0.9171,984,878,0.8183,0.3397,362.0,0.37,0.415
07344,天栄村,1916,1757,0.917,1916,1746,0.9113,0.1078,206.0,0.118,0.118
26407,京丹波町,5707,5232,0.9168,5530,4665,0.8174,0.3082,1759.0,0.336,0.377
10449,みなかみ町,7012,6424,0.9161,6969,5852,0.8346,0.2244,1574.0,0.245,0.269
40608,大任町,1939,1776,0.9159,1871,1661,0.8566,0.2688,524.0,0.293,0.314
06341,大石田町,2639,2416,0.9155,2537,1938,0.7344,0.2082,548.0,0.227,0.284
36383,牟岐町,2008,1838,0.9153,1838,1324,0.6594,0.3859,778.0,0.422,0.585
39428,黒潮町,4568,4181,0.9153,4241,3555,0.7782,0.272,1255.0,0.297,0.349
18382,池田町,1078,986,0.9147,1044,888,0.8237,0.425,458.0,0.465,0.516
09411,那珂川町,6035,5519,0.9145,5846,4776,0.7914,0.2586,1559.0,0.283,0.327
43531,苓北町,3027,2767,0.9141,2919,2145,0.7086,0.3943,1211.0,0.431,0.556
20417,大鹿村,465,425,0.914,425,395,0.8495,0.4132,192.0,0.452,0.486
20423,南木曽町,1685,1540,0.9139,1609,1398,0.8297,0.3375,568.0,0.369,0.407
10425,嬬恋村,3295,3009,0.9132,3106,2725,0.827,0.1735,570.0,0.19,0.21
36405,上板町,4037,3686,0.9131,3948,3087,0.7647,0.241,974.0,0.264,0.315
43501,錦町,3439,3139,0.9128,3400,2847,0.8279,0.2987,1022.0,0.327,0.361
46491,南大隅町,3183,2905,0.9127,3023,2607,0.819,0.4776,1527.0,0.523,0.583
12422,睦沢町,2870,2619,0.9125,2862,2187,0.762,0.2144,610.0,0.235,0.281
24561,御浜町,3311,3021,0.9124,3067,2671,0.8067,0.3582,1182.0,0.393,0.444
43367,南関町,3514,3206,0.9124,3318,2899,0.825,0.3127,1104.0,0.343,0.379
01604,新冠町,1753,1599,0.9122,1722,1145,0.6532,0.3365,588.0,0.369,0.515
35213,美祢市,9893,9024,0.9122,9648,7809,0.7893,0.1544,1529.0,0.169,0.196
28446,神河町,4055,3698,0.912,3742,3258,0.8035,0.356,1444.0,0.39,0.443
07407,磐梯町,1236,1127,0.9118,1127,1023,0.8277,0.1895,236.0,0.208,0.229
32343,奥出雲町,5132,4679,0.9117,5046,4495,0.8759,0.3015,1547.0,0.331,0.344
32386,飯南町,2116,1929,0.9116,1950,1704,0.8053,0.2904,614.0,0.319,0.361
17461,穴水町,3790,3450,0.9103,3591,2985,0.7876,0.311,1204.0,0.342,0.395
36387,美波町,3035,2762,0.91,3035,2417,0.7964,0.4127,1267.0,0.453,0.518
28365,多可町,7305,6644,0.9095,7008,6201,0.8489,0.3151,2302.0,0.346,0.371
42208,松浦市,7715,7008,0.9084,7508,6017,0.7799,0.442,3466.0,0.487,0.567
41423,大町町,2571,2335,0.9082,2555,1984,0.7717,0.219,562.0,0.241,0.284
44214,国東市,11216,10184,0.908,10715,9228,0.8228,0.3105,3511.0,0.342,0.377
32448,美郷町,2071,1880,0.9078,1880,1847,0.8918,0.3682,767.0,0.406,0.413
33586,新庄村,346,314,0.9075,314,304,0.8786,0.3376,117.0,0.372,0.384
40646,上毛町,2612,2370,0.9074,2414,2195,0.8404,0.331,866.0,0.365,0.394
04422,大郷町,3029,2748,0.9072,3029,2444,0.8069,0.1664,502.0,0.183,0.206
02209,つがる市,12009,10893,0.9071,11540,9684,0.8064,0.3894,4673.0,0.429,0.483
20309,佐久穂町,3926,3559,0.9065,3748,2884,0.7346,0.1861,737.0,0.205,0.253
43441,御船町,5626,5099,0.9063,5295,3856,0.6854,0.2804,1588.0,0.309,0.409
40625,みやこ町,7894,7151,0.9059,7721,5886,0.7456,0.3305,2616.0,0.365,0.443
04341,丸森町,5314,4811,0.9053,5076,4316,0.8122,0.2378,1259.0,0.263,0.293
06403,飯豊町,2572,2326,0.9044,2385,2113,0.8215,0.1965,502.0,0.217,0.239
45441,高千穂町,5038,4556,0.9043,4748,3724,0.7392,0.2876,1443.0,0.318,0.389
05348,三種町,6934,6264,0.9034,6730,5630,0.8119,0.3726,2584.0,0.412,0.459
08364,大子町,7282,6574,0.9028,6693,6173,0.8477,0.2971,2159.0,0.329,0.35
11349,ときがわ町,4082,3684,0.9025,3939,2979,0.7298,0.1811,741.0,0.201,0.248
34368,安芸太田町,3014,2719,0.9021,2803,2650,0.8792,0.3596,1075.0,0.399,0.409
46404,長島町,3493,3149,0.9015,3395,2801,0.8019,0.4,1418.0,0.444,0.499
11381,美里町,3710,3344,0.9013,3646,2617,0.7054,0.1834,682.0,0.203,0.26
01425,上砂川町,1468,1321,0.8999,1468,1052,0.7166,0.506,738.0,0.562,0.706
12342,神崎町,2021,1818,0.8996,1956,1355,0.6705,0.2345,472.0,0.261,0.35
02367,田舎館村,2676,2406,0.8991,2676,2225,0.8315,0.4095,1081.0,0.455,0.492
36301,勝浦町,2119,1905,0.899,1922,1426,0.673,0.33,702.0,0.367,0.49
38422,内子町,6274,5640,0.8989,5928,4565,0.7276,0.3054,1914.0,0.34,0.42
36206,阿波市,13200,11856,0.8982,12458,9854,0.7465,0.2654,3504.0,0.295,0.356
39405,檮原町,1542,1385,0.8982,1385,1308,0.8482,0.3783,579.0,0.421,0.446
12463,鋸南町,3367,3023,0.8978,3280,2743,0.8147,0.3366,1131.0,0.375,0.413
24214,いなべ市,12292,11031,0.8974,11906,9226,0.7506,0.2206,2713.0,0.246,0.294
10429,東吾妻町,5229,4691,0.8971,4883,3917,0.7491,0.2139,1124.0,0.238,0.286
02304,蓬田村,1037,930,0.8968,1037,802,0.7734,0.4597,495.0,0.513,0.594
33346,和気町,5586,5009,0.8967,5385,4395,0.7868,0.317,1775.0,0.354,0.403
10443,片品村,1634,1465,0.8966,1585,1334,0.8164,0.2122,348.0,0.237,0.26
46452,湧水町,4037,3619,0.8965,4000,3425,0.8484,0.3783,1523.0,0.422,0.446
10521,板倉町,4724,4234,0.8963,4554,3221,0.6818,0.2076,983.0,0.232,0.305
01222,三笠市,3808,3412,0.896,3763,2747,0.7214,0.4662,1780.0,0.52,0.646
17205,珠洲市,6643,5952,0.896,6373,5438,0.8186,0.3336,2226.0,0.372,0.407
08229,稲敷市,14282,12794,0.8958,13550,10972,0.7682,0.2096,3004.0,0.234,0.273
01663,浜中町,1755,1572,0.8957,1640,1178,0.6712,0.2347,413.0,0.262,0.35
46535,与論町,1782,1596,0.8956,1633,1386,0.7778,0.6199,1111.0,0.692,0.797
07367,只見町,1911,1711,0.8953,1824,1533,0.8022,0.3882,740.0,0.434,0.484
04606,南三陸町,4619,4133,0.8948,4441,3285,0.7112,0.2522,1187.0,0.282,0.355
44209,豊後高田市,8557,7655,0.8946,8083,6476,0.7568,0.3349,2863.0,0.374,0.442
02387,中泊町,4277,3825,0.8943,4259,3273,0.7653,0.4604,1975.0,0.515,0.602
43447,山都町,6777,6061,0.8943,6397,5242,0.7735,0.352,2384.0,0.394,0.455
08521,八千代町,6489,5800,0.8938,6399,4870,0.7505,0.1885,1218.0,0.211,0.251
33663,久米南町,2025,1810,0.8938,1924,1516,0.7486,0.3584,729.0,0.401,0.479
07405,西会津町,2717,2428,0.8936,2428,2157,0.7939,0.3358,913.0,0.376,0.423
07545,大熊町,84,75,0.8929,84,26,0.3095,0.0765,7.0,0.086,0.247
42212,西海市,9905,8844,0.8929,9126,8001,0.8078,0.4751,4838.0,0.532,0.588
42214,南島原市,16954,15134,0.8927,15475,12862,0.7586,0.4368,7473.0,0.489,0.576
46217,曽於市,13759,12282,0.8927,13065,10684,0.7765,0.3669,5062.0,0.411,0.472
07482,矢祭町,2134,1905,0.8927,1917,1610,0.7545,0.21,447.0,0.235,0.278
08442,美浦村,4692,4188,0.8926,4410,3454,0.7361,0.1616,756.0,0.181,0.22
11361,横瀬町,2626,2344,0.8926,2626,1747,0.6653,0.2305,625.0,0.258,0.347
46532,伊仙町,2323,2073,0.8924,2144,1747,0.752,0.5358,1245.0,0.6,0.712
46525,瀬戸内町,3221,2871,0.8913,2902,2454,0.7619,0.5129,1667.0,0.575,0.673
03208,遠野市,10280,9158,0.8909,9644,7269,0.7071,0.2459,2529.0,0.276,0.348
20416,豊丘村,2107,1877,0.8908,2034,1546,0.7337,0.1665,353.0,0.187,0.227
46530,徳之島町,3317,2954,0.8906,3198,2352,0.7091,0.475,1600.0,0.533,0.67
42321,東彼杵町,2922,2602,0.8905,2828,2180,0.7461,0.4015,1201.0,0.451,0.538
10522,明和町,3300,2938,0.8903,3211,2139,0.6482,0.2322,770.0,0.261,0.358
38386,久万高原町,3662,3260,0.8902,3564,2984,0.8149,0.3665,1340.0,0.412,0.45
18501,若狭町,5093,4533,0.89,4929,3926,0.7709,0.3736,1907.0,0.42,0.485
31364,三朝町,2389,2126,0.8899,2218,1761,0.7371,0.3073,740.0,0.345,0.417
32526,西ノ島町,1262,1123,0.8899,1123,1044,0.8273,0.546,704.0,0.614,0.66
36321,佐那河内村,990,881,0.8899,990,833,0.8414,0.2954,291.0,0.332,0.351
46482,東串良町,2296,2043,0.8898,2296,1901,0.828,0.4093,936.0,0.46,0.494
05464,東成瀬村,1015,903,0.8897,1015,828,0.8158,0.3535,356.0,0.397,0.433
36388,海陽町,3829,3405,0.8893,3659,2880,0.7522,0.4382,1697.0,0.493,0.583
01430,月形町,1374,1221,0.8886,1239,1128,0.821,0.3116,429.0,0.351,0.38
15504,刈羽村,1488,1322,0.8884,1428,1122,0.754,0.1595,225.0,0.18,0.212
12238,いすみ市,15045,13363,0.8882,14166,11474,0.7626,0.2718,4094.0,0.306,0.356
15307,聖籠町,3706,3291,0.888,3693,2910,0.7852,0.1482,551.0,0.167,0.189
09343,茂木町,5090,4517,0.8874,4862,4038,0.7933,0.2577,1308.0,0.29,0.325
19209,北杜市,17615,15631,0.8874,16852,13682,0.7767,0.349,6149.0,0.393,0.449
01432,新十津川町,2653,2354,0.8873,2497,1467,0.553,0.3422,912.0,0.386,0.619
43212,上天草市,9651,8560,0.887,9110,7457,0.7727,0.3707,3826.0,0.418,0.48
03366,西和賀町,2617,2321,0.8869,2321,2209,0.8441,0.2801,734.0,0.316,0.332
04301,蔵王町,4377,3882,0.8869,4060,3418,0.7809,0.2242,979.0,0.253,0.287
28481,上郡町,5451,4834,0.8868,5005,4048,0.7426,0.3498,1908.0,0.394,0.471
39302,奈半利町,1404,1245,0.8868,1245,905,0.6446,0.3658,519.0,0.413,0.567
36404,板野町,4392,3894,0.8866,4392,2643,0.6018,0.3021,1322.0,0.341,0.502
02446,階上町,4266,3781,0.8863,4266,3308,0.7754,0.4686,2006.0,0.529,0.604
15482,津南町,3787,3356,0.8862,3392,2903,0.7666,0.3171,1194.0,0.358,0.414
15342,弥彦村,2497,2212,0.8859,2490,1839,0.7365,0.1477,365.0,0.167,0.201
03461,大槌町,4239,3755,0.8858,4173,3209,0.757,0.2916,1224.0,0.329,0.385
07368,南会津町,6045,5353,0.8855,5558,4893,0.8094,0.3059,1850.0,0.345,0.378
46490,錦江町,3130,2770,0.885,2911,2241,0.716,0.399,1290.0,0.451,0.557
05434,美郷町,7314,6464,0.8838,7189,5776,0.7897,0.3017,2223.0,0.341,0.382
45402,新富町,5223,4616,0.8838,4994,3198,0.6123,0.1994,1048.0,0.226,0.326
12423,長生村,4740,4187,0.8833,4740,3456,0.7291,0.2355,1116.0,0.267,0.323
15385,阿賀町,4944,4366,0.8831,4873,3929,0.7947,0.3037,1502.0,0.344,0.382
21207,美濃市,6961,6147,0.8831,6552,5244,0.7533,0.2576,1796.0,0.292,0.342
09407,那須町,9687,8551,0.8827,9269,7391,0.763,0.2548,2469.0,0.289,0.334
28220,加西市,14149,12488,0.8826,13262,10484,0.741,0.3535,5079.0,0.401,0.477
28223,丹波市,21542,19013,0.8826,20542,15849,0.7357,0.3638,7833.0,0.412,0.494
37406,まんのう町,6671,5885,0.8822,6351,4727,0.7086,0.2088,1387.0,0.237,0.295
08234,鉾田市,15470,13641,0.8818,14517,11656,0.7535,0.2358,3644.0,0.267,0.313
30383,由良町,2082,1835,0.8814,1867,1699,0.816,0.3509,733.0,0.398,0.43
34210,庄原市,14456,12741,0.8814,13318,11196,0.7745,0.2994,4365.0,0.34,0.387
12234,南房総市,16857,14854,0.8812,16047,11899,0.7059,0.314,5306.0,0.356,0.445
46468,大崎町,4896,4314,0.8811,4446,3910,0.7986,0.3972,1934.0,0.451,0.497
03501,軽米町,3526,3105,0.8806,3526,2749,0.7796,0.3188,1123.0,0.362,0.409
17207,羽咋市,8208,7227,0.8805,7717,5251,0.6397,0.2096,1725.0,0.238,0.328
12441,大多喜町,3878,3414,0.8804,3709,2826,0.7287,0.2243,871.0,0.255,0.308
46492,肝付町,5867,5165,0.8803,5558,4430,0.7551,0.3693,2173.0,0.419,0.489
01511,猿払村,617,543,0.8801,562,374,0.6062,0.2933,180.0,0.333,0.484
41210,神埼市,9702,8538,0.88,9027,6424,0.6621,0.2251,2197.0,0.256,0.34
41425,白石町,7987,7028,0.8799,7635,5545,0.6943,0.1926,1538.0,0.219,0.277
40226,宮若市,9660,8494,0.8793,9165,7044,0.7292,0.3303,3185.0,0.376,0.453
16322,上市町,7210,6339,0.8792,6924,5313,0.7369,0.2271,1635.0,0.258,0.308
01363,厚沢部町,1535,1348,0.8782,1535,1226,0.7987,0.295,454.0,0.336,0.369
01519,利尻富士町,928,815,0.8782,850,710,0.7651,0.5339,502.0,0.608,0.698
33214,真庭市,17084,15002,0.8781,15702,12428,0.7275,0.2603,4441.0,0.296,0.358
29441,吉野町,3227,2833,0.8779,3058,2193,0.6796,0.3338,1080.0,0.38,0.491
03524,一戸町,4866,4269,0.8773,4454,3654,0.7509,0.3301,1611.0,0.376,0.44
20481,池田町,3689,3232,0.8761,3664,2868,0.7774,0.2028,752.0,0.231,0.261
24441,多気町,4842,4240,0.8757,4602,3875,0.8003,0.1531,742.0,0.175,0.191
43364,玉東町,1762,1543,0.8757,1657,1138,0.6459,0.2867,525.0,0.327,0.444
20411,下條村,1242,1087,0.8752,1126,991,0.7979,0.1793,223.0,0.205,0.225
23562,東栄町,1455,1273,0.8749,1455,1098,0.7546,0.4176,622.0,0.477,0.553
45209,えびの市,7467,6532,0.8748,6811,5515,0.7386,0.3007,2247.0,0.344,0.407
20384,飯島町,3308,2893,0.8745,3308,2245,0.6787,0.2139,712.0,0.245,0.315
01575,壮瞥町,1239,1083,0.8741,1170,859,0.6933,0.4092,506.0,0.468,0.59
44211,宇佐市,19259,16835,0.8741,18234,14340,0.7446,0.2522,4866.0,0.289,0.339
17384,志賀町,8259,7219,0.8741,7613,6350,0.7689,0.1997,1660.0,0.228,0.26
13361,大島町,2713,2371,0.8739,2416,1770,0.6524,0.5547,1505.0,0.635,0.85
01332,福島町,1791,1565,0.8738,1584,1055,0.5891,0.3866,716.0,0.442,0.656
01401,共和町,1816,1586,0.8733,1772,1301,0.7164,0.3733,682.0,0.427,0.521
40348,久山町,2472,2158,0.873,2245,1345,0.5441,0.2901,717.0,0.332,0.533
42323,波佐見町,4600,4015,0.8728,4367,3124,0.6791,0.3749,1724.0,0.43,0.552
43514,あさぎり町,5639,4922,0.8728,5050,4282,0.7594,0.3048,1717.0,0.349,0.401
03214,八幡平市,9937,8672,0.8727,9082,7695,0.7744,0.2422,2408.0,0.277,0.313
04424,大衡村,1720,1501,0.8727,1720,1255,0.7297,0.1886,322.0,0.216,0.258
21218,本巣市,9842,8588,0.8726,9262,6185,0.6284,0.2477,2487.0,0.284,0.394
13401,八丈町,2801,2444,0.8725,2444,1626,0.5805,0.521,1459.0,0.597,0.897
08236,小美玉市,14485,12637,0.8724,13714,10066,0.6949,0.2085,3069.0,0.239,0.3
28225,朝来市,10340,9020,0.8723,9436,7613,0.7363,0.3767,3899.0,0.432,0.512
42209,対馬市,10523,9178,0.8722,9548,8377,0.7961,0.5007,5502.0,0.574,0.629
21501,坂祝町,2277,1985,0.8718,2192,1780,0.7817,0.2866,646.0,0.329,0.367
03482,山田町,5736,5000,0.8717,5216,3837,0.6689,0.2761,1586.0,0.317,0.413
20407,阿智村,2284,1991,0.8717,2179,1584,0.6935,0.1633,369.0,0.187,0.236
08225,常陸大宮市,14602,12719,0.871,13944,10570,0.7239,0.2668,3903.0,0.306,0.369
19365,身延町,5062,4409,0.871,4635,3829,0.7564,0.34,1722.0,0.39,0.45
21503,川辺町,3312,2884,0.8708,3147,2454,0.7409,0.2703,854.0,0.31,0.365
30366,有田川町,8339,7262,0.8708,7774,6143,0.7367,0.3168,2638.0,0.364,0.43
38506,愛南町,8814,7673,0.8705,8472,6496,0.737,0.325,2906.0,0.373,0.441
36207,美馬市,10933,9515,0.8703,10400,7380,0.675,0.31,3395.0,0.356,0.459
08310,城里町,6787,5906,0.8702,6295,5146,0.7582,0.2181,1478.0,0.251,0.288
19366,南部町,3118,2713,0.8701,3069,2424,0.7774,0.3116,973.0,0.358,0.401
20362,富士見町,5126,4460,0.8701,4577,3731,0.7279,0.2533,1296.0,0.291,0.348
01453,東神楽町,2932,2551,0.8701,2773,1358,0.4632,0.1529,448.0,0.176,0.33
31372,北栄町,5007,4355,0.8698,4860,3334,0.6659,0.2314,1171.0,0.266,0.348
01552,佐呂間町,1921,1670,0.8693,1846,1358,0.7069,0.3212,618.0,0.369,0.454
46220,南さつま市,12960,11262,0.869,12108,9154,0.7063,0.3807,4956.0,0.438,0.539
07461,西郷村,5131,4459,0.869,5006,3789,0.7385,0.2126,1103.0,0.245,0.288
40610,福智町,7981,6934,0.8688,7813,5756,0.7212,0.3056,2465.0,0.352,0.424
03302,葛巻町,2735,2376,0.8687,2546,2090,0.7642,0.3777,1026.0,0.435,0.494
47361,久米島町,2140,1859,0.8687,2014,1555,0.7266,0.392,841.0,0.451,0.54
33623,奈義町,1986,1725,0.8686,1811,1485,0.7477,0.2482,491.0,0.286,0.332
16208,砺波市,14514,12605,0.8685,13912,9841,0.678,0.2119,3093.0,0.244,0.313
07211,田村市,12620,10958,0.8683,12197,9644,0.7642,0.1888,2381.0,0.217,0.247
20446,麻績村,1179,1023,0.8677,1023,859,0.7286,0.234,272.0,0.27,0.321
09342,益子町,7017,6088,0.8676,6729,5077,0.7235,0.2343,1650.0,0.27,0.324
01333,知内町,1639,1422,0.8676,1639,1261,0.7694,0.3336,550.0,0.385,0.434
02321,鰺ヶ沢町,4012,3480,0.8674,3524,2666,0.6645,0.4487,1810.0,0.517,0.675
20562,木島平村,1764,1530,0.8673,1688,1381,0.7829,0.2087,368.0,0.241,0.267
24472,南伊勢町,5675,4922,0.8673,4922,4298,0.7574,0.3523,2067.0,0.406,0.465
20212,大町市,9925,8608,0.8673,9411,6507,0.6556,0.2332,2307.0,0.269,0.356
10384,甘楽町,4285,3714,0.8667,4129,3469,0.8096,0.2042,873.0,0.236,0.252
12237,山武市,17360,15043,0.8665,16638,11886,0.6847,0.1908,3307.0,0.22,0.279
17204,輪島市,11255,9748,0.8661,10209,7791,0.6922,0.3178,3599.0,0.367,0.459
37324,小豆島町,6007,5202,0.866,5281,3971,0.6611,0.3476,2127.0,0.401,0.526
44212,豊後大野市,14880,12873,0.8651,13553,10762,0.7233,0.2694,4012.0,0.311,0.372
03507,洋野町,6263,5416,0.8648,5611,5145,0.8215,0.2748,1724.0,0.318,0.334
01394,蘭越町,1817,1570,0.8641,1803,1218,0.6703,0.3482,637.0,0.403,0.519
07504,浅川町,2054,1774,0.8637,2027,1487,0.724,0.188,386.0,0.218,0.26
32209,雲南市,14418,12451,0.8636,13531,11208,0.7774,0.2238,3228.0,0.259,0.288
46224,伊佐市,10154,8768,0.8635,10093,7768,0.765,0.3899,3964.0,0.452,0.51
27366,岬町,5961,5146,0.8633,5658,3921,0.6578,0.4188,2498.0,0.485,0.637
40447,筑前町,9259,7991,0.8631,9098,5413,0.5846,0.2937,2713.0,0.34,0.502
29442,大淀町,5783,4991,0.863,5231,3603,0.623,0.2607,1508.0,0.302,0.418
16343,朝日町,4955,4270,0.8618,4779,3565,0.7195,0.2602,1285.0,0.302,0.362
08212,常陸太田市,18824,16220,0.8617,17525,14097,0.7489,0.2664,5011.0,0.309,0.356
24562,紀宝町,3854,3321,0.8617,3605,2618,0.6793,0.3246,1255.0,0.377,0.478
25214,米原市,11052,9522,0.8616,10575,8010,0.7248,0.3182,3519.0,0.369,0.439
05206,男鹿市,11797,10162,0.8614,11204,8571,0.7265,0.3914,4622.0,0.454,0.539
28301,猪名川町,9390,8086,0.8611,8418,6431,0.6849,0.3568,3358.0,0.414,0.521
07465,中島村,1460,1257,0.861,1443,1140,0.7808,0.141,209.0,0.164,0.181
06402,白鷹町,4986,4290,0.8604,4539,3756,0.7533,0.2085,1041.0,0.242,0.277
21210,恵那市,16811,14457,0.86,15847,11631,0.6919,0.2905,4897.0,0.338,0.42
24470,度会町,2835,2438,0.86,2645,2001,0.7058,0.1547,438.0,0.18,0.219
21221,海津市,11239,9664,0.8599,10492,8013,0.713,0.2305,2595.0,0.268,0.323
01694,羅臼町,1419,1220,0.8598,1384,983,0.6927,0.2776,412.0,0.323,0.401
43205,水俣市,9519,8184,0.8598,8529,6396,0.6719,0.3304,3180.0,0.384,0.492
21401,揖斐川町,7676,6599,0.8597,7241,5310,0.6918,0.2479,1865.0,0.288,0.358
15224,佐渡市,21531,18505,0.8595,19481,15682,0.7283,0.3268,7166.0,0.38,0.449
43482,芦北町,6984,6002,0.8594,6568,5086,0.7282,0.3425,2406.0,0.399,0.47
36468,つるぎ町,3586,3081,0.8592,3281,2544,0.7094,0.3812,1371.0,0.444,0.537
07501,石川町,5450,4682,0.8591,5181,4194,0.7695,0.2044,1110.0,0.238,0.266
01392,寿都町,1159,995,0.8585,1159,487,0.4202,0.455,531.0,0.53,1.083
25209,甲賀市,24938,21406,0.8584,23918,16554,0.6638,0.3324,8279.0,0.387,0.501
01665,弟子屈町,2871,2464,0.8582,2724,1820,0.6339,0.3346,955.0,0.39,0.528
03402,平泉町,2879,2470,0.8579,2711,1990,0.6912,0.1705,487.0,0.199,0.247
43348,美里町,4395,3770,0.8578,4030,3090,0.7031,0.2859,1262.0,0.333,0.407
10211,安中市,19810,16990,0.8576,18842,12206,0.6162,0.2188,4323.0,0.255,0.355
18442,美浜町,3265,2799,0.8573,3265,2466,0.7553,0.4363,1437.0,0.509,0.578
01343,鹿部町,1516,1299,0.8569,1396,1087,0.717,0.3396,515.0,0.396,0.474
43214,阿蘇市,10032,8596,0.8569,9257,5902,0.5883,0.305,3065.0,0.356,0.518
44208,竹田市,9837,8427,0.8567,8744,7972,0.8104,0.2997,2939.0,0.35,0.37
35343,田布施町,5238,4486,0.8564,4830,3667,0.7001,0.1838,961.0,0.215,0.263
20383,箕輪町,7163,6131,0.8559,6632,4138,0.5777,0.1995,1430.0,0.233,0.345
20323,御代田町,4307,3686,0.8558,3904,2598,0.6032,0.2634,1139.0,0.308,0.437
17386,宝達志水町,4810,4112,0.8549,4524,3603,0.7491,0.1606,770.0,0.188,0.214
21381,神戸町,6010,5138,0.8549,5820,3738,0.622,0.2727,1629.0,0.319,0.438
06322,西川町,2262,1933,0.8546,2054,1664,0.7356,0.2334,528.0,0.273,0.317
26203,綾部市,12316,10525,0.8546,11664,8517,0.6915,0.3552,4374.0,0.416,0.514
22461,森町,6162,5266,0.8546,5806,3599,0.5841,0.2704,1622.0,0.316,0.463
28228,加東市,10979,9382,0.8545,10292,6497,0.5918,0.3778,4064.0,0.442,0.638
28227,宍粟市,12646,10800,0.854,11923,9296,0.7351,0.3317,4195.0,0.388,0.451
33213,赤磐市,14395,12292,0.8539,13654,9340,0.6488,0.2969,4268.0,0.348,0.458
03381,金ケ崎町,4763,4065,0.8535,4447,3258,0.684,0.2443,1164.0,0.286,0.357
03483,岩泉町,3852,3287,0.8533,3481,2788,0.7238,0.3872,1496.0,0.454,0.535
20219,東御市,9343,7969,0.8529,9136,5819,0.6228,0.188,1755.0,0.22,0.302
03210,陸前高田市,7352,6270,0.8528,6925,5081,0.6911,0.2657,1955.0,0.312,0.384
21206,中津川市,25022,21333,0.8526,23068,18365,0.734,0.2996,7485.0,0.351,0.408
31390,伯耆町,4209,3588,0.8525,3969,2639,0.627,0.2315,982.0,0.272,0.369
20413,天龍村,752,641,0.8524,752,502,0.6676,0.4523,331.0,0.531,0.678
39410,日高村,2080,1773,0.8524,1953,1252,0.6019,0.1775,368.0,0.208,0.295
33211,備前市,12666,10795,0.8523,11673,9156,0.7229,0.3337,4248.0,0.391,0.462
01691,別海町,3974,3385,0.8518,3860,2788,0.7016,0.1987,793.0,0.233,0.283
39208,宿毛市,7330,6244,0.8518,7063,5180,0.7067,0.2467,1817.0,0.29,0.349
37364,直島町,989,842,0.8514,989,727,0.7351,0.4062,417.0,0.477,0.553
25384,竜王町,3338,2841,0.8511,3267,2248,0.6735,0.3151,1045.0,0.37,0.468
37208,三豊市,22547,19186,0.8509,20994,15145,0.6717,0.1882,4247.0,0.221,0.28
39202,室戸市,5997,5103,0.8509,5663,4558,0.76,0.3316,2003.0,0.39,0.436
21604,白川村,502,427,0.8506,478,382,0.761,0.3231,162.0,0.38,0.425
12349,東庄町,5162,4389,0.8503,4892,3276,0.6346,0.161,835.0,0.189,0.254
20402,松川町,4339,3689,0.8502,3975,2553,0.5884,0.1488,643.0,0.175,0.253
07408,猪苗代町,5372,4567,0.8501,4910,3988,0.7424,0.2225,1193.0,0.262,0.3
02301,平内町,4111,3494,0.8499,3820,2684,0.6529,0.4603,1917.0,0.542,0.705
18423,越前町,7100,6034,0.8499,6618,5004,0.7048,0.3081,2212.0,0.363,0.437
21361,垂井町,8277,7033,0.8497,7969,5322,0.643,0.2638,2184.0,0.31,0.41
38214,西予市,15451,13123,0.8493,14893,11487,0.7434,0.3573,5566.0,0.421,0.481
43468,氷川町,4278,3633,0.8492,3810,3030,0.7083,0.3066,1318.0,0.361,0.433
08302,茨城町,10953,9289,0.8481,10413,7023,0.6412,0.2245,2466.0,0.265,0.35
41346,みやき町,8866,7518,0.848,8286,5796,0.6537,0.231,2043.0,0.272,0.353
45406,都農町,3856,3266,0.847,3538,2663,0.6906,0.221,848.0,0.261,0.32
26213,南丹市,11142,9436,0.8469,10358,8292,0.7442,0.3756,4183.0,0.443,0.505
28224,南あわじ市,15969,13518,0.8465,14891,10578,0.6624,0.4053,6467.0,0.479,0.612
44210,杵築市,10389,8791,0.8462,9598,7436,0.7158,0.3024,3138.0,0.357,0.422
26465,与謝野町,7509,6347,0.8453,6609,4927,0.6561,0.2956,2230.0,0.35,0.451
28586,新温泉町,5464,4617,0.845,5446,3839,0.7026,0.3772,2061.0,0.446,0.537
25212,高島市,16641,14056,0.8447,15611,11386,0.6842,0.383,6375.0,0.453,0.56
37387,綾川町,8152,6884,0.8445,7592,5631,0.6908,0.1961,1606.0,0.232,0.284
21521,御嵩町,5552,4687,0.8442,5241,3484,0.6275,0.2794,1555.0,0.331,0.445
15226,南魚沼市,18394,15526,0.8441,16986,12501,0.6796,0.2289,4209.0,0.271,0.337
42213,雲仙市,14572,12297,0.8439,13240,9948,0.6827,0.4198,6162.0,0.497,0.615
20485,白馬村,2772,2339,0.8438,2546,1823,0.6576,0.2237,623.0,0.265,0.34
39307,芸西村,1401,1181,0.843,1197,983,0.7016,0.2648,394.0,0.314,0.377
39306,馬路村,305,257,0.8426,257,201,0.659,0.2598,79.0,0.308,0.394
42211,五島市,13775,11603,0.8423,12983,9217,0.6691,0.5258,7363.0,0.624,0.786
40601,香春町,4427,3728,0.8421,4054,3103,0.7009,0.348,1475.0,0.413,0.496
02408,東北町,6365,5360,0.8421,6000,4449,0.699,0.4025,2536.0,0.478,0.576
02303,今別町,1258,1059,0.8418,1258,895,0.7114,0.6002,774.0,0.713,0.844
01405,積丹町,859,723,0.8417,859,537,0.6251,0.454,390.0,0.539,0.726
08223,潮来市,9084,7646,0.8417,8624,5638,0.6207,0.2355,2138.0,0.28,0.379
29212,宇陀市,11794,9921,0.8412,11064,8019,0.6799,0.2947,3476.0,0.35,0.433
46223,南九州市,13267,11157,0.841,12627,9218,0.6948,0.3815,5053.0,0.454,0.549
30208,紀の川市,19370,16289,0.8409,18362,12208,0.6303,0.3035,5903.0,0.361,0.482
19206,大月市,9107,7657,0.8408,8499,6146,0.6749,0.3438,3126.0,0.409,0.509
01395,ニセコ町,1318,1108,0.8407,1318,782,0.5933,0.3547,464.0,0.422,0.598
01409,赤井川村,364,306,0.8407,364,291,0.7995,0.3721,134.0,0.443,0.465
15223,阿賀野市,14034,11798,0.8407,13182,9179,0.6541,0.1349,1891.0,0.161,0.206
22344,小山町,5586,4696,0.8407,5283,3485,0.6239,0.252,1404.0,0.3,0.404
30344,高野町,1202,1010,0.8403,1030,936,0.7787,0.4931,602.0,0.587,0.633
35305,周防大島町,7887,6625,0.84,7552,5780,0.7329,0.3909,3155.0,0.465,0.533
39211,香南市,10513,8831,0.84,9804,6748,0.6419,0.2298,2402.0,0.274,0.358
34215,江田島市,9182,7711,0.8398,8402,6326,0.689,0.4216,4036.0,0.502,0.612
07543,富岡町,480,403,0.8396,426,339,0.7063,0.1029,50.0,0.123,0.146
38488,鬼北町,4521,3795,0.8394,4164,3447,0.7624,0.3608,1634.0,0.43,0.473
01546,清里町,1497,1256,0.839,1392,758,0.5063,0.2503,371.0,0.298,0.494
41345,上峰町,2361,1980,0.8386,2257,882,0.3736,0.2175,527.0,0.259,0.582
40214,豊前市,9140,7665,0.8386,8671,5830,0.6379,0.3462,3160.0,0.413,0.543
32528,隠岐の島町,5517,4626,0.8385,5219,3680,0.667,0.4601,2563.0,0.549,0.69
23445,南知多町,6377,5347,0.8385,6175,4072,0.6385,0.3104,2002.0,0.37,0.486
12443,御宿町,3567,2989,0.838,3241,2316,0.6493,0.3717,1327.0,0.444,0.572
21505,八百津町,4118,3451,0.838,3910,2713,0.6588,0.2777,1138.0,0.331,0.421
29343,三郷町,7453,6245,0.8379,6492,3586,0.4811,0.426,3208.0,0.508,0.885
01585,安平町,2717,2274,0.837,2644,1734,0.6382,0.295,800.0,0.352,0.462
25383,日野町,6416,5368,0.8367,6183,5050,0.7871,0.3124,2007.0,0.373,0.397
03303,岩手町,4901,4100,0.8366,4539,3347,0.6829,0.2835,1388.0,0.339,0.415
08231,桜川市,13516,11301,0.8361,13020,9169,0.6784,0.1859,2496.0,0.222,0.274
21220,下呂市,12299,10283,0.8361,11163,8660,0.7041,0.3569,4389.0,0.427,0.507
01607,浦河町,4080,3410,0.8358,3966,2219,0.5439,0.3375,1383.0,0.404,0.621
09215,那須烏山市,9306,7774,0.8354,9044,6674,0.7172,0.2537,2368.0,0.304,0.354
23563,豊根村,528,441,0.8352,528,423,0.8011,0.3597,192.0,0.431,0.449
20385,南箕輪村,3712,3099,0.8349,3601,2206,0.5943,0.1957,724.0,0.234,0.329
15217,妙高市,11328,9456,0.8347,10579,6988,0.6169,0.2241,2537.0,0.268,0.363
40448,東峰村,875,730,0.8343,730,727,0.8309,0.3386,294.0,0.406,0.408
36204,阿南市,23026,19208,0.8342,21567,14316,0.6217,0.2825,6535.0,0.339,0.454
46206,阿久根市,8032,6700,0.8342,7824,5164,0.6429,0.3428,2760.0,0.411,0.533
33210,新見市,11614,9687,0.8341,10756,8343,0.7184,0.3528,4095.0,0.423,0.491
11348,鳩山町,6260,5220,0.8339,5703,4027,0.6433,0.2604,1621.0,0.312,0.405
25443,多賀町,2474,2063,0.8339,2233,1669,0.6746,0.341,840.0,0.409,0.505
28381,稲美町,9717,8101,0.8337,8990,5781,0.5949,0.3489,3390.0,0.418,0.586
29361,川西町,2826,2355,0.8333,2398,1828,0.6469,0.3123,877.0,0.375,0.483
01465,剣淵町,1199,999,0.8332,1199,763,0.6364,0.3441,412.0,0.413,0.541
13308,奥多摩町,2410,2008,0.8332,2103,1876,0.7784,0.5383,1297.0,0.646,0.692
07522,小野町,3390,2824,0.833,3175,2308,0.6808,0.2032,688.0,0.244,0.298
32205,大田市,13196,10991,0.8329,11908,9328,0.7069,0.3334,4422.0,0.4,0.472
08226,那珂市,17234,14353,0.8328,16353,10747,0.6236,0.255,4385.0,0.306,0.409
43444,甲佐町,3986,3319,0.8327,3502,2916,0.7316,0.2339,933.0,0.281,0.32
02412,おいらせ町,6677,5557,0.8323,6319,4248,0.6362,0.353,2355.0,0.424,0.555
07502,玉川村,2024,1684,0.832,1895,1618,0.7994,0.1126,228.0,0.135,0.141
01398,喜茂別町,802,667,0.8317,780,411,0.5125,0.3893,313.0,0.468,0.76
21341,養老町,9198,7648,0.8315,9124,6537,0.7107,0.2159,1978.0,0.26,0.304
31328,智頭町,2802,2330,0.8315,2627,2092,0.7466,0.2739,767.0,0.329,0.367
15227,胎内市,10267,8533,0.8311,9872,6660,0.6487,0.198,2031.0,0.238,0.305
11383,神川町,4409,3664,0.831,3997,2527,0.5731,0.2009,880.0,0.242,0.35
40402,鞍手町,5932,4926,0.8304,5315,4031,0.6795,0.2871,1698.0,0.346,0.422
01483,苫前町,1190,988,0.8303,1190,660,0.5546,0.4327,513.0,0.521,0.78
08230,かすみがうら市,12836,10657,0.8302,12066,7299,0.5686,0.2367,3025.0,0.285,0.416
46392,さつま町,8444,7009,0.8301,7548,5759,0.682,0.3899,3293.0,0.47,0.572
01632,士幌町,1959,1626,0.83,1913,1316,0.6718,0.245,475.0,0.295,0.365
06361,金山町,1876,1557,0.83,1846,1418,0.7559,0.2172,408.0,0.262,0.287
27382,河南町,4884,4053,0.8299,4527,2993,0.6128,0.4566,2238.0,0.55,0.745
36208,三好市,10896,9040,0.8297,9915,7575,0.6952,0.3613,3927.0,0.436,0.52
08542,五霞町,2725,2259,0.829,2705,1673,0.6139,0.2306,630.0,0.278,0.376
42207,平戸市,11996,9945,0.829,10863,8546,0.7124,0.4573,5557.0,0.552,0.642
06365,大蔵村,1180,978,0.8288,1134,903,0.7653,0.2358,280.0,0.285,0.308
40227,嘉麻市,14331,11875,0.8286,13357,8827,0.6159,0.3204,4595.0,0.387,0.52
31384,日吉津村,980,812,0.8286,871,400,0.4082,0.2011,198.0,0.243,0.493
20213,飯山市,7434,6159,0.8285,6982,4811,0.6472,0.2062,1535.0,0.249,0.319
01520,幌延町,682,565,0.8284,597,455,0.6672,0.2622,179.0,0.316,0.393
01345,森町,5520,4572,0.8283,5047,3116,0.5645,0.278,1538.0,0.336,0.492
08216,笠間市,23406,19387,0.8283,22194,14644,0.6257,0.261,6114.0,0.315,0.417
01559,湧別町,3246,2688,0.8281,3174,2003,0.6171,0.279,906.0,0.337,0.452
39206,須崎市,8368,6929,0.828,7801,4720,0.5641,0.263,2198.0,0.318,0.466
01550,置戸町,1255,1039,0.8279,1085,794,0.6327,0.2935,365.0,0.354,0.464
12410,横芝光町,8317,6885,0.8278,7891,5059,0.6083,0.2045,1696.0,0.247,0.336
43432,西原村,2014,1667,0.8277,1847,1291,0.641,0.1907,386.0,0.23,0.298
03321,紫波町,10110,8363,0.8272,9536,6711,0.6638,0.1676,1691.0,0.203,0.253
01464,和寒町,1411,1167,0.8271,1307,534,0.3785,0.3369,476.0,0.407,0.89
08215,北茨城市,14335,11855,0.827,13298,9036,0.6303,0.2883,4133.0,0.349,0.457
40647,築上町,6564,5428,0.8269,6436,3942,0.6005,0.3552,2332.0,0.429,0.591
16321,舟橋村,551,455,0.8258,551,376,0.6824,0.2735,173.0,0.331,0.401
46221,志布志市,10548,8711,0.8258,9721,7098,0.6729,0.3655,3842.0,0.443,0.543
03209,一関市,41318,34114,0.8256,37190,28746,0.6957,0.2211,9134.0,0.268,0.318
16342,入善町,8746,7220,0.8255,8380,6087,0.696,0.2419,2124.0,0.293,0.348
23561,設楽町,2268,1872,0.8254,2176,1464,0.6455,0.349,790.0,0.423,0.541
01370,今金町,2078,1715,0.8253,2078,1311,0.6309,0.3674,767.0,0.445,0.582
06382,川西町,5676,4684,0.8252,5406,4137,0.7289,0.1745,991.0,0.211,0.239
29362,三宅町,2306,1903,0.8252,2306,1422,0.6167,0.4132,963.0,0.501,0.67
07547,浪江町,576,475,0.8247,531,322,0.559,0.058,33.0,0.07,0.104
01517,礼文町,843,695,0.8244,703,691,0.8197,0.5373,489.0,0.652,0.655
21219,郡上市,14608,12042,0.8243,13534,9973,0.6827,0.2994,4375.0,0.363,0.439
06401,小国町,2882,2375,0.8241,2609,2088,0.7245,0.3347,965.0,0.406,0.462
01452,鷹栖町,2293,1889,0.8238,2031,1368,0.5966,0.2716,617.0,0.33,0.455
47355,粟国村,244,201,0.8238,244,120,0.4918,0.6207,154.0,0.753,1.262
07447,会津美里町,7528,6200,0.8236,7152,4883,0.6486,0.2033,1530.0,0.247,0.313
06461,遊佐町,5489,4520,0.8235,4731,4149,0.7559,0.2227,1227.0,0.27,0.295
03207,久慈市,11025,9079,0.8235,10220,7447,0.6755,0.3157,3475.0,0.383,0.467
29402,明日香村,2135,1758,0.8234,1992,1214,0.5686,0.3199,682.0,0.388,0.563
25425,愛荘町,4595,3783,0.8233,4464,3128,0.6807,0.3091,1420.0,0.375,0.454
01581,厚真町,1618,1332,0.8232,1548,1020,0.6304,0.323,521.0,0.392,0.512
37322,土庄町,5453,4488,0.823,4768,3094,0.5674,0.3266,1805.0,0.397,0.576
20450,山形村,2454,2019,0.8227,2387,1833,0.7469,0.1593,388.0,0.194,0.213
33209,高梁市,11925,9807,0.8224,11308,8438,0.7076,0.4531,5394.0,0.551,0.64
04324,川崎町,3213,2642,0.8223,3099,2165,0.6738,0.2015,647.0,0.245,0.299
31302,岩美町,4036,3318,0.8221,3672,2986,0.7398,0.2587,1049.0,0.315,0.35
04444,色麻町,2339,1922,0.8217,2262,1588,0.6789,0.1791,420.0,0.218,0.264
37341,三木町,8429,6921,0.8211,7840,5165,0.6128,0.2428,2050.0,0.296,0.396
43506,湯前町,1609,1321,0.821,1468,1111,0.6905,0.3209,514.0,0.391,0.465
02384,鶴田町,4562,3744,0.8207,4272,3270,0.7168,0.4164,1905.0,0.507,0.581
02210,平川市,10779,8845,0.8206,10035,6612,0.6134,0.3695,3982.0,0.45,0.602
05463,羽後町,5438,4459,0.82,5012,4133,0.76,0.3173,1725.0,0.387,0.418
43215,天草市,30138,24709,0.8199,26589,21462,0.7121,0.3836,11897.0,0.468,0.539
46213,西之表市,5587,4579,0.8196,5233,4098,0.7335,0.4407,2467.0,0.538,0.601
07214,本宮市,8582,7028,0.8189,8049,4980,0.5803,0.173,1484.0,0.211,0.298
40605,川崎町,5917,4840,0.818,5402,3734,0.6311,0.328,1946.0,0.401,0.52
11347,吉見町,6138,5020,0.8179,5893,4367,0.7115,0.1954,1201.0,0.239,0.275
29443,下市町,2352,1923,0.8176,2270,1295,0.5506,0.3417,806.0,0.418,0.621
01471,中川町,586,479,0.8174,516,358,0.6109,0.3365,200.0,0.412,0.551
32204,益田市,17014,13901,0.817,15271,10462,0.6149,0.3179,5410.0,0.389,0.517
04362,山元町,4944,4039,0.8169,4823,3049,0.6167,0.2718,1344.0,0.333,0.441
01641,大樹町,1976,1614,0.8168,1838,1266,0.6407,0.2798,555.0,0.343,0.437
01456,愛別町,1206,985,0.8167,1069,871,0.7222,0.3009,363.0,0.368,0.417
46215,薩摩川内市,29684,24244,0.8167,28141,18302,0.6166,0.3634,10793.0,0.445,0.589
35211,長門市,14159,11562,0.8166,12907,10101,0.7134,0.2653,3799.0,0.325,0.372
01608,様似町,1703,1390,0.8162,1484,1011,0.5937,0.2784,476.0,0.341,0.469
12235,匝瑳市,12707,10371,0.8162,11448,7661,0.6029,0.1815,2283.0,0.222,0.301
31371,琴浦町,6028,4920,0.8162,5532,3975,0.6594,0.2327,1403.0,0.285,0.353
33461,矢掛町,5189,4233,0.8158,4683,3769,0.7263,0.2851,1485.0,0.35,0.393
20220,安曇野市,29858,24343,0.8153,27389,18453,0.618,0.2105,6302.0,0.258,0.341
01396,真狩村,698,569,0.8152,659,472,0.6762,0.2859,202.0,0.351,0.423
45205,小林市,16233,13233,0.8152,15337,10957,0.675,0.2768,4492.0,0.34,0.41
01367,奥尻町,973,793,0.815,871,695,0.7143,0.4681,467.0,0.574,0.655
33216,浅口市,11949,9735,0.8147,11047,6857,0.5739,0.3111,3748.0,0.382,0.542
40229,みやま市,13587,11068,0.8146,12143,8951,0.6588,0.2915,4007.0,0.358,0.442
45208,西都市,10829,8820,0.8145,9829,7368,0.6804,0.254,2750.0,0.312,0.373
20422,上松町,1763,1436,0.8145,1698,1215,0.6892,0.319,559.0,0.392,0.463
05303,小坂町,2149,1750,0.8143,1941,1498,0.6971,0.3896,836.0,0.478,0.559
07210,二本松市,18377,14965,0.8143,16663,11839,0.6442,0.2031,3739.0,0.249,0.315
30381,美浜町,2580,2101,0.8143,2508,1652,0.6403,0.3215,825.0,0.395,0.502
01362,上ノ国町,1859,1513,0.8139,1647,1337,0.7192,0.4079,762.0,0.501,0.567
36489,東みよし町,4986,4057,0.8137,4440,2691,0.5397,0.2938,1460.0,0.361,0.544
41401,有田町,6718,5466,0.8136,6201,3704,0.5514,0.2352,1580.0,0.289,0.427
02406,横浜町,1678,1365,0.8135,1678,1048,0.6246,0.5247,887.0,0.645,0.84
17463,能登町,7742,6298,0.8135,6928,5357,0.6919,0.2416,1911.0,0.297,0.349
37207,東かがわ市,11939,9709,0.8132,11278,6660,0.5578,0.2619,3140.0,0.322,0.469
05207,湯沢市,16927,13761,0.813,15523,10828,0.6397,0.3325,5627.0,0.409,0.52
02442,五戸町,6457,5246,0.8125,6173,4500,0.6969,0.4024,2602.0,0.495,0.577
03213,二戸市,9511,7728,0.8125,8837,6207,0.6526,0.2944,2800.0,0.362,0.451
16209,小矢部市,10841,8805,0.8122,10572,6608,0.6095,0.1928,2086.0,0.237,0.316
22219,下田市,8489,6895,0.8122,7165,5811,0.6845,0.3778,3224.0,0.465,0.552
01584,洞爺湖町,3663,2974,0.8119,3496,2356,0.6432,0.4112,1513.0,0.506,0.639
01649,浦幌町,1844,1497,0.8118,1763,1068,0.5792,0.1801,336.0,0.222,0.311
01586,むかわ町,3110,2524,0.8116,2870,1863,0.599,0.2758,861.0,0.34,0.46
12239,大網白里市,15743,12773,0.8113,14407,9634,0.612,0.2639,4162.0,0.325,0.431
01549,訓子府町,1817,1474,0.8112,1751,1147,0.6313,0.2449,448.0,0.302,0.388
16323,立山町,8302,6733,0.811,7799,5161,0.6217,0.2459,2034.0,0.303,0.396
35210,光市,17773,14397,0.81,17061,10310,0.5801,0.2223,3965.0,0.274,0.383
25442,甲良町,2107,1706,0.8097,1835,1228,0.5828,0.2879,610.0,0.356,0.494
34209,三次市,18556,15008,0.8088,16317,12363,0.6663,0.269,4959.0,0.333,0.404
03441,住田町,2288,1850,0.8086,2149,1744,0.7622,0.2879,658.0,0.356,0.378
32206,安来市,13834,11181,0.8082,13276,8851,0.6398,0.2208,3055.0,0.273,0.345
47353,渡嘉敷村,146,118,0.8082,118,114,0.7808,0.5116,75.0,0.633,0.655
45382,国富町,6861,5543,0.8079,5940,4490,0.6544,0.2377,1629.0,0.294,0.363
05212,大仙市,29923,24164,0.8075,27307,19674,0.6575,0.3171,9471.0,0.393,0.482
10208,渋川市,26290,21220,0.8072,24766,15186,0.5776,0.1868,4910.0,0.231,0.323
12218,勝浦市,7261,5860,0.8071,6702,4788,0.6594,0.381,2777.0,0.472,0.578
43428,高森町,2498,2015,0.8066,2120,1383,0.5536,0.3346,837.0,0.415,0.604
02361,藤崎町,4766,3843,0.8063,4414,2200,0.4616,0.3751,1799.0,0.465,0.813
11363,長瀞町,2698,2175,0.8062,2463,1765,0.6542,0.1996,538.0,0.248,0.305
20403,高森町,4176,3364,0.8056,3866,2604,0.6236,0.1894,788.0,0.235,0.304
46505,屋久島町,4283,3449,0.8053,3833,2746,0.6411,0.4741,2046.0,0.589,0.739
35344,平生町,5123,4125,0.8052,4753,3777,0.7373,0.2178,1119.0,0.27,0.295
26212,京丹後市,19245,15489,0.8048,16993,12407,0.6447,0.2928,5649.0,0.364,0.454
29446,天川村,602,484,0.804,562,378,0.6279,0.3564,213.0,0.443,0.568
05209,鹿角市,11838,9515,0.8038,11173,6953,0.5873,0.3714,4398.0,0.462,0.632
43208,山鹿市,18611,14955,0.8036,17040,11869,0.6377,0.2967,5519.0,0.369,0.465
24211,鳥羽市,6702,5385,0.8035,5868,4445,0.6632,0.3087,2125.0,0.384,0.465
36205,吉野川市,14661,11776,0.8032,13031,8705,0.5938,0.3087,4528.0,0.384,0.52
32501,津和野町,3348,2688,0.8029,2713,2390,0.7139,0.4121,1375.0,0.513,0.577
38356,上島町,2881,2312,0.8025,2765,2088,0.7247,0.4907,1449.0,0.611,0.677
41206,武雄市,15076,12097,0.8024,13068,9656,0.6405,0.2066,3112.0,0.257,0.323
30401,白浜町,7978,6399,0.8021,7198,4937,0.6188,0.3979,3190.0,0.496,0.643
20561,山ノ内町,4766,3821,0.8017,4280,2824,0.5925,0.2448,1166.0,0.305,0.413
15361,田上町,4219,3382,0.8016,3797,2035,0.4823,0.1931,817.0,0.241,0.4
38207,大洲市,14911,11949,0.8014,13596,9210,0.6177,0.2849,4261.0,0.356,0.461
07213,伊達市,20901,16747,0.8013,19266,12094,0.5786,0.2008,4219.0,0.251,0.347
06364,真室川町,3015,2415,0.801,2752,2339,0.7758,0.2,601.0,0.25,0.258
20563,野沢温泉村,1256,1006,0.801,1256,843,0.6712,0.2874,361.0,0.359,0.428
06428,庄内町,7590,6079,0.8009,7191,4913,0.6473,0.2049,1553.0,0.256,0.317
43213,宇城市,19992,15995,0.8001,18444,11271,0.5638,0.285,5677.0,0.356,0.506
08214,高萩市,9916,7931,0.7998,8909,4970,0.5012,0.2918,2889.0,0.365,0.582
03203,大船渡市,13050,10434,0.7995,11916,7213,0.5527,0.2456,3206.0,0.307,0.444
12223,鴨川市,12310,9841,0.7994,11616,7680,0.6239,0.3432,4247.0,0.429,0.55
01646,本別町,2759,2205,0.7992,2487,1780,0.6452,0.2722,750.0,0.341,0.422
35204,萩市,19372,15479,0.799,16832,11497,0.5935,0.2666,5229.0,0.334,0.449
06212,尾花沢市,6225,4971,0.7986,5395,4412,0.7088,0.1936,1206.0,0.242,0.273
19207,韮崎市,8880,7089,0.7983,8314,5600,0.6306,0.2729,2430.0,0.342,0.433
12236,香取市,26660,21280,0.7982,24031,16425,0.6161,0.1728,4607.0,0.216,0.28
08211,常総市,18333,14628,0.7979,16003,11069,0.6038,0.2201,4032.0,0.276,0.365
07483,塙町,3171,2528,0.7972,2929,2330,0.7348,0.2009,642.0,0.252,0.273
28226,淡路市,16120,12849,0.7971,14264,9429,0.5849,0.4573,7439.0,0.574,0.782
44207,津久見市,7097,5654,0.7967,6763,4455,0.6277,0.3112,2252.0,0.391,0.496
32207,江津市,9012,7179,0.7966,8263,5346,0.5932,0.3404,3067.0,0.427,0.574
04212,登米市,27022,21512,0.7961,25321,17952,0.6643,0.2047,5518.0,0.257,0.308
28229,たつの市,22955,18275,0.7961,21363,14078,0.6133,0.3235,7427.0,0.406,0.527
04213,栗原市,26139,20806,0.796,23738,16870,0.6454,0.2297,6018.0,0.289,0.356
19425,山中湖村,1767,1406,0.7957,1725,1197,0.6774,0.1925,333.0,0.242,0.284
21383,安八町,4112,3271,0.7955,3707,2231,0.5426,0.1973,811.0,0.248,0.364
09214,さくら市,11715,9318,0.7954,11198,6848,0.5845,0.2781,3263.0,0.35,0.476
29345,安堵町,2331,1854,0.7954,2331,1208,0.5182,0.4515,1149.0,0.568,0.871
01459,美瑛町,3763,2992,0.7951,2992,2126,0.565,0.2851,1069.0,0.359,0.505
05215,仙北市,10534,8373,0.7949,9069,6827,0.6481,0.3384,3565.0,0.426,0.522
10382,下仁田町,3336,2651,0.7947,3028,1915,0.574,0.1895,633.0,0.238,0.33
28218,小野市,13857,11008,0.7944,13093,8829,0.6372,0.3612,5000.0,0.455,0.567
01436,雨竜町,1015,806,0.7941,1015,656,0.6463,0.2476,250.0,0.312,0.383
20482,松川村,3298,2618,0.7938,3223,2053,0.6225,0.1945,643.0,0.245,0.312
45207,串間市,7187,5704,0.7937,5806,4579,0.6371,0.3103,2232.0,0.391,0.487
01334,木古内町,1895,1504,0.7937,1535,995,0.5251,0.3021,576.0,0.381,0.575
24215,志摩市,18709,14850,0.7937,17149,11650,0.6227,0.2871,5403.0,0.362,0.461
07542,楢葉町,1388,1101,0.7932,1290,917,0.6607,0.1919,266.0,0.242,0.29
08228,坂東市,15781,12514,0.793,13979,9726,0.6163,0.1934,3050.0,0.244,0.314
45204,日南市,19556,15508,0.793,17534,11155,0.5704,0.2943,5769.0,0.371,0.516
04581,女川町,2336,1852,0.7928,2065,1099,0.4705,0.3776,881.0,0.476,0.803
11365,小鹿野町,4241,3362,0.7927,3831,2750,0.6484,0.218,926.0,0.275,0.336
26344,宇治田原町,2681,2125,0.7926,2320,1489,0.5554,0.2447,657.0,0.309,0.441
01454,当麻町,2669,2115,0.7924,2209,1489,0.5579,0.2834,754.0,0.358,0.508
18404,南越前町,3747,2968,0.7921,3590,2797,0.7465,0.296,1115.0,0.374,0.397
24210,亀山市,12762,10105,0.7918,11436,6961,0.5454,0.2322,2966.0,0.293,0.426
20210,駒ヶ根市,9953,7879,0.7916,8980,5484,0.551,0.2029,2013.0,0.256,0.368
33212,瀬戸内市,12378,9794,0.7912,11393,6990,0.5647,0.3186,3957.0,0.403,0.564
20521,坂城町,5054,3996,0.7907,4724,2028,0.4013,0.1884,945.0,0.238,0.469
05368,大潟村,954,754,0.7904,840,546,0.5723,0.2943,281.0,0.372,0.514
30341,かつらぎ町,6515,5149,0.7903,5717,3759,0.577,0.328,2108.0,0.415,0.569
14361,中井町,3294,2603,0.7902,3192,1965,0.5965,0.2906,960.0,0.368,0.487
21362,関ケ原町,2646,2091,0.7902,2646,1710,0.6463,0.318,842.0,0.402,0.492
07308,川俣町,5064,4000,0.7899,4649,2921,0.5768,0.2128,1085.0,0.269,0.369
46216,日置市,16604,13116,0.7899,14724,10516,0.6333,0.3346,5563.0,0.424,0.528
28213,西脇市,12971,10244,0.7898,12229,7530,0.5805,0.3176,4120.0,0.402,0.547
47303,東村,585,462,0.7897,507,251,0.4291,0.2803,165.0,0.355,0.653
39204,南国市,14857,11732,0.7897,14250,8923,0.6006,0.2081,3091.0,0.264,0.347
32441,川本町,1458,1151,0.7894,1304,974,0.668,0.3667,525.0,0.465,0.549
05211,潟上市,11220,8854,0.7891,10723,6458,0.5756,0.3696,4147.0,0.468,0.642
01601,日高町,4081,3217,0.7883,3951,2745,0.6726,0.3211,1304.0,0.407,0.477
07205,白河市,17597,13872,0.7883,15224,9579,0.5444,0.2219,3893.0,0.281,0.408
20217,佐久市,30208,23811,0.7882,27087,16118,0.5336,0.2291,6912.0,0.291,0.429
01547,小清水町,1765,1391,0.7881,1765,1081,0.6125,0.2336,414.0,0.296,0.381
46208,出水市,17328,13650,0.7877,15590,9331,0.5385,0.3364,5844.0,0.427,0.625
10421,中之条町,6302,4963,0.7875,5755,3838,0.609,0.2516,1584.0,0.32,0.413
26365,和束町,1651,1300,0.7874,1404,1104,0.6687,0.2549,422.0,0.324,0.381
20214,茅野市,17045,13419,0.7873,15585,9775,0.5735,0.2534,4324.0,0.322,0.442
12403,九十九里町,5958,4689,0.787,5519,3282,0.5509,0.2202,1304.0,0.28,0.4
11346,川島町,6965,5481,0.7869,6498,4166,0.5981,0.2153,1501.0,0.274,0.36
01555,遠軽町,7236,5693,0.7868,6581,3312,0.4577,0.3184,2302.0,0.405,0.696
35212,柳井市,11902,9363,0.7867,10693,7071,0.5941,0.2611,3134.0,0.332,0.44
01218,赤平市,4661,3666,0.7865,4159,2926,0.6278,0.3811,1779.0,0.485,0.607
44213,由布市,11177,8789,0.7863,9553,7163,0.6409,0.2565,2872.0,0.326,0.4
23221,新城市,16026,12592,0.7857,15110,9629,0.6008,0.2648,4245.0,0.337,0.441
06324,大江町,3035,2384,0.7855,3035,1903,0.627,0.225,683.0,0.286,0.359
39402,佐川町,5039,3957,0.7853,4408,3192,0.6335,0.2208,1117.0,0.281,0.349
25203,長浜市,32353,25402,0.7852,28925,20057,0.6199,0.3068,9925.0,0.391,0.495
01642,広尾町,2519,1978,0.7852,2296,1618,0.6423,0.2845,716.0,0.362,0.443
37206,さぬき市,17336,13608,0.785,15848,10739,0.6195,0.2545,4420.0,0.324,0.411
40220,宗像市,28248,22140,0.7838,24985,13893,0.4918,0.3466,9801.0,0.442,0.705
30362,広川町,2390,1872,0.7833,2390,1325,0.5544,0.3671,886.0,0.469,0.662
28221,丹波篠山市,13870,10861,0.7831,12451,8628,0.6221,0.3885,5385.0,0.496,0.625
01514,枝幸町,2687,2103,0.7827,2485,1538,0.5724,0.2659,717.0,0.34,0.465
43206,玉名市,22020,17235,0.7827,19813,13731,0.6236,0.2886,6345.0,0.369,0.463
12421,一宮町,3860,3021,0.7826,3544,1977,0.5122,0.3002,1168.0,0.384,0.586
34212,東広島市,45688,35743,0.7823,42058,27416,0.6001,0.3309,15134.0,0.423,0.551
39203,安芸市,6643,5197,0.7823,5417,4161,0.6264,0.2816,1869.0,0.36,0.45
33207,井原市,14335,11212,0.7821,12444,8766,0.6115,0.3062,4396.0,0.392,0.501
24212,熊野市,7072,5530,0.782,6435,3613,0.5109,0.3806,2707.0,0.487,0.745
43505,多良木町,3844,3006,0.782,3543,2429,0.6319,0.3159,1225.0,0.404,0.5
01485,初山別村,417,326,0.7818,389,281,0.6739,0.419,176.0,0.536,0.622
30391,みなべ町,3932,3072,0.7813,3603,2608,0.6633,0.3082,1211.0,0.394,0.465
44341,日出町,8453,6603,0.7811,7490,4922,0.5823,0.2581,2196.0,0.33,0.443
10210,富岡市,16323,12746,0.7809,14822,7473,0.4578,0.1978,3230.0,0.253,0.432
40604,糸田町,3177,2481,0.7809,2864,2147,0.6758,0.3614,1162.0,0.463,0.535
09210,大田原市,20792,16233,0.7807,18788,12106,0.5822,0.2852,5910.0,0.365,0.49
24208,名張市,24768,19329,0.7804,23057,14749,0.5955,0.2519,6257.0,0.323,0.423
41209,嬉野市,9203,7181,0.7803,8095,5708,0.6202,0.2263,2086.0,0.29,0.365
44462,玖珠町,5519,4304,0.7799,5017,3588,0.6501,0.2604,1439.0,0.334,0.401
24216,伊賀市,29010,22622,0.7798,26031,18404,0.6344,0.2474,7157.0,0.317,0.39
40225,うきは市,9863,7690,0.7797,9147,5669,0.5748,0.2665,2632.0,0.342,0.464
05361,五城目町,4099,3195,0.7795,3574,2684,0.6548,0.4078,1647.0,0.523,0.623
01482,小平町,1201,936,0.7794,1201,623,0.5187,0.4315,518.0,0.554,0.832
43210,菊池市,15728,12256,0.7792,15087,9927,0.6312,0.2802,4429.0,0.36,0.444
21215,山県市,9147,7123,0.7787,8262,5647,0.6174,0.2487,2267.0,0.319,0.403
16210,南砺市,18795,14633,0.7786,15974,12498,0.665,0.207,3881.0,0.266,0.311
01668,白糠町,3038,2364,0.7781,2883,1852,0.6096,0.2794,856.0,0.359,0.458
28208,相生市,10401,8093,0.7781,9753,5594,0.5378,0.3574,3722.0,0.459,0.665
30390,印南町,2849,2215,0.7775,2616,1956,0.6866,0.38,1085.0,0.489,0.554
01609,えりも町,1432,1113,0.7772,1309,1091,0.7619,0.2813,405.0,0.362,0.369
46214,垂水市,5852,4543,0.7763,5440,3676,0.6282,0.3933,2320.0,0.507,0.626
22306,西伊豆町,3557,2761,0.7762,3019,2066,0.5808,0.4508,1647.0,0.581,0.776
19429,鳴沢村,959,744,0.7758,918,438,0.4567,0.2129,204.0,0.274,0.466
02445,南部町,6715,5209,0.7757,6253,4084,0.6082,0.4104,2760.0,0.529,0.675
03215,奥州市,39989,31012,0.7755,35968,23548,0.5889,0.2069,8275.0,0.267,0.351
06362,最上町,3260,2526,0.7748,3046,2168,0.665,0.2315,755.0,0.299,0.348
05213,北秋田市,13440,10412,0.7747,12159,8792,0.6542,0.4026,5410.0,0.52,0.615
23232,愛西市,19481,15088,0.7745,16998,10238,0.5255,0.2981,5721.0,0.385,0.567
37205,観音寺市,19418,15039,0.7745,17136,9895,0.5096,0.2174,4225.0,0.281,0.427
15225,魚沼市,12898,9987,0.7743,10682,7419,0.5752,0.2383,3074.0,0.308,0.414
41424,江北町,2731,2114,0.7741,2617,1749,0.6404,0.2113,575.0,0.273,0.33
09206,日光市,27850,21543,0.7735,24704,15540,0.558,0.2768,7709.0,0.358,0.496
19212,上野原市,8252,6381,0.7733,7063,4100,0.4968,0.3461,2857.0,0.448,0.697
01644,池田町,2725,2105,0.7725,2419,1562,0.5732,0.2652,727.0,0.343,0.463
23231,田原市,16707,12904,0.7724,15295,9447,0.5655,0.2694,4498.0,0.349,0.476
40381,芦屋町,4336,3349,0.7724,3684,2164,0.4991,0.3332,1454.0,0.431,0.668
06381,高畠町,7594,5864,0.7722,6711,4569,0.6017,0.1939,1473.0,0.251,0.322
39341,本山町,1563,1206,0.7716,1310,890,0.5694,0.3137,489.0,0.407,0.551
03205,花巻市,32251,24882,0.7715,28641,18964,0.588,0.1974,6361.0,0.256,0.336
21205,関市,26047,20059,0.7701,23856,14528,0.5578,0.2629,6836.0,0.341,0.471
41204,多久市,6743,5191,0.7698,6161,3982,0.5905,0.2285,1543.0,0.297,0.387
08222,鹿嶋市,20718,15947,0.7697,19451,10618,0.5125,0.2993,6207.0,0.389,0.584
18322,永平寺町,5624,4326,0.7692,4751,3461,0.6154,0.4179,2357.0,0.543,0.679
19346,市川三郷町,5521,4247,0.7692,5037,2765,0.5008,0.305,1685.0,0.397,0.609
27321,豊能町,8626,6634,0.7691,7353,4573,0.5301,0.2968,2572.0,0.386,0.56
30406,すさみ町,1782,1370,0.7688,1558,1252,0.7026,0.4124,740.0,0.536,0.587
32202,浜田市,19395,14891,0.7678,17868,11741,0.6054,0.3446,6702.0,0.449,0.569
01438,沼田町,1242,953,0.7673,1065,852,0.686,0.3242,402.0,0.423,0.473
17211,能美市,12659,9712,0.7672,11642,5673,0.4481,0.1783,2262.0,0.232,0.398
15210,十日町市,19842,15215,0.7668,17751,11357,0.5724,0.2425,4810.0,0.316,0.424
16207,黒部市,12506,9588,0.7667,11307,6806,0.5442,0.2462,3081.0,0.321,0.452
20209,伊那市,20668,15846,0.7667,18680,12028,0.582,0.1978,4087.0,0.258,0.34
31325,若桜町,1393,1068,0.7667,1068,1005,0.7215,0.2863,399.0,0.373,0.397
09211,矢板市,10323,7911,0.7663,8876,6357,0.6158,0.2499,2583.0,0.326,0.406
33205,笠岡市,16998,13025,0.7663,15075,10251,0.6031,0.3198,5457.0,0.417,0.53
12226,富津市,16068,12312,0.7662,14542,9076,0.5648,0.2714,4375.0,0.354,0.481
01433,妹背牛町,1274,976,0.7661,1127,834,0.6546,0.3838,487.0,0.501,0.586
04322,村田町,3762,2882,0.7661,3456,2044,0.5433,0.2386,903.0,0.311,0.439
01461,中富良野町,1746,1337,0.7658,1576,1036,0.5934,0.276,478.0,0.36,0.465
11408,寄居町,10839,8292,0.765,10026,5477,0.5053,0.2202,2401.0,0.288,0.436
01662,厚岸町,3178,2428,0.764,3155,1855,0.5837,0.2782,885.0,0.364,0.477
41205,伊万里市,16922,12927,0.7639,15094,9527,0.563,0.2159,3653.0,0.283,0.383
02362,大鰐町,3778,2885,0.7636,3260,2349,0.6218,0.3717,1402.0,0.487,0.598
25211,湖南市,13347,10190,0.7635,12104,5982,0.4482,0.3137,4200.0,0.411,0.7
01407,仁木町,1276,974,0.7633,1265,775,0.6074,0.4137,530.0,0.542,0.681
28205,洲本市,15087,11513,0.7631,13261,7980,0.5289,0.4248,6444.0,0.557,0.803
39210,四万十市,12010,9164,0.763,10362,7418,0.6177,0.251,3017.0,0.329,0.406
45421,門川町,5915,4509,0.7623,5439,2645,0.4472,0.199,1183.0,0.261,0.445
46203,鹿屋市,29906,22787,0.762,26490,17131,0.5728,0.3647,10916.0,0.479,0.637
25213,東近江市,30175,22990,0.7619,27743,19136,0.6342,0.3229,9754.0,0.424,0.509
18481,高浜町,3266,2487,0.7615,2730,1636,0.5009,0.4283,1407.0,0.563,0.855
08210,下妻市,12052,9174,0.7612,11205,6835,0.5671,0.1644,1980.0,0.216,0.29
07481,棚倉町,4262,3243,0.7609,3721,2439,0.5723,0.1776,756.0,0.233,0.31
29342,平群町,7055,5367,0.7607,6232,3462,0.4907,0.3509,2445.0,0.461,0.715
09386,高根沢町,7434,5653,0.7604,6598,4521,0.6082,0.2653,1966.0,0.349,0.436
22223,御前崎市,9559,7269,0.7604,7758,5065,0.5299,0.2422,2310.0,0.319,0.457
40212,大川市,11659,8860,0.7599,10672,5761,0.4941,0.2977,3511.0,0.392,0.603
06323,朝日町,2838,2156,0.7597,2587,1812,0.6385,0.2666,754.0,0.351,0.418
08220,つくば市,45669,34696,0.7597,41707,23083,0.5054,0.3785,17297.0,0.498,0.749
01544,津別町,1981,1505,0.7597,1762,1224,0.6179,0.3586,709.0,0.472,0.58
10345,吉岡町,5223,3967,0.7595,4797,2590,0.4959,0.2029,1058.0,0.267,0.409
02381,板柳町,4826,3662,0.7588,4139,2626,0.5441,0.3717,1792.0,0.49,0.683
01215,美唄市,8691,6592,0.7585,8249,4587,0.5278,0.3789,3275.0,0.5,0.718
26201,福知山市,22944,17401,0.7584,19891,12804,0.5581,0.3174,7292.0,0.418,0.569
15212,村上市,22540,17089,0.7582,19895,13043,0.5787,0.2277,5149.0,0.3,0.393
12215,旭市,19841,15031,0.7576,17522,10469,0.5276,0.1984,3936.0,0.262,0.376
01571,豊浦町,1525,1155,0.7574,1508,969,0.6354,0.4188,633.0,0.553,0.659
01458,東川町,2752,2084,0.7573,2397,1549,0.5629,0.2971,820.0,0.392,0.528
01227,歌志内市,1589,1203,0.7571,1533,716,0.4506,0.4301,685.0,0.568,0.955
01371,せたな町,3449,2611,0.757,2984,1994,0.5781,0.4309,1500.0,0.569,0.745
20388,宮田村,2529,1914,0.7568,2277,939,0.3713,0.1567,398.0,0.207,0.422
20541,小布施町,3746,2835,0.7568,3462,1925,0.5139,0.2121,795.0,0.28,0.413
40213,行橋市,21612,16348,0.7564,19169,10181,0.4711,0.3317,7180.0,0.438,0.704
31370,湯梨浜町,5138,3884,0.7559,4662,3006,0.5851,0.2593,1333.0,0.343,0.443
43424,小国町,2781,2102,0.7558,2505,1830,0.658,0.2811,780.0,0.372,0.427
05203,横手市,33397,25236,0.7556,31159,20584,0.6163,0.335,11188.0,0.443,0.543
41327,吉野ヶ里町,4036,3048,0.7552,3610,1837,0.4552,0.2132,846.0,0.282,0.468
43211,宇土市,10833,8180,0.7551,10185,5323,0.4914,0.276,3004.0,0.365,0.562
19368,富士川町,4942,3728,0.7544,4379,2518,0.5095,0.2783,1372.0,0.369,0.546
34203,竹原市,10026,7550,0.753,8775,5195,0.5182,0.3188,3215.0,0.423,0.615
28443,福崎町,5296,3986,0.7526,4576,2405,0.4541,0.3373,1840.0,0.448,0.743
01209,夕張市,3839,2889,0.7525,3164,2347,0.6114,0.4126,1579.0,0.548,0.675
36341,石井町,8195,6166,0.7524,7595,4597,0.561,0.2834,2324.0,0.377,0.505
43368,長洲町,5486,4123,0.7515,4697,2806,0.5115,0.3201,1758.0,0.426,0.626
37404,多度津町,7182,5386,0.7499,6480,2646,0.3684,0.255,1847.0,0.34,0.692
28212,赤穂市,15039,11274,0.7497,13390,7820,0.52,0.4014,6059.0,0.535,0.772
29426,広陵町,8789,6583,0.749,7680,3525,0.4011,0.3191,2824.0,0.426,0.796
18205,大野市,11680,8741,0.7484,9571,5420,0.464,0.2869,3351.0,0.383,0.618
01346,八雲町,5509,4120,0.7479,5435,2631,0.4776,0.3204,1773.0,0.428,0.671
20382,辰野町,6969,5209,0.7475,5769,4010,0.5754,0.1917,1342.0,0.256,0.333
30204,有田市,9263,6915,0.7465,8507,4263,0.4602,0.3226,2991.0,0.432,0.701
01634,鹿追町,1651,1232,0.7462,1479,1075,0.6511,0.227,370.0,0.304,0.349
08227,筑西市,31888,23774,0.7455,28957,18307,0.5741,0.2159,6909.0,0.29,0.376
07466,矢吹町,5451,4061,0.745,5027,3238,0.594,0.2074,1126.0,0.278,0.349
04505,美里町,8568,6383,0.745,8236,4512,0.5266,0.2642,2258.0,0.355,0.502
44206,臼杵市,14664,10915,0.7443,12399,8047,0.5488,0.2483,3682.0,0.334,0.452
01404,神恵内村,441,328,0.7438,328,251,0.5692,0.4733,212.0,0.636,0.832
01564,大空町,2502,1860,0.7434,2294,1297,0.5184,0.1369,343.0,0.184,0.264
08546,境町,7018,5216,0.7432,6114,3845,0.5479,0.1898,1332.0,0.255,0.346
33208,総社市,19426,14436,0.7431,17297,10099,0.5199,0.3119,6052.0,0.42,0.6
04406,利府町,8624,6404,0.7426,7371,3773,0.4375,0.21,1816.0,0.283,0.48
02208,むつ市,18155,13478,0.7424,16387,7955,0.4382,0.3752,6847.0,0.505,0.856
01434,秩父別町,981,728,0.7421,981,518,0.528,0.2372,234.0,0.32,0.449
33204,玉野市,21731,16115,0.7416,19809,10832,0.4985,0.2872,6254.0,0.387,0.576
01399,京極町,1110,823,0.7414,1110,813,0.7324,0.2714,302.0,0.366,0.371
19205,山梨市,11421,8467,0.7414,10857,5128,0.449,0.2974,3389.0,0.401,0.662
28585,香美町,6507,4821,0.7409,5385,4248,0.6528,0.3892,2542.0,0.525,0.596
10209,藤岡市,20506,15188,0.7407,18210,9264,0.4518,0.2005,4108.0,0.271,0.444
28209,豊岡市,26473,19603,0.7405,23780,14985,0.566,0.3458,9170.0,0.467,0.611
21209,羽島市,18151,13437,0.7403,16633,7514,0.414,0.2513,4558.0,0.339,0.607
01455,比布町,1462,1082,0.7401,1236,921,0.63,0.2887,422.0,0.39,0.458
07301,桑折町,4358,3223,0.7396,3955,2209,0.5069,0.198,861.0,0.268,0.391
07209,相馬市,10790,7978,0.7394,9417,5684,0.5268,0.2348,2533.0,0.317,0.446
20415,喬木村,2128,1573,0.7392,1947,1260,0.5921,0.1704,362.0,0.23,0.288
19204,都留市,8765,6478,0.7391,7799,4364,0.4979,0.3619,3174.0,0.49,0.727
40211,筑後市,13547,10011,0.739,12032,6348,0.4686,0.2822,3762.0,0.382,0.602
20211,中野市,13651,10086,0.7388,12550,7437,0.5448,0.186,2542.0,0.252,0.341
35216,山陽小野田市,20438,15097,0.7387,17345,10582,0.5178,0.2066,4225.0,0.28,0.399
34208,府中市,14406,10640,0.7386,12839,7549,0.524,0.2386,3429.0,0.323,0.455
09364,野木町,8282,6106,0.7373,7187,3004,0.3627,0.2706,2191.0,0.367,0.746
16206,滑川市,9695,7148,0.7373,8519,4694,0.4842,0.231,2251.0,0.313,0.477
10525,邑楽町,8268,6090,0.7366,7684,4305,0.5207,0.1806,1488.0,0.245,0.347
18208,あわら市,9382,6909,0.7364,8699,4861,0.5181,0.3,2805.0,0.407,0.579
21212,土岐市,17699,13033,0.7364,15069,9108,0.5146,0.2746,4858.0,0.373,0.534
01516,豊富町,1354,997,0.7363,1144,754,0.5569,0.274,372.0,0.372,0.492
28215,三木市,26761,19699,0.7361,24127,11522,0.4306,0.3324,8777.0,0.452,0.772
22224,菊川市,12865,9468,0.736,10727,6950,0.5402,0.2628,3381.0,0.357,0.486
01648,陸別町,901,663,0.7358,749,582,0.6459,0.2439,216.0,0.331,0.378
44205,佐伯市,27134,19960,0.7356,22956,15097,0.5564,0.2764,7560.0,0.376,0.497
01457,上川町,1547,1138,0.7356,1245,770,0.4977,0.2958,459.0,0.402,0.594
19214,中央市,7543,5547,0.7354,6558,2742,0.3635,0.2892,2183.0,0.393,0.796
30203,橋本市,20133,14803,0.7353,17992,10588,0.5259,0.3303,6644.0,0.449,0.628
07541,広野町,1542,1133,0.7348,1542,1068,0.6926,0.3637,567.0,0.495,0.525
36202,鳴門市,19000,13960,0.7347,16001,9313,0.4902,0.2988,5714.0,0.407,0.61
40210,八女市,22022,16177,0.7346,19659,11769,0.5344,0.2796,6162.0,0.381,0.523
40421,桂川町,4526,3324,0.7344,3992,2016,0.4454,0.3352,1516.0,0.456,0.753
15216,糸魚川市,16242,11926,0.7343,13791,8383,0.5161,0.2581,4206.0,0.351,0.5
18204,小浜市,9207,6761,0.7343,7583,5030,0.5463,0.3676,3411.0,0.501,0.673
15222,上越市,61444,45094,0.7339,55040,28422,0.4626,0.2197,13500.0,0.299,0.475
32203,出雲市,51880,38072,0.7338,44527,27163,0.5236,0.2499,12980.0,0.341,0.477
39386,いの町,8413,6170,0.7334,7152,3506,0.4167,0.193,1622.0,0.263,0.463
01228,深川市,8528,6253,0.7332,7950,4076,0.478,0.3482,2975.0,0.475,0.728
23216,常滑市,14658,10745,0.733,13273,6538,0.446,0.3456,5092.0,0.471,0.775
01364,乙部町,1531,1122,0.7329,1531,837,0.5467,0.4095,635.0,0.559,0.749
01303,当別町,5578,4086,0.7325,5414,3196,0.573,0.3511,1950.0,0.479,0.613
16211,射水市,27724,20304,0.7324,25182,13907,0.5016,0.217,6021.0,0.296,0.433
10344,榛東村,3784,2771,0.7323,3469,1713,0.4527,0.1544,583.0,0.211,0.341
04361,亘理町,10389,7604,0.7319,9594,5303,0.5104,0.2355,2446.0,0.322,0.461
03211,釜石市,12778,9347,0.7315,11317,6658,0.5211,0.3258,4164.0,0.445,0.625
42383,小値賀町,1162,850,0.7315,850,636,0.5473,0.6975,811.0,0.954,1.274
01216,芦別市,6007,4393,0.7313,5634,2668,0.4441,0.3381,2027.0,0.462,0.761
06213,南陽市,10339,7559,0.7311,9022,4838,0.4679,0.1833,1895.0,0.251,0.392
15213,燕市,24029,17565,0.731,20299,10199,0.4244,0.1661,3996.0,0.227,0.391
04421,大和町,6577,4806,0.7307,5764,2738,0.4163,0.2583,1679.0,0.353,0.62
11210,加須市,33302,24329,0.7306,30891,15995,0.4803,0.2465,8205.0,0.337,0.513
45341,三股町,7245,5292,0.7304,6692,3135,0.4327,0.2245,1627.0,0.307,0.519
33445,里庄町,3537,2583,0.7303,3170,1603,0.4532,0.3312,1144.0,0.454,0.731
40642,吉富町,2094,1529,0.7302,1794,1013,0.4838,0.3162,669.0,0.433,0.654
21214,可児市,27843,20327,0.7301,24150,12853,0.4616,0.2729,7576.0,0.374,0.591
01469,美深町,1696,1238,0.73,1349,545,0.3213,0.2637,448.0,0.361,0.82
18210,坂井市,25366,18515,0.7299,22404,12014,0.4736,0.3148,8007.0,0.431,0.665
38402,砥部町,6966,5083,0.7297,6548,3062,0.4396,0.2549,1781.0,0.349,0.58
40204,直方市,19085,13925,0.7296,16969,9010,0.4721,0.325,6176.0,0.445,0.688
11341,滑川町,4687,3418,0.7293,4367,2377,0.5071,0.3211,1481.0,0.44,0.633
02205,五所川原市,18351,13378,0.729,16624,8312,0.4529,0.3773,6928.0,0.518,0.833
01578,白老町,7438,5421,0.7288,6771,3641,0.4895,0.361,2682.0,0.495,0.737
40228,朝倉市,17505,12755,0.7286,15848,9085,0.519,0.2928,5130.0,0.402,0.564
46218,霧島市,33781,24611,0.7285,29320,17033,0.5042,0.3271,11090.0,0.449,0.649
19208,南アルプス市,19304,14060,0.7283,17370,8360,0.4331,0.2532,4887.0,0.348,0.585
39205,土佐市,9413,6854,0.7281,8429,5378,0.5713,0.1855,1755.0,0.255,0.325
24543,紀北町,6633,4827,0.7277,5543,3563,0.5372,0.3136,2097.0,0.431,0.584
09203,栃木市,49199,35783,0.7273,44139,24736,0.5028,0.2557,12576.0,0.352,0.509
16205,氷見市,17333,12602,0.7271,15514,10176,0.5871,0.2124,3694.0,0.292,0.362
26366,精華町,9088,6602,0.7265,8204,3735,0.411,0.3576,3231.0,0.492,0.87
08232,神栖市,22162,16096,0.7263,20205,8739,0.3943,0.2654,5882.0,0.365,0.673
01423,南幌町,2552,1853,0.7261,2270,1036,0.406,0.2059,526.0,0.284,0.507
46219,いちき串木野市,10168,7382,0.726,8556,4486,0.4412,0.3098,3152.0,0.427,0.702
26214,木津川市,19182,13927,0.726,16072,8806,0.4591,0.3089,5927.0,0.425,0.673
01487,天塩町,1099,797,0.7252,1021,510,0.4641,0.3128,343.0,0.431,0.674
12211,成田市,31394,22757,0.7249,27478,14371,0.4578,0.2986,9360.0,0.412,0.652
47328,中城村,4341,3147,0.7249,3781,2143,0.4937,0.2719,1118.0,0.375,0.551
29208,御所市,10170,7371,0.7248,8536,4813,0.4733,0.3272,3305.0,0.451,0.691
20218,千曲市,19589,14191,0.7244,17102,8751,0.4467,0.1867,3664.0,0.258,0.418
11362,皆野町,3575,2589,0.7242,2975,1889,0.5284,0.1804,645.0,0.249,0.341
07342,鏡石町,3418,2475,0.7241,2980,1254,0.3669,0.1607,553.0,0.222,0.438
01220,士別市,7344,5316,0.7239,6253,2409,0.328,0.3282,2412.0,0.453,1.0
05214,にかほ市,9137,6614,0.7239,8045,4838,0.5295,0.3116,2848.0,0.43,0.588
05210,由利本荘市,27786,20107,0.7236,23628,14849,0.5344,0.3162,8785.0,0.437,0.592
22226,牧之原市,13773,9965,0.7235,11676,7349,0.5336,0.2319,3208.0,0.32,0.435
01647,足寄町,2603,1883,0.7234,2188,1482,0.5693,0.2873,752.0,0.397,0.505
21404,池田町,6934,5016,0.7234,5811,2904,0.4188,0.2459,1699.0,0.34,0.587
07207,須賀川市,21153,15299,0.7233,19214,10562,0.4993,0.1884,3992.0,0.26,0.377
15205,柏崎市,27312,19749,0.7231,25186,14382,0.5266,0.2431,6661.0,0.336,0.462
19424,忍野村,1766,1277,0.7231,1591,994,0.5629,0.2508,454.0,0.347,0.446
01635,新得町,2185,1577,0.7217,1963,916,0.4192,0.2955,650.0,0.409,0.705
01563,雄武町,1407,1015,0.7214,1335,821,0.5835,0.3231,459.0,0.448,0.554
08341,東海村,9494,6845,0.721,8898,3456,0.364,0.2881,2741.0,0.4,0.791
25210,野洲市,13210,9522,0.7208,11817,6534,0.4946,0.3327,4388.0,0.462,0.673
47359,伊平屋村,329,237,0.7204,281,181,0.5502,0.3918,130.0,0.544,0.712
01693,標津町,1569,1130,0.7202,1463,744,0.4742,0.2616,411.0,0.363,0.552
22222,伊豆市,11988,8629,0.7198,10736,6097,0.5086,0.333,3996.0,0.463,0.655
34204,三原市,32173,23158,0.7198,26386,17630,0.548,0.2965,9541.0,0.412,0.541
17202,七尾市,19220,13832,0.7197,16010,10546,0.5487,0.2229,4317.0,0.31,0.406
33203,津山市,30482,21933,0.7195,26844,14066,0.4615,0.2939,8978.0,0.409,0.637
45383,綾町,2542,1829,0.7195,2109,1509,0.5936,0.2266,579.0,0.315,0.382
20203,上田市,47117,33901,0.7195,41396,21927,0.4654,0.2162,10191.0,0.301,0.465
43204,荒尾市,18252,13122,0.7189,15507,8409,0.4607,0.2872,5240.0,0.399,0.623
19211,笛吹市,19838,14259,0.7188,17162,8675,0.4373,0.2827,5618.0,0.393,0.647
20321,軽井沢町,6163,4430,0.7188,5585,3283,0.5327,0.2401,1476.0,0.334,0.451
03206,北上市,25214,18110,0.7183,23119,12367,0.4905,0.2452,6189.0,0.341,0.5
24343,朝日町,2134,1532,0.7179,1812,580,0.2718,0.277,583.0,0.386,1.019
10464,玉村町,9176,6586,0.7177,8602,4172,0.4547,0.2116,1949.0,0.295,0.465
36203,小松島市,12588,9033,0.7176,10880,5341,0.4243,0.2749,3444.0,0.383,0.648
08443,阿見町,13402,9616,0.7175,12305,5859,0.4372,0.2822,3770.0,0.393,0.645
24204,松阪市,47815,34302,0.7174,41296,22834,0.4775,0.2161,10326.0,0.301,0.453
30427,北山村,184,132,0.7174,184,132,0.7174,0.5518,100.0,0.769,0.769
03202,宮古市,19010,13634,0.7172,16997,10711,0.5634,0.3188,6070.0,0.444,0.566
24324,東員町,8101,5808,0.7169,7358,4510,0.5567,0.1778,1424.0,0.248,0.319
01545,斜里町,3834,2748,0.7167,3073,1454,0.3792,0.2618,1005.0,0.365,0.69
17206,加賀市,22677,16247,0.7165,20812,12157,0.5361,0.179,4059.0,0.25,0.334
45202,都城市,50725,36346,0.7165,43445,23481,0.4629,0.2285,11576.0,0.319,0.494
47358,北大東村,127,91,0.7165,100,62,0.4882,0.5698,72.0,0.795,1.167
23442,東浦町,12797,9168,0.7164,10924,4864,0.3801,0.2836,3640.0,0.396,0.746
01486,遠別町,1036,742,0.7162,1036,388,0.3745,0.3053,316.0,0.426,0.815
07208,喜多方市,16482,11803,0.7161,14494,10033,0.6087,0.2168,3572.0,0.303,0.356
24344,川越町,2773,1985,0.7158,2597,975,0.3516,0.2769,789.0,0.387,0.787
27216,河内長野市,36027,25786,0.7157,32227,14289,0.3966,0.381,13723.0,0.532,0.961
46210,指宿市,15409,11023,0.7154,13589,8186,0.5312,0.3799,5855.0,0.531,0.715
23235,弥富市,11172,7991,0.7153,9887,4308,0.3856,0.315,3547.0,0.44,0.817
11342,嵐山町,5879,4204,0.7151,4984,3187,0.5421,0.3095,1816.0,0.433,0.571
09301,上三川町,7373,5269,0.7146,6863,3877,0.5258,0.234,1699.0,0.327,0.445
41207,鹿島市,9124,6514,0.7139,8210,4461,0.4889,0.2024,1850.0,0.283,0.414
01664,標茶町,2465,1758,0.7132,2200,1511,0.613,0.2185,541.0,0.306,0.356
21208,瑞浪市,11640,8301,0.7131,10341,5853,0.5028,0.2857,3326.0,0.401,0.568
21204,多治見市,33320,23749,0.7128,28527,16449,0.4937,0.2829,9428.0,0.397,0.573
42204,諫早市,40772,29061,0.7128,34201,19318,0.4738,0.3777,15448.0,0.53,0.797
06208,村山市,8892,6335,0.7124,8205,4818,0.5418,0.2184,1945.0,0.307,0.403
40207,柳川市,21560,15357,0.7123,19468,11262,0.5224,0.2875,6203.0,0.404,0.55
24201,津市,80708,57463,0.712,70098,36913,0.4574,0.2413,19485.0,0.339,0.528
01637,芽室町,5528,3934,0.7116,4671,2488,0.4501,0.1804,998.0,0.253,0.401
08235,つくばみらい市,13176,9372,0.7113,11845,7262,0.5512,0.3095,4071.0,0.435,0.562
18206,勝山市,8274,5883,0.711,6869,4059,0.4906,0.317,2624.0,0.446,0.646
41202,唐津市,38150,27119,0.7109,33723,20354,0.5335,0.2415,9266.0,0.34,0.453
27361,熊取町,12428,8833,0.7107,11091,3541,0.2849,0.3909,4865.0,0.55,1.372
43202,八代市,42099,29912,0.7105,36301,20840,0.495,0.3271,13781.0,0.46,0.661
01226,砂川市,6415,4557,0.7104,6034,2336,0.3641,0.3189,2042.0,0.449,0.876
22213,掛川市,32091,22787,0.7101,28097,14170,0.4416,0.2631,8431.0,0.371,0.596
08205,石岡市,24109,17111,0.7097,20887,11965,0.4963,0.2486,5960.0,0.35,0.501
20207,須坂市,16002,11355,0.7096,14084,7068,0.4417,0.1952,3127.0,0.275,0.442
29207,五條市,10388,7369,0.7094,8506,5572,0.5364,0.2507,2597.0,0.353,0.467
20208,小諸市,13774,9770,0.7093,11318,5911,0.4291,0.2045,2816.0,0.288,0.477
39303,田野町,1039,737,0.7093,1039,238,0.2291,0.2095,222.0,0.295,0.915
03216,滝沢市,14155,10039,0.7092,13108,6774,0.4786,0.2519,3567.0,0.355,0.526
26205,宮津市,7180,5091,0.7091,5956,3819,0.5319,0.3634,2633.0,0.513,0.683
04206,白石市,11663,8263,0.7085,10404,5971,0.512,0.2405,2802.0,0.339,0.47
05204,大館市,26996,19128,0.7085,24991,13872,0.5139,0.3731,10074.0,0.527,0.726
41341,基山町,5524,3908,0.7075,5030,2337,0.4231,0.2748,1469.0,0.388,0.65
42391,佐々町,3918,2771,0.7072,3492,1717,0.4382,0.3859,1514.0,0.546,0.881
11465,松伏町,8451,5972,0.7067,7709,3576,0.4231,0.254,2135.0,0.359,0.6
40383,岡垣町,10295,7273,0.7065,9708,3980,0.3866,0.3494,3601.0,0.495,0.904
12210,茂原市,28788,20321,0.7059,25631,12070,0.4193,0.2411,6937.0,0.342,0.575
01513,中頓別町,660,465,0.7045,493,296,0.4485,0.3937,258.0,0.559,0.878
40206,田川市,15819,11145,0.7045,13698,6355,0.4017,0.3447,5494.0,0.489,0.858
39209,土佐清水市,6133,4319,0.7042,4747,3831,0.6247,0.3198,2002.0,0.454,0.512
24341,菰野町,10516,7398,0.7035,9524,5197,0.4942,0.208,2211.0,0.296,0.421
01347,長万部町,2091,1471,0.7035,1803,1037,0.4959,0.3999,835.0,0.568,0.806
19213,甲州市,10721,7535,0.7028,9528,3871,0.3611,0.2785,2985.0,0.396,0.771
06209,長井市,9435,6629,0.7026,8744,4596,0.4871,0.2249,2125.0,0.32,0.462
44203,中津市,24804,17428,0.7026,21888,10430,0.4205,0.2945,7313.0,0.419,0.7
38401,松前町,9282,6521,0.7025,8267,3478,0.3747,0.2868,2658.0,0.408,0.765
15218,五泉市,17131,12034,0.7025,15226,8276,0.4831,0.1702,2918.0,0.242,0.352
26202,舞鶴市,25432,17863,0.7024,21266,11349,0.4462,0.2972,7559.0,0.423,0.666
18209,越前市,23708,16653,0.7024,20445,10316,0.4351,0.304,7216.0,0.433,0.699
40503,大刀洗町,4445,3121,0.7021,4060,2420,0.5444,0.2891,1258.0,0.412,0.531
01631,音更町,12886,9039,0.7015,11753,4132,0.3207,0.241,3111.0,0.344,0.752
38206,西条市,34396,24130,0.7015,29286,16074,0.4673,0.2734,9406.0,0.39,0.585
01463,占冠村,308,216,0.7013,308,238,0.7727,0.5478,167.0,0.781,0.709
46225,姶良市,23932,16778,0.7011,21045,9888,0.4132,0.3201,7664.0,0.457,0.775
30404,上富田町,4081,2858,0.7003,3512,1972,0.4832,0.3362,1383.0,0.48,0.696
19423,西桂町,1229,860,0.6998,1229,603,0.4906,0.2814,346.0,0.402,0.574
09205,鹿沼市,28475,19928,0.6998,23920,14850,0.5215,0.2375,6770.0,0.339,0.455
04208,角田市,9980,6980,0.6994,8588,5284,0.5295,0.2144,2147.0,0.306,0.405
31203,倉吉市,16080,11242,0.6991,13911,6963,0.433,0.2419,3879.0,0.346,0.559
40205,飯塚市,39746,27778,0.6989,35334,17038,0.4287,0.319,12675.0,0.457,0.744
25441,豊郷町,1994,1393,0.6986,1808,693,0.3475,0.3147,624.0,0.45,0.905
38213,四国中央市,26613,18592,0.6986,22927,11633,0.4371,0.2477,6602.0,0.355,0.567
45401,高鍋町,6502,4541,0.6984,5769,3154,0.4851,0.236,1534.0,0.338,0.486
17209,かほく市,10308,7196,0.6981,9322,4272,0.4144,0.1686,1739.0,0.241,0.407
10206,沼田市,15498,10818,0.698,13041,6133,0.3957,0.2071,3208.0,0.297,0.523
05202,能代市,20769,14488,0.6976,17720,8255,0.3975,0.3384,7028.0,0.485,0.851
29427,河合町,6769,4717,0.6969,5989,1740,0.2571,0.3861,2538.0,0.554,1.502
15208,小千谷市,12072,8397,0.6956,10435,5307,0.4396,0.199,2406.0,0.286,0.453
08564,利根町,6876,4782,0.6955,5869,3311,0.4815,0.2912,2010.0,0.419,0.605
20215,塩尻市,19157,13314,0.695,17265,8425,0.4398,0.2397,4592.0,0.345,0.545
37204,善通寺市,9733,6762,0.6947,8839,4150,0.4264,0.2583,2497.0,0.372,0.606
38203,宇和島市,27623,19183,0.6945,23695,14211,0.5145,0.3281,9251.0,0.472,0.638
30202,海南市,17670,12270,0.6944,14679,8912,0.5044,0.3336,5912.0,0.48,0.661
11207,秩父市,20435,14187,0.6943,17864,8906,0.4358,0.2186,4447.0,0.315,0.502
07204,いわき市,102301,71006,0.6941,91111,45081,0.4407,0.2517,25755.0,0.363,0.571
15204,三条市,31251,21678,0.6937,26114,12125,0.388,0.1585,4955.0,0.229,0.409
17361,津幡町,9006,6245,0.6934,8571,4963,0.5511,0.1557,1407.0,0.224,0.282
35207,下松市,16476,11420,0.6931,15906,6101,0.3703,0.2175,3593.0,0.314,0.587
30428,串本町,6881,4764,0.6923,5922,4208,0.6115,0.4796,3324.0,0.693,0.784
09209,真岡市,21226,14693,0.6922,18206,10129,0.4772,0.2138,4535.0,0.309,0.448
47302,大宜味村,1124,778,0.6922,939,690,0.6139,0.3529,404.0,0.51,0.575
47311,恩納村,2587,1790,0.6919,2258,1238,0.4785,0.2798,733.0,0.404,0.585
01230,登別市,17262,11940,0.6917,15012,4828,0.2797,0.255,4408.0,0.369,0.912
34307,熊野町,8132,5625,0.6917,6805,3936,0.484,0.2424,1972.0,0.35,0.501
22216,袋井市,21133,14588,0.6903,18279,9899,0.4684,0.2701,5756.0,0.391,0.577
02401,野辺地町,4713,3253,0.6902,4249,1697,0.3601,0.3994,1883.0,0.579,1.109
40384,遠賀町,6513,4495,0.6902,5835,3358,0.5156,0.2849,1851.0,0.413,0.553
03322,矢巾町,7365,5075,0.6891,6709,3660,0.4969,0.2033,1498.0,0.295,0.409
06211,東根市,13435,9249,0.6884,11836,5807,0.4322,0.234,3145.0,0.34,0.541
02206,十和田市,20312,13955,0.687,17827,9101,0.4481,0.3569,7253.0,0.52,0.797
45206,日向市,19298,13255,0.6869,16732,7210,0.3736,0.2061,3971.0,0.3,0.552
47306,今帰仁村,3020,2073,0.6864,2449,1647,0.5454,0.2564,774.0,0.374,0.47
35215,周南市,44783,30731,0.6862,38441,20229,0.4517,0.2298,10280.0,0.335,0.509
11327,越生町,3983,2729,0.6852,3569,1777,0.4461,0.2856,1138.0,0.417,0.64
24207,鈴鹿市,47978,32840,0.6845,41715,19474,0.4059,0.2265,10867.0,0.331,0.558
22302,河津町,2932,2007,0.6845,2714,1722,0.5873,0.3907,1156.0,0.571,0.665
19430,富士河口湖町,6878,4707,0.6844,6291,2929,0.4259,0.2622,1799.0,0.383,0.616
23215,犬山市,21397,14639,0.6842,18944,8876,0.4148,0.3422,7329.0,0.5,0.825
25204,近江八幡市,22471,15369,0.6839,19026,8816,0.3923,0.322,7244.0,0.471,0.821
02441,三戸町,3760,2571,0.6838,3461,2013,0.5354,0.4004,1515.0,0.586,0.748
44322,姫島村,942,644,0.6837,644,469,0.4979,0.3566,336.0,0.522,0.716
17210,白山市,30854,21090,0.6835,26981,12580,0.4077,0.1428,4413.0,0.209,0.35
29211,葛城市,10286,7027,0.6832,8618,4412,0.4289,0.3121,3227.0,0.457,0.728
30205,御坊市,7350,5020,0.683,6216,3262,0.4438,0.3092,2267.0,0.453,0.697
06302,中山町,3828,2612,0.6823,3763,2279,0.5954,0.1767,678.0,0.259,0.297
46204,枕崎市,8175,5575,0.682,6179,4008,0.4903,0.3261,2671.0,0.478,0.665
01639,更別村,977,665,0.6807,866,579,0.5926,0.2421,235.0,0.356,0.409
28219,三田市,28831,19609,0.6801,23993,11167,0.3873,0.3666,10577.0,0.539,0.946
23446,美浜町,6797,4622,0.68,5561,2624,0.3861,0.3732,2545.0,0.549,0.967
34205,尾道市,47342,32166,0.6794,41115,22116,0.4672,0.3134,14930.0,0.461,0.671
37202,丸亀市,31404,21332,0.6793,26468,11547,0.3677,0.2283,7178.0,0.336,0.621
18207,鯖江市,18778,12754,0.6792,16164,7019,0.3738,0.2808,5268.0,0.413,0.751
35203,山口市,56284,38202,0.6787,48755,26429,0.4696,0.2197,12343.0,0.324,0.468
01481,増毛町,1723,1169,0.6785,1723,732,0.4248,0.3639,629.0,0.536,0.857
47381,竹富町,899,610,0.6785,809,412,0.4583,0.513,464.0,0.756,1.119
40230,糸島市,29553,20050,0.6784,24373,13758,0.4655,0.3134,9270.0,0.462,0.673
04214,東松島市,11608,7873,0.6782,9949,4241,0.3654,0.2627,3044.0,0.387,0.719
27381,太子町,3865,2621,0.6781,3541,1485,0.3842,0.3792,1458.0,0.559,0.987
47315,伊江村,1419,960,0.6765,1142,602,0.4242,0.2653,378.0,0.392,0.625
01638,中札内村,1118,756,0.6762,1061,469,0.4195,0.2618,293.0,0.387,0.624
11343,小川町,11083,7493,0.6761,9838,4254,0.3838,0.2568,2848.0,0.38,0.669
20204,岡谷市,16545,11182,0.6759,13551,5716,0.3455,0.1853,3062.0,0.274,0.536
01229,富良野市,7229,4885,0.6758,6478,2397,0.3316,0.2587,1877.0,0.383,0.78
40216,小郡市,16689,11269,0.6752,14191,6959,0.417,0.3481,5859.0,0.515,0.835
08207,結城市,15155,10229,0.675,13589,6776,0.4471,0.2459,3784.0,0.364,0.55
04501,涌谷町,5767,3892,0.6749,5309,3121,0.5412,0.226,1310.0,0.335,0.418
22305,松崎町,2948,1989,0.6747,2452,1425,0.4834,0.4035,1190.0,0.598,0.835
11216,羽生市,15840,10680,0.6742,14055,7084,0.4472,0.2354,3724.0,0.349,0.526
40544,広川町,5999,4044,0.6741,5649,2896,0.4827,0.318,1909.0,0.472,0.659
01468,下川町,1257,847,0.6738,847,397,0.3158,0.307,386.0,0.456,0.972
22301,東伊豆町,5489,3697,0.6735,3936,2165,0.3944,0.4524,2496.0,0.672,1.147
01484,羽幌町,2817,1896,0.6731,2726,625,0.2219,0.2873,814.0,0.427,1.295
01424,奈井江町,2169,1458,0.6722,2169,908,0.4186,0.259,567.0,0.385,0.619
12213,東金市,17091,11488,0.6722,15925,8630,0.5049,0.2432,4174.0,0.362,0.482
16204,魚津市,13799,9275,0.6722,12129,6477,0.4694,0.2215,3080.0,0.33,0.472
01692,中標津町,6151,4135,0.6722,5658,2335,0.3796,0.2595,1596.0,0.386,0.684
34202,呉市,74806,50250,0.6717,62059,34660,0.4633,0.3365,25477.0,0.501,0.726
35206,防府市,35014,23512,0.6715,30297,14314,0.4088,0.1787,6260.0,0.266,0.437
24205,桑名市,37029,24860,0.6714,30000,13676,0.3693,0.2506,9293.0,0.373,0.679
06207,上山市,11500,7720,0.6713,10591,6289,0.5469,0.2118,2411.0,0.315,0.387
12225,君津市,26378,17707,0.6713,23758,11009,0.4174,0.2486,6554.0,0.37,0.596
39403,越知町,2448,1643,0.6712,2170,1127,0.4604,0.2633,643.0,0.392,0.572
29363,田原本町,9998,6710,0.6711,8277,3991,0.3992,0.2704,2693.0,0.403,0.677
38210,伊予市,11938,8011,0.6711,10428,5797,0.4856,0.2668,3200.0,0.398,0.549
13305,日の出町,6422,4304,0.6702,5651,2759,0.4296,0.4308,2816.0,0.643,1.003
43403,大津町,7626,5111,0.6702,6492,3219,0.4221,0.283,2160.0,0.422,0.67
01636,清水町,3388,2269,0.6697,3032,1216,0.3589,0.243,823.0,0.363,0.677
34213,廿日市市,34832,23308,0.6692,30000,13908,0.3993,0.2592,9061.0,0.387,0.649
09204,佐野市,35517,23766,0.6691,29864,14352,0.4041,0.2745,9776.0,0.41,0.679
41208,小城市,12600,8431,0.6691,10660,5694,0.4519,0.1888,2379.0,0.282,0.418
05363,八郎潟町,2417,1617,0.669,2304,1176,0.4866,0.39,966.0,0.583,0.801
15206,新発田市,30644,20502,0.669,26302,13350,0.4356,0.193,5916.0,0.289,0.443
22211,磐田市,47577,31826,0.6689,41090,20089,0.4222,0.2685,12775.0,0.401,0.636
29204,天理市,16885,11284,0.6683,15423,6610,0.3915,0.3612,6096.0,0.54,0.923
21213,各務原市,41007,27374,0.6675,35393,14834,0.3617,0.2747,11250.0,0.411,0.759
17203,小松市,30477,20341,0.6674,25728,13787,0.4524,0.1764,5370.0,0.264,0.39
31201,鳥取市,54985,36692,0.6673,47431,23234,0.4226,0.243,13360.0,0.364,0.575
01428,長沼町,3964,2644,0.667,3831,1769,0.4463,0.2311,917.0,0.346,0.518
09216,下野市,14844,9878,0.6655,12826,6121,0.4124,0.2817,4201.0,0.423,0.683
35208,岩国市,46094,30657,0.6651,39917,20141,0.437,0.2457,11332.0,0.369,0.562
47214,宮古島市,14058,9349,0.665,10621,6792,0.4831,0.3186,4485.0,0.479,0.659
07421,会津坂下町,5520,3669,0.6647,4981,3006,0.5446,0.2024,1118.0,0.304,0.372
04205,気仙沼市,23398,15546,0.6644,20569,11965,0.5114,0.2876,6741.0,0.433,0.562
04445,加美町,8142,5404,0.6637,7027,4068,0.4996,0.2007,1633.0,0.302,0.402
09213,那須塩原市,31959,21185,0.6629,27608,13568,0.4245,0.2371,7591.0,0.358,0.558
20205,飯田市,31959,21174,0.6625,27091,12937,0.4048,0.2059,6586.0,0.311,0.509
01460,上富良野町,3311,2193,0.6623,2951,1237,0.3736,0.2736,907.0,0.413,0.732
42322,川棚町,4342,2873,0.6617,3725,2309,0.5318,0.3718,1640.0,0.562,0.699
43203,人吉市,11629,7691,0.6614,9866,5004,0.4303,0.2711,3158.0,0.41,0.63
01233,伊達市,12594,8325,0.661,11757,5164,0.41,0.3386,4267.0,0.512,0.826
15202,長岡市,83365,55105,0.661,67280,36109,0.4331,0.2234,18621.0,0.338,0.516
29206,桜井市,17416,11503,0.6605,13873,6476,0.3718,0.3065,5361.0,0.464,0.824
01337,七飯町,9732,6421,0.6598,8397,3777,0.3881,0.2544,2472.0,0.386,0.655
08208,龍ケ崎市,22199,14633,0.6592,19372,8211,0.3699,0.297,6568.0,0.451,0.803
11218,深谷市,41020,27015,0.6586,34594,14159,0.3452,0.2192,8961.0,0.333,0.635
15209,加茂市,9398,6185,0.6581,8125,4713,0.5015,0.1898,1776.0,0.288,0.378
46222,奄美市,13378,8799,0.6577,9982,6424,0.4802,0.3824,5140.0,0.581,0.796
34211,大竹市,9331,6134,0.6574,8614,4308,0.4617,0.3188,2999.0,0.485,0.691
04215,大崎市,38725,25454,0.6573,34426,16802,0.4339,0.2492,9654.0,0.379,0.574
42202,佐世保市,76909,50513,0.6568,63531,29359,0.3817,0.3857,29763.0,0.587,1.01
44204,日田市,22382,14700,0.6568,18428,10642,0.4755,0.2465,5517.0,0.375,0.519
43216,合志市,15162,9957,0.6567,12962,5797,0.3823,0.2607,3899.0,0.397,0.682
01427,由仁町,2056,1349,0.6561,1702,1343,0.6532,0.2646,541.0,0.403,0.405
02202,弘前市,53921,35357,0.6557,47193,20879,0.3872,0.3532,19047.0,0.539,0.912
47327,北中城村,4297,2817,0.6556,3662,1826,0.4249,0.2766,1188.0,0.422,0.651
01462,南富良野町,767,501,0.6532,584,282,0.3677,0.2886,221.0,0.442,0.785
01429,栗山町,4616,3010,0.6521,4044,1780,0.3856,0.2483,1151.0,0.381,0.644
21203,高山市,28096,18305,0.6515,22248,13216,0.4704,0.2641,7420.0,0.405,0.561
15211,見附市,12944,8426,0.651,11441,5851,0.452,0.17,2199.0,0.261,0.376
26343,井手町,2528,1645,0.6507,2100,976,0.3861,0.4353,1115.0,0.669,1.128
02426,佐井村,858,558,0.6503,688,528,0.6154,0.5713,490.0,0.878,0.928
21217,飛騨市,9098,5915,0.6501,7306,4138,0.4548,0.3184,2898.0,0.49,0.7
12233,富里市,14177,9215,0.65,12867,4937,0.3482,0.2542,3568.0,0.391,0.73
39401,中土佐町,2882,1873,0.6499,1941,1595,0.5534,0.2755,798.0,0.424,0.498
35201,下関市,90264,58652,0.6498,72214,33075,0.3664,0.2498,22561.0,0.384,0.682
01225,滝川市,13831,8985,0.6496,12129,3809,0.2754,0.3277,4529.0,0.504,1.19
01561,興部町,1213,788,0.6496,1048,384,0.3166,0.3541,428.0,0.545,1.119
36403,藍住町,9043,5874,0.6496,6985,3024,0.3344,0.256,2302.0,0.394,0.766
11238,蓮田市,19911,12932,0.6495,16888,6050,0.3039,0.3105,6179.0,0.478,1.022
27228,泉南市,17750,11516,0.6488,15678,6142,0.346,0.4074,7242.0,0.628,1.177
29209,生駒市,33372,21637,0.6484,26175,10866,0.3256,0.331,11065.0,0.511,1.017
08204,古河市,39732,25739,0.6478,35690,11966,0.3012,0.2623,10411.0,0.405,0.871
11326,毛呂山町,11545,7472,0.6472,9035,2812,0.2436,0.3162,3666.0,0.489,1.298
38202,今治市,53714,34754,0.647,45767,24833,0.4623,0.2995,16164.0,0.463,0.648
11242,日高市,17965,11623,0.647,15483,5264,0.293,0.28,5031.0,0.433,0.956
36402,北島町,5771,3733,0.6469,4852,1936,0.3355,0.2159,1252.0,0.334,0.644
30209,岩出市,12742,8241,0.6468,11293,3438,0.2698,0.2765,3553.0,0.428,1.025
06301,山辺町,4676,3024,0.6467,4036,1834,0.3922,0.1756,828.0,0.272,0.448
29203,大和郡山市,27523,17777,0.6459,22208,8662,0.3147,0.2895,7904.0,0.448,0.92
01512,浜頓別町,1285,830,0.6459,1080,574,0.4467,0.3942,510.0,0.61,0.882
42203,島原市,15326,9898,0.6458,12077,6056,0.3951,0.3952,6135.0,0.612,1.0
43442,嘉島町,2552,1648,0.6458,2087,956,0.3746,0.2414,611.0,0.374,0.644
47329,西原町,7600,4905,0.6454,5894,1274,0.1676,0.224,1683.0,0.347,1.337
32201,松江市,59428,38346,0.6453,48776,23665,0.3982,0.2661,15831.0,0.412,0.668
08202,日立市,56480,36435,0.6451,49450,18245,0.323,0.2813,15898.0,0.436,0.871
15461,湯沢町,2958,1908,0.645,2844,1499,0.5068,0.3162,935.0,0.49,0.624
02204,黒石市,10906,7033,0.6449,9284,3972,0.3642,0.3284,3593.0,0.509,0.902
07212,南相馬市,20778,13383,0.6441,18527,8533,0.4107,0.2405,5002.0,0.373,0.586
10212,みどり市,14925,9612,0.644,12709,4027,0.2698,0.1777,2636.0,0.276,0.659
12205,館山市,17744,11423,0.6438,14864,6886,0.3881,0.2813,4988.0,0.437,0.725
08224,守谷市,15767,10149,0.6437,13049,4630,0.2937,0.2958,4687.0,0.46,1.007
01397,留寿都村,499,321,0.6433,350,244,0.489,0.3795,187.0,0.59,0.776
40224,福津市,18897,12120,0.6414,16181,7195,0.3807,0.3277,6190.0,0.511,0.861
22207,富士宮市,37931,24324,0.6413,31891,13894,0.3663,0.2625,9955.0,0.409,0.717
01518,利尻町,812,520,0.6404,534,464,0.5714,0.4969,402.0,0.776,0.87
12230,八街市,20879,13361,0.6399,18020,8124,0.3891,0.2143,4481.0,0.335,0.551
23213,西尾市,43386,27742,0.6394,36109,15658,0.3609,0.23,9977.0,0.36,0.637
22221,湖西市,16029,10247,0.6393,12873,5714,0.3565,0.2563,4118.0,0.401,0.719
14342,二宮町,9739,6226,0.6393,7111,1949,0.2001,0.3128,3028.0,0.489,1.563
01406,古平町,1147,733,0.6391,733,614,0.5353,0.4637,535.0,0.726,0.866
09361,壬生町,11446,7314,0.639,9667,4664,0.4075,0.2574,2946.0,0.403,0.632
16202,高岡市,54985,35105,0.6384,47774,19470,0.3541,0.2151,11822.0,0.337,0.608
16201,富山市,122794,78382,0.6383,103557,44435,0.3619,0.2462,30223.0,0.386,0.68
10205,太田市,58046,37026,0.6379,52248,19425,0.3346,0.2143,12441.0,0.336,0.64
23230,日進市,18248,11634,0.6375,15420,5656,0.31,0.2948,5319.0,0.462,0.951
21216,瑞穂市,11886,7568,0.6367,10971,3870,0.3256,0.2988,3535.0,0.469,0.918
38205,新居浜市,37337,23715,0.6352,31885,14026,0.3757,0.247,9218.0,0.389,0.657
23361,大口町,5799,3667,0.6324,4833,1419,0.2447,0.2852,1646.0,0.451,1.166
06203,鶴岡市,42957,27128,0.6315,36758,19410,0.4518,0.2232,9597.0,0.353,0.494
14362,大井町,4944,3122,0.6315,4074,941,0.1903,0.259,1285.0,0.41,1.361
35202,宇部市,53846,33953,0.6306,45361,19278,0.358,0.2077,11217.0,0.329,0.58
47313,宜野座村,1486,937,0.6306,1132,388,0.2611,0.2457,366.0,0.39,0.941
12329,栄町,7820,4930,0.6304,6840,3736,0.4777,0.2411,1890.0,0.382,0.505
09208,小山市,41774,26326,0.6302,35220,15728,0.3765,0.282,11781.0,0.447,0.749
21211,美濃加茂市,12737,8027,0.6302,11828,5177,0.4065,0.2591,3346.0,0.411,0.637
30421,那智勝浦町,6155,3877,0.6299,4716,3223,0.5236,0.4668,2894.0,0.741,0.891
06321,河北町,6654,4191,0.6298,5968,2783,0.4182,0.1966,1305.0,0.312,0.47
37203,坂出市,18173,11443,0.6297,15982,8075,0.4443,0.2299,4177.0,0.365,0.517
13421,小笠原村,413,260,0.6295,260,204,0.4939,0.7287,301.0,1.158,1.475
01210,岩見沢市,28846,18141,0.6289,25497,10013,0.3471,0.3404,9831.0,0.541,0.981
07201,福島市,84407,53050,0.6285,70557,28279,0.335,0.2561,21590.0,0.407,0.764
01234,北広島市,19264,12100,0.6281,16773,6838,0.355,0.2957,5730.0,0.471,0.833
34207,福山市,132011,82910,0.6281,108974,49913,0.3781,0.2287,30228.0,0.364,0.605
24202,四日市市,78808,49475,0.6278,66113,25323,0.3213,0.2322,18259.0,0.37,0.723
45203,延岡市,40465,25394,0.6276,33183,16633,0.411,0.2655,10808.0,0.423,0.646
20202,松本市,66723,41849,0.6272,56143,23911,0.3584,0.2495,16631.0,0.398,0.696
39363,土佐町,1802,1125,0.6243,1133,898,0.4983,0.2306,415.0,0.369,0.463
39212,香美市,10100,6302,0.624,8279,4623,0.4577,0.325,3290.0,0.521,0.71
21202,大垣市,43357,27018,0.6232,36893,13679,0.3155,0.2623,11402.0,0.421,0.831
01643,幕別町,8653,5390,0.6229,7809,3989,0.461,0.1962,1699.0,0.315,0.426
40621,苅田町,8913,5547,0.6223,8134,2574,0.2888,0.3613,3208.0,0.58,1.251
01211,網走市,11256,7001,0.622,9499,4608,0.4094,0.318,3580.0,0.511,0.777
23220,稲沢市,37247,23145,0.6214,32768,12105,0.325,0.3298,12296.0,0.531,1.015
01393,黒松内町,1085,674,0.6212,957,638,0.588,0.4028,444.0,0.648,0.685
28464,太子町,9131,5667,0.6206,7482,3091,0.3385,0.2946,2665.0,0.475,0.87
38204,八幡浜市,12931,8009,0.6194,9689,5465,0.4226,0.3097,4056.0,0.5,0.733
06202,米沢市,25270,15628,0.6184,21067,9218,0.3648,0.2333,5894.0,0.377,0.64
11206,行田市,24782,15311,0.6178,20522,9328,0.3764,0.2295,5739.0,0.371,0.61
23441,阿久比町,7618,4702,0.6172,6988,2159,0.2834,0.2824,2122.0,0.458,0.996
41201,佐賀市,64863,40020,0.617,54867,21558,0.3324,0.2428,15735.0,0.394,0.731
11202,熊谷市,57348,35373,0.6168,48694,19925,0.3474,0.2364,13536.0,0.383,0.68
43404,菊陽町,9034,5564,0.6159,8154,2714,0.3004,0.2685,2428.0,0.436,0.894
09202,足利市,47103,28928,0.6141,39584,14974,0.3179,0.2772,13037.0,0.451,0.872
01221,名寄市,8756,5377,0.6141,8286,2892,0.3303,0.3307,2892.0,0.538,1.001
11209,飯能市,25282,15518,0.6138,22206,8769,0.3468,0.3196,8054.0,0.521,0.921
11385,上里町,8320,5104,0.6135,7181,2489,0.2992,0.1943,1617.0,0.317,0.65
22208,伊東市,27965,17138,0.6128,20536,11494,0.411,0.3602,10072.0,0.588,0.876
08203,土浦市,40955,25055,0.6118,34333,12012,0.2933,0.2698,11035.0,0.441,0.92
29424,上牧町,7558,4623,0.6117,6893,2052,0.2715,0.3247,2527.0,0.531,1.196
12206,木更津市,37386,22855,0.6113,32865,13072,0.3496,0.2834,10592.0,0.464,0.811
12229,袖ケ浦市,17024,10390,0.6103,13495,5648,0.3318,0.2321,3960.0,0.38,0.7
38215,東温市,10246,6246,0.6096,9208,4002,0.3906,0.3186,3255.0,0.523,0.816
01304,新篠津村,1134,688,0.6067,1029,619,0.5459,0.226,258.0,0.373,0.414
08221,ひたちなか市,40236,24407,0.6066,33906,11325,0.2815,0.2653,10673.0,0.437,0.943
47326,北谷町,5712,3463,0.6063,3978,1416,0.2479,0.1689,973.0,0.279,0.681
01212,留萌市,7406,4489,0.6061,5728,2695,0.3639,0.3345,2484.0,0.552,0.919
01470,音威子府村,213,129,0.6056,135,88,0.4131,0.4198,87.0,0.693,1.016
01633,上士幌町,1686,1021,0.6056,1433,681,0.4039,0.2571,435.0,0.425,0.637
31202,米子市,42375,25638,0.605,36816,11326,0.2673,0.2425,10266.0,0.401,0.907
42307,長与町,11216,6779,0.6044,9501,3145,0.2804,0.3526,3916.0,0.583,1.258
22220,裾野市,13680,8262,0.6039,11585,5250,0.3838,0.2741,3746.0,0.454,0.714
04207,名取市,18105,10928,0.6036,14851,5507,0.3042,0.2264,4048.0,0.375,0.744
47215,南城市,11498,6937,0.6033,9429,4699,0.4087,0.2419,2759.0,0.401,0.592
23302,東郷町,10473,6310,0.6025,9676,1676,0.16,0.2671,2726.0,0.443,1.669
12231,印西市,23730,14290,0.6022,19708,8767,0.3694,0.2584,6124.0,0.429,0.699
24203,伊勢市,39044,23509,0.6021,30475,15012,0.3845,0.2173,8496.0,0.361,0.565
26206,亀岡市,25966,15635,0.6021,20534,8528,0.3284,0.2575,6684.0,0.428,0.784
31204,境港市,10729,6458,0.6019,9113,3350,0.3122,0.2345,2518.0,0.39,0.751
23362,扶桑町,9086,5465,0.6015,7828,2154,0.2371,0.3267,2938.0,0.543,1.378
10204,伊勢崎市,53124,31947,0.6014,43923,14519,0.2733,0.1927,10227.0,0.32,0.705
12219,市原市,78622,47254,0.601,66950,27926,0.3552,0.2878,22639.0,0.479,0.81
10202,高崎市,105143,63168,0.6008,89437,29960,0.2849,0.2401,25214.0,0.4,0.842
23211,豊田市,97455,58555,0.6008,84370,32944,0.338,0.2594,25264.0,0.432,0.767
22205,熱海市,16341,9804,0.6,12038,6438,0.394,0.4409,7220.0,0.735,1.119
47308,本部町,4091,2454,0.5999,2939,1874,0.4581,0.2958,1215.0,0.493,0.646
40341,宇美町,10322,6185,0.5992,8309,3351,0.3246,0.2374,2471.0,0.396,0.731
02207,三沢市,10294,6153,0.5977,9074,3809,0.37,0.344,3573.0,0.576,0.93
27232,阪南市,17047,10159,0.5959,14974,5789,0.3396,0.3979,6793.0,0.668,1.172
42308,時津町,8177,4866,0.5951,7046,2594,0.3172,0.2994,2353.0,0.503,0.944
13228,あきる野市,23894,14210,0.5947,20605,5285,0.2212,0.386,9183.0,0.649,1.745
22215,御殿場市,22154,13153,0.5937,18241,6957,0.314,0.2562,5683.0,0.432,0.816
11212,東松山市,25963,15409,0.5935,22230,6269,0.2415,0.2497,6490.0,0.421,1.034
23501,幸田町,9168,5441,0.5935,8110,3211,0.3502,0.2875,2644.0,0.484,0.821
01408,余市町,7218,4278,0.5927,5791,1642,0.2275,0.3334,2421.0,0.563,1.466
01661,釧路町,5644,3341,0.592,4606,1998,0.354,0.1786,1019.0,0.302,0.505
04323,柴田町,11001,6505,0.5913,9030,3021,0.2746,0.2327,2567.0,0.394,0.847
22209,島田市,30148,17824,0.5912,23327,9198,0.3051,0.2429,7331.0,0.411,0.796
01214,稚内市,11027,6518,0.5911,9369,3758,0.3408,0.3433,3785.0,0.581,1.007
25202,彦根市,28311,16726,0.5908,23457,9185,0.3244,0.3073,8696.0,0.52,0.947
23204,瀬戸市,38110,22498,0.5903,31891,11578,0.3038,0.333,12720.0,0.564,1.096
01223,根室市,8646,5100,0.5899,7858,2955,0.3418,0.2792,2414.0,0.473,0.817
23203,一宮市,102453,60343,0.589,87940,25545,0.2493,0.3017,30936.0,0.512,1.21
01400,倶知安町,3735,2199,0.5888,3377,1433,0.3837,0.3027,1130.0,0.514,0.789
22214,藤枝市,42621,25094,0.5888,35723,10996,0.258,0.2577,10980.0,0.438,0.999
28217,川西市,48975,28830,0.5887,39443,11265,0.23,0.3568,17553.0,0.606,1.551
12212,佐倉市,55261,32495,0.588,45334,15523,0.2809,0.2987,16429.0,0.508,1.063
26322,久御山町,4944,2907,0.588,3810,1019,0.2061,0.1849,902.0,0.315,0.897
01236,北斗市,13328,7818,0.5866,11097,4861,0.3647,0.2162,2883.0,0.369,0.593
25207,守山市,18019,10562,0.5862,14676,4664,0.2588,0.2615,4732.0,0.446,1.01
47325,嘉手納町,3247,1903,0.5861,2514,764,0.2353,0.1825,597.0,0.311,0.776
20206,諏訪市,15050,8816,0.5858,12179,4327,0.2875,0.2112,3175.0,0.36,0.734
14364,山北町,3882,2273,0.5855,3501,1668,0.4297,0.2948,1142.0,0.504,0.686
06205,新庄市,11402,6672,0.5852,10240,4639,0.4069,0.2218,2522.0,0.379,0.545
11246,白岡市,14543,8505,0.5848,12793,5008,0.3444,0.3235,4722.0,0.553,0.939
33423,早島町,3602,2106,0.5847,3055,1242,0.3448,0.3328,1143.0,0.569,0.965
11464,杉戸町,14442,8440,0.5844,10628,5599,0.3877,0.2561,3689.0,0.438,0.661
29425,王寺町,6731,3927,0.5834,5087,2318,0.3444,0.334,2249.0,0.572,0.97
07203,郡山市,86476,50411,0.5829,73255,26654,0.3082,0.2254,19490.0,0.387,0.731
01219,紋別市,7700,4482,0.5821,6502,1866,0.2423,0.3124,2405.0,0.537,1.289
22325,函南町,12147,7065,0.5816,10578,4885,0.4022,0.2985,3602.0,0.513,0.742
11301,伊奈町,10819,6275,0.58,9527,2623,0.2424,0.2785,3042.0,0.48,1.149
30206,田辺市,23434,13584,0.5797,19004,9724,0.415,0.3402,7971.0,0.587,0.82
33100,岡山市,185457,107032,0.5771,143182,56605,0.3052,0.311,57755.0,0.539,1.019
04404,七ヶ浜町,5666,3265,0.5762,5190,2394,0.4225,0.2545,1436.0,0.442,0.602
10201,前橋市,96170,55402,0.5761,79866,26028,0.2706,0.2179,21007.0,0.378,0.805
20201,長野市,108233,62216,0.5748,92494,31143,0.2877,0.231,25004.0,0.402,0.803
33202,倉敷市,125582,72148,0.5745,105618,38895,0.3097,0.2743,34432.0,0.477,0.886
14217,南足柄市,13461,7728,0.5741,11179,3951,0.2935,0.2796,3757.0,0.487,0.952
01205,室蘭市,30325,17406,0.574,26365,9605,0.3167,0.3516,10663.0,0.613,1.11
40217,筑紫野市,26465,15192,0.574,22329,7713,0.2914,0.2978,7867.0,0.519,1.022
10207,館林市,22132,12697,0.5737,18732,6397,0.289,0.2141,4732.0,0.373,0.741
47314,金武町,3011,1727,0.5736,2537,848,0.2816,0.3466,1042.0,0.604,1.231
47360,伊是名村,408,234,0.5735,318,182,0.4461,0.4244,173.0,0.74,0.951
23224,知多市,23474,13452,0.5731,18435,6627,0.2823,0.3416,8014.0,0.596,1.21
25208,栗東市,13261,7587,0.5721,11909,2647,0.1996,0.2888,3795.0,0.505,1.447
37201,高松市,115196,65819,0.5714,92345,34901,0.303,0.2657,30623.0,0.465,0.877
01203,小樽市,45382,25904,0.5708,36529,11176,0.2463,0.3553,16141.0,0.623,1.443
47354,座間味村,179,102,0.5698,118,102,0.5698,0.6077,114.0,1.067,1.067
12208,野田市,47075,26802,0.5693,38515,13711,0.2913,0.2391,11250.0,0.42,0.821
13363,新島村,967,550,0.5688,587,349,0.3609,0.5058,489.0,0.889,1.401
43443,益城町,9734,5537,0.5688,7609,2980,0.3061,0.2282,2223.0,0.401,0.745
02203,八戸市,69359,39370,0.5676,59188,18704,0.2697,0.3381,23437.0,0.596,1.254
18202,敦賀市,18464,10477,0.5674,15442,5681,0.3077,0.3316,6125.0,0.584,1.078
47301,国頭村,1539,873,0.5673,1016,599,0.3892,0.3421,530.0,0.603,0.879
28210,加古川市,72178,40905,0.5667,59956,18998,0.2632,0.3085,22316.0,0.544,1.172
01610,新ひだか町,7580,4287,0.5656,6773,3120,0.4116,0.3033,2308.0,0.536,0.737
22424,吉田町,7461,4218,0.5653,5344,1924,0.2579,0.2331,1740.0,0.412,0.904
23237,あま市,22772,12871,0.5652,19722,5319,0.2336,0.2904,6689.0,0.514,1.243
47362,八重瀬町,6757,3816,0.5647,5656,2136,0.3161,0.2463,1705.0,0.436,0.779
14363,松田町,3659,2065,0.5644,3360,1555,0.425,0.4448,1624.0,0.788,1.047
04202,石巻市,46478,26182,0.5633,38074,14969,0.3221,0.2411,11213.0,0.428,0.749
12202,銚子市,22009,12391,0.563,17127,7731,0.3513,0.2443,5389.0,0.434,0.696
25201,大津市,90523,50940,0.5627,69632,28533,0.3152,0.3503,31730.0,0.623,1.111
24209,尾鷲市,7040,3961,0.5626,5641,2917,0.4143,0.2859,2036.0,0.508,0.69
29210,香芝市,18556,10439,0.5626,14341,4513,0.2432,0.2795,5151.0,0.497,1.149
11240,幸手市,17769,9991,0.5623,12437,5132,0.2888,0.2239,3948.0,0.398,0.775
11232,久喜市,45910,25745,0.5608,36096,11654,0.2538,0.2556,11781.0,0.456,1.007
06204,酒田市,36096,20219,0.5601,28684,13282,0.368,0.2026,7314.0,0.362,0.551
47357,南大東村,316,177,0.5601,177,142,0.4494,0.3631,115.0,0.648,0.808
27214,富田林市,32956,18400,0.5583,25147,8119,0.2464,0.3567,11694.0,0.639,1.448
29201,奈良市,110273,61494,0.5577,86381,28612,0.2595,0.3312,36501.0,0.594,1.276
47382,与那国町,360,200,0.5556,227,121,0.3361,0.5296,191.0,0.953,1.576
08217,取手市,36092,20047,0.5554,29209,9567,0.2651,0.3224,11621.0,0.58,1.216
47324,読谷村,9050,5026,0.5554,6037,2235,0.247,0.1616,1462.0,0.291,0.654
11211,本庄市,22694,12595,0.555,18809,6152,0.2711,0.2117,4798.0,0.381,0.781
10203,桐生市,38266,21238,0.555,32184,10269,0.2684,0.2153,8267.0,0.388,0.802
06210,天童市,18778,10406,0.5542,15196,7125,0.3794,0.1722,3231.0,0.311,0.454
22225,伊豆の国市,15735,8716,0.5539,13597,5600,0.3559,0.3246,5112.0,0.586,0.912
06206,寒河江市,12857,7119,0.5537,11002,3985,0.3099,0.1749,2249.0,0.316,0.564
41203,鳥栖市,18007,9959,0.5531,14659,4813,0.2673,0.2719,4877.0,0.492,1.017
40342,篠栗町,7949,4396,0.553,5708,2253,0.2834,0.2624,2095.0,0.474,0.926
40202,大牟田市,41240,22806,0.553,33196,8384,0.2033,0.297,12263.0,0.537,1.461
21302,岐南町,5732,3160,0.5513,4552,486,0.0848,0.1724,1004.0,0.313,2.033
23208,津島市,18394,10120,0.5502,14693,4410,0.2398,0.2801,5125.0,0.509,1.168
23227,高浜市,8885,4887,0.55,7952,710,0.0799,0.2295,2042.0,0.417,2.872
40223,古賀市,15854,8713,0.5496,13153,3349,0.2112,0.3005,4883.0,0.547,1.423
20361,下諏訪町,7341,4034,0.5495,6187,2680,0.3651,0.2231,1642.0,0.406,0.611
22212,焼津市,40836,22393,0.5484,30543,11018,0.2698,0.2574,10520.0,0.469,0.954
01208,北見市,38847,21295,0.5482,32529,10156,0.2614,0.2674,10385.0,0.488,1.023
08201,水戸市,70883,38838,0.5479,58510,16729,0.236,0.2633,18676.0,0.481,1.116
27341,忠岡町,4852,2656,0.5474,3597,844,0.1739,0.2965,1417.0,0.542,1.705
23447,武豊町,10865,5941,0.5468,9312,2155,0.1983,0.3183,3436.0,0.582,1.605
40203,久留米市,79971,43722,0.5467,64403,25265,0.3159,0.3177,25432.0,0.581,1.006
04401,松島町,5189,2827,0.5448,4766,1860,0.3585,0.2977,1552.0,0.546,0.83
11215,狭山市,47651,25962,0.5448,38746,9819,0.2061,0.299,14248.0,0.549,1.451
23225,知立市,14309,7783,0.5439,11207,2498,0.1746,0.2974,4271.0,0.547,1.704
08219,牛久市,24559,13354,0.5438,19949,7056,0.2873,0.2616,6426.0,0.481,0.911
23425,蟹江町,9539,5179,0.5429,6214,1330,0.1394,0.2492,2360.0,0.459,1.787
04321,大河原町,6568,3564,0.5426,5701,1359,0.2069,0.2221,1448.0,0.409,1.074
02201,青森市,84797,45923,0.5416,70856,19551,0.2306,0.349,29593.0,0.644,1.514
12322,酒々井町,6704,3628,0.5412,5704,1119,0.1669,0.2647,1803.0,0.489,1.586
14383,真鶴町,2915,1577,0.541,2387,1089,0.3736,0.348,1017.0,0.643,0.932
23233,清須市,15174,8205,0.5407,12430,2108,0.1389,0.3352,5091.0,0.62,2.413
42205,大村市,23846,12879,0.5401,20269,6325,0.2652,0.3407,8189.0,0.631,1.285
40382,水巻町,9263,5003,0.5401,7630,2774,0.2995,0.3345,3113.0,0.619,1.117
42201,長崎市,131704,71114,0.54,97130,42337,0.3215,0.4091,54245.0,0.758,1.273
14382,箱根町,4120,2221,0.5391,3309,1334,0.3238,0.4139,1705.0,0.768,1.278
17365,内灘町,7131,3843,0.5389,4618,900,0.1262,0.1974,1397.0,0.366,1.564
45201,宮崎市,110580,59537,0.5384,83948,30702,0.2776,0.2337,25849.0,0.434,0.842
05201,秋田市,95945,51564,0.5374,77307,26180,0.2729,0.314,30131.0,0.584,1.151
22210,富士市,69319,37155,0.536,55482,17084,0.2465,0.2396,16607.0,0.447,0.972
23207,豊川市,48233,25838,0.5357,39135,12221,0.2534,0.2578,12437.0,0.481,1.018
28201,姫路市,142302,76218,0.5356,115124,40161,0.2822,0.3343,47612.0,0.624,1.185
21201,岐阜市,113095,60510,0.535,90844,26886,0.2377,0.2678,30286.0,0.501,1.126
21303,笠松町,6177,3301,0.5344,5336,1754,0.284,0.2755,1711.0,0.515,0.97
29205,橿原市,34616,18407,0.5317,26128,7520,0.2172,0.2526,8716.0,0.475,1.163
23219,小牧市,37196,19749,0.5309,28436,6785,0.1824,0.2593,9637.0,0.488,1.422
01562,西興部村,377,200,0.5305,377,162,0.4297,0.4215,157.0,0.795,0.981
01235,石狩市,19368,10265,0.53,16383,3470,0.1792,0.2292,4448.0,0.433,1.28
22130,浜松市,220913,117052,0.5299,176206,57089,0.2584,0.2745,60638.0,0.518,1.062
18201,福井市,75812,40114,0.5291,62215,22315,0.2943,0.2826,21420.0,0.534,0.96
13303,瑞穂町,9442,4986,0.5281,8169,1937,0.2051,0.424,4035.0,0.803,2.067
29344,斑鳩町,8339,4400,0.5276,6529,1852,0.2221,0.3062,2570.0,0.58,1.379
22206,三島市,31578,16658,0.5275,24303,8466,0.2681,0.2884,9134.0,0.547,1.076
01361,江差町,2798,1470,0.5254,2506,998,0.3567,0.3721,1059.0,0.708,1.043
23217,江南市,26649,14000,0.5253,22409,5545,0.2081,0.3219,8572.0,0.613,1.547
01231,恵庭市,19675,10331,0.5251,17395,2719,0.1382,0.2709,5328.0,0.516,1.96
14341,大磯町,10811,5675,0.5249,7775,1716,0.1587,0.3744,4063.0,0.713,2.359
26211,京田辺市,17358,9107,0.5247,13203,3737,0.2153,0.3264,5650.0,0.622,1.516
23236,みよし市,11235,5881,0.5235,9285,2295,0.2043,0.2686,3017.0,0.513,1.315
11217,鴻巣市,35100,18361,0.5231,26264,7335,0.209,0.2264,7921.0,0.433,1.083
47213,うるま市,27969,14589,0.5216,22118,6535,0.2337,0.2207,6190.0,0.423,0.944
40344,須惠町,7788,4054,0.5205,6791,1560,0.2003,0.2356,1848.0,0.453,1.176
23226,尾張旭市,21661,11270,0.5203,17027,4656,0.2149,0.2885,6196.0,0.555,1.342
11239,坂戸市,29196,15187,0.5202,21697,7568,0.2592,0.2347,6908.0,0.451,0.905
09201,宇都宮市,129846,67497,0.5198,105226,32305,0.2488,0.2517,32690.0,0.484,1.012
07202,会津若松市,36325,18839,0.5186,28430,9497,0.2614,0.2332,8465.0,0.45,0.892
40215,中間市,15194,7854,0.5169,13302,2939,0.1934,0.3044,4598.0,0.589,1.573
04216,富谷市,10994,5679,0.5166,9198,1716,0.1561,0.233,2597.0,0.451,1.493
23202,岡崎市,89481,46186,0.5162,71813,20226,0.226,0.2479,22234.0,0.48,1.097
47209,名護市,13870,7156,0.5159,10614,3346,0.2412,0.311,4323.0,0.603,1.289
44201,大分市,129205,66602,0.5155,96326,29828,0.2309,0.2332,30154.0,0.452,1.01
03201,盛岡市,79978,41177,0.5149,60834,20498,0.2563,0.2474,19800.0,0.481,0.965
12232,白井市,17147,8775,0.5118,11470,4095,0.2388,0.2234,3821.0,0.437,0.936
35321,和木町,1622,830,0.5117,1577,670,0.4131,0.2578,424.0,0.504,0.624
25206,草津市,30026,15358,0.5115,21575,3945,0.1314,0.3378,10153.0,0.66,2.571
14210,三浦市,17144,8737,0.5096,11225,4040,0.2357,0.3535,6066.0,0.694,1.5
21421,北方町,4419,2247,0.5085,3894,441,0.0998,0.2579,1149.0,0.507,2.584
01543,美幌町,6709,3406,0.5077,6261,1404,0.2093,0.2358,1583.0,0.465,1.127
36201,徳島市,70792,35860,0.5066,55810,16964,0.2396,0.2929,20740.0,0.578,1.222
11233,北本市,21141,10707,0.5065,16538,3689,0.1745,0.217,4596.0,0.428,1.243
27222,羽曳野市,33499,16933,0.5055,23787,3964,0.1183,0.2475,8245.0,0.49,2.091
19202,富士吉田市,13998,7066,0.5048,10551,2249,0.1607,0.2177,3049.0,0.431,1.355
30201,和歌山市,110078,55547,0.5046,83803,22838,0.2075,0.2791,30689.0,0.553,1.345
15100,新潟市,230965,116490,0.5044,182068,60187,0.2606,0.2081,48067.0,0.413,0.799
23205,半田市,28418,14335,0.5044,22890,4168,0.1467,0.2376,6792.0,0.471,1.62
37386,宇多津町,3947,1991,0.5044,2929,495,0.1254,0.2854,1131.0,0.566,2.276
12222,我孫子市,39966,20142,0.504,31688,6284,0.1572,0.3239,12917.0,0.643,2.06
04203,塩竈市,17820,8976,0.5037,15258,2564,0.1439,0.261,4614.0,0.518,1.814
14366,開成町,4748,2378,0.5008,3297,1253,0.2639,0.2633,1256.0,0.526,0.998
23223,大府市,20034,10026,0.5004,17037,2714,0.1355,0.3143,6262.0,0.628,2.32
14211,秦野市,48499,24261,0.5002,39581,10855,0.2238,0.3148,15274.0,0.629,1.407
23212,安城市,39580,19741,0.4988,30745,7759,0.196,0.2569,10147.0,0.515,1.31
23342,豊山町,3705,1847,0.4985,2869,475,0.1282,0.2202,758.0,0.442,1.718
27226,藤井寺市,18089,8999,0.4975,12540,2036,0.1126,0.2282,4125.0,0.459,2.028
11324,三芳町,11643,5786,0.497,7057,1955,0.1679,0.1969,2270.0,0.396,1.173
19210,甲斐市,18972,9408,0.4959,15996,3322,0.1751,0.2279,4351.0,0.46,1.302
29202,大和高田市,19187,9450,0.4925,15197,3317,0.1729,0.3002,5800.0,0.61,1.737
27229,四條畷市,15053,7401,0.4917,12473,3037,0.2018,0.3177,4813.0,0.646,1.575
40221,太宰府市,20153,9906,0.4915,13705,3044,0.151,0.34,6912.0,0.692,2.251
28214,宝塚市,63676,31289,0.4914,45829,17383,0.273,0.2985,19010.0,0.607,1.093
14321,寒川町,13145,6427,0.4889,9776,1984,0.1509,0.3347,4434.0,0.684,2.217
06201,山形市,72247,35323,0.4889,54035,15944,0.2207,0.2307,16688.0,0.472,1.045
26209,長岡京市,21969,10712,0.4876,15808,3741,0.1703,0.3542,7800.0,0.726,2.08
01213,苫小牧市,50001,24362,0.4872,41477,9615,0.1923,0.2218,11097.0,0.455,1.154
23424,大治町,6707,3266,0.487,5690,991,0.1478,0.329,2193.0,0.676,2.226
40343,志免町,10818,5263,0.4865,7065,2461,0.2275,0.2475,2731.0,0.509,1.088
13201,八王子市,153512,74654,0.4863,115077,27967,0.1822,0.3981,61105.0,0.819,2.185
11442,宮代町,10986,5323,0.4845,8686,2847,0.2591,0.3567,3914.0,0.736,1.376
28382,播磨町,9263,4464,0.4819,6860,1067,0.1152,0.2302,2109.0,0.478,1.998
11214,春日部市,68772,33115,0.4815,49792,9974,0.145,0.2424,16645.0,0.503,1.671
12228,四街道市,27037,12968,0.4796,22332,6302,0.2331,0.2598,7032.0,0.542,1.115
01217,江別市,36730,17596,0.4791,30872,3872,0.1054,0.3083,11339.0,0.643,2.924
28216,高砂市,25681,12299,0.4789,19291,5155,0.2007,0.3071,7862.0,0.641,1.53
26207,城陽市,25175,12044,0.4784,18932,2234,0.0887,0.3223,8091.0,0.674,3.632
14301,葉山町,10094,4828,0.4783,6417,2061,0.2042,0.3953,3981.0,0.827,1.936
46201,鹿児島市,158614,75866,0.4783,113040,39770,0.2507,0.2647,42036.0,0.553,1.056
01402,岩内町,4366,2079,0.4762,3450,862,0.1974,0.3526,1539.0,0.741,1.786
26210,八幡市,22215,10574,0.476,16061,4257,0.1916,0.321,7079.0,0.674,1.675
36401,松茂町,3933,1872,0.476,3671,1210,0.3077,0.2406,942.0,0.506,0.782
39201,高知市,95899,45583,0.4753,70928,24454,0.255,0.2081,19955.0,0.438,0.816
23229,豊明市,17930,8495,0.4738,15003,3158,0.1761,0.279,5056.0,0.589,1.584
11201,川越市,89087,42105,0.4726,63928,17723,0.1989,0.2749,24479.0,0.582,1.382
01204,旭川市,112383,52895,0.4707,90509,16796,0.1495,0.2485,27929.0,0.528,1.662
01224,千歳市,22686,10659,0.4698,20183,3735,0.1646,0.2203,4999.0,0.469,1.338
40349,粕屋町,8600,4038,0.4695,6443,941,0.1094,0.2733,2327.0,0.582,2.498
27208,貝塚市,23174,10871,0.4691,20609,4948,0.2135,0.3151,7252.0,0.672,1.476
23209,碧南市,17291,8100,0.4685,12654,2787,0.1612,0.2171,3745.0,0.463,1.347
23201,豊橋市,95867,44722,0.4665,70521,19889,0.2075,0.235,22500.0,0.504,1.133
14214,伊勢原市,26784,12468,0.4655,20521,4711,0.1759,0.3344,8888.0,0.718,1.901
01206,釧路市,56425,26262,0.4654,47912,9239,0.1637,0.2608,14696.0,0.56,1.593
11231,桶川市,22122,10233,0.4626,17176,4203,0.19,0.2272,5027.0,0.491,1.196
23234,北名古屋市,20718,9557,0.4613,16456,1829,0.0883,0.2811,5845.0,0.609,3.184
11219,上尾市,61601,28346,0.4602,46447,8468,0.1375,0.2337,14309.0,0.508,1.7
47350,南風原町,8054,3701,0.4595,6588,662,0.0822,0.1999,1571.0,0.435,2.432
23210,刈谷市,31081,14272,0.4592,25834,3176,0.1022,0.3024,9382.0,0.658,2.959
11225,入間市,42899,19672,0.4586,31926,4201,0.0979,0.238,10217.0,0.519,2.431
23206,春日井市,79426,36424,0.4586,63075,13297,0.1674,0.2832,22522.0,0.618,1.692
30361,湯浅町,4071,1866,0.4584,2340,953,0.2341,0.2765,1131.0,0.603,1.181
40219,大野城市,22747,10355,0.4552,15879,3625,0.1594,0.2509,5615.0,0.551,1.575
22203,沼津市,60360,27445,0.4547,43092,11089,0.1837,0.2608,15774.0,0.574,1.419
47212,豊見城市,12952,5880,0.454,9455,1977,0.1526,0.1284,1634.0,0.283,0.841
23214,蒲郡市,23414,10573,0.4516,18701,5386,0.23,0.2866,6709.0,0.635,1.246
10524,大泉町,9402,4235,0.4504,7530,1955,0.2079,0.2014,1906.0,0.447,0.969
27219,和泉市,46892,21119,0.4504,38570,8550,0.1823,0.315,14803.0,0.699,1.728
34100,広島市,301090,135588,0.4503,212864,67335,0.2236,0.2517,75728.0,0.559,1.125
14204,鎌倉市,53513,24027,0.449,38386,8748,0.1635,0.3989,21290.0,0.888,2.44
13205,青梅市,42506,19076,0.4488,31484,11329,0.2665,0.3765,15997.0,0.839,1.413
27221,柏原市,19834,8868,0.4471,13930,2156,0.1087,0.3369,6726.0,0.754,3.1
30207,新宮市,10120,4494,0.4441,6880,2310,0.2283,0.3106,3140.0,0.699,1.361
23222,東海市,24993,11008,0.4404,20020,1591,0.0637,0.2849,7125.0,0.647,4.476
44202,別府市,39011,17156,0.4398,25921,6323,0.1621,0.2505,9775.0,0.57,1.546
11237,三郷市,38399,16836,0.4384,29878,2883,0.0751,0.2489,9609.0,0.568,3.316
26204,宇治市,53723,23544,0.4382,39901,7824,0.1456,0.2758,14838.0,0.629,1.894
43100,熊本市,190945,83643,0.438,139899,36860,0.193,0.2587,49423.0,0.591,1.34
17201,金沢市,120705,52672,0.4364,89088,18030,0.1494,0.1985,24065.0,0.455,1.329
19201,甲府市,54546,23645,0.4335,39489,7044,0.1291,0.2429,13235.0,0.56,1.881
38201,松山市,139182,59732,0.4292,99612,24840,0.1785,0.2572,35893.0,0.599,1.441
27230,交野市,21844,9369,0.4289,16460,3444,0.1577,0.2934,6331.0,0.684,1.861
27213,泉佐野市,26160,11217,0.4288,18121,3475,0.1328,0.3105,8146.0,0.724,2.338
01207,帯広市,49008,20970,0.4279,39322,5689,0.1161,0.2184,10699.0,0.51,1.881
23238,長久手市,10120,4328,0.4277,8366,1493,0.1475,0.3026,2978.0,0.708,2.051
27231,大阪狭山市,16360,6985,0.427,10787,2939,0.1796,0.3948,6487.0,0.925,2.198
27210,枚方市,109847,46765,0.4257,81151,11409,0.1039,0.2809,30979.0,0.66,2.705
27202,岸和田市,53418,22731,0.4255,39664,7923,0.1483,0.2978,15933.0,0.7,2.008
04211,岩沼市,11739,4990,0.4251,10768,2395,0.204,0.1994,2344.0,0.469,0.977
14218,綾瀬市,23183,9843,0.4246,18425,2130,0.0919,0.3164,7337.0,0.745,3.444
34309,坂町,3724,1581,0.4245,2205,1050,0.282,0.3251,1208.0,0.766,1.153
23228,岩倉市,11990,5084,0.424,9389,1103,0.092,0.2618,3140.0,0.617,2.846
22100,静岡市,209603,88716,0.4233,147252,34163,0.163,0.2525,52929.0,0.597,1.549
27362,田尻町,2060,871,0.4228,2000,697,0.3383,0.4401,879.0,1.041,1.301
14208,逗子市,17910,7573,0.4228,12062,1651,0.0922,0.4222,7578.0,0.999,4.58
27204,池田市,27826,11750,0.4223,17911,4507,0.162,0.2532,7036.0,0.6,1.563
40231,那珂川市,11636,4914,0.4223,7171,2837,0.2438,0.2414,2826.0,0.572,0.99
40345,新宮町,6344,2676,0.4218,5275,1212,0.191,0.239,1440.0,0.567,1.251
28206,芦屋市,27827,11718,0.4211,20573,2925,0.1051,0.2065,5710.0,0.49,1.964
40100,北九州市,286082,120137,0.4199,200388,44205,0.1545,0.2808,80364.0,0.669,1.817
47210,糸満市,13473,5656,0.4198,10814,3859,0.2864,0.235,3177.0,0.56,0.82
12220,流山市,46082,19316,0.4192,32936,6159,0.1337,0.2396,11035.0,0.572,1.793
10426,草津町,2353,980,0.4165,1751,522,0.2218,0.4748,1115.0,1.14,2.14
28203,明石市,79205,32739,0.4133,59867,8156,0.103,0.2652,21112.0,0.642,2.575
34302,府中町,12404,5110,0.412,8070,2089,0.1684,0.1899,2387.0,0.461,1.128
04100,仙台市,256987,105802,0.4117,183887,35311,0.1374,0.2791,71785.0,0.678,2.031
47207,石垣市,10452,4292,0.4106,5406,2038,0.195,0.3156,3308.0,0.769,1.618
12100,千葉市,250079,102656,0.4105,182064,29183,0.1167,0.2531,63275.0,0.617,2.169
27301,島本町,8482,3480,0.4103,5102,1748,0.2061,0.2695,2288.0,0.657,1.308
14206,小田原市,56609,23178,0.4094,40524,9841,0.1738,0.3081,17437.0,0.753,1.773
14212,厚木市,57346,23469,0.4093,44787,10266,0.179,0.3142,18075.0,0.768,1.755
13212,日野市,45579,18583,0.4077,35360,3068,0.0673,0.3353,15308.0,0.822,4.982
14384,湯河原町,9946,4046,0.4068,6720,2397,0.241,0.3204,3191.0,0.788,1.329
12224,鎌ケ谷市,31654,12867,0.4065,24198,3431,0.1084,0.2804,8829.0,0.69,2.587
13224,多摩市,42645,17222,0.4038,28172,3622,0.0849,0.3453,14703.0,0.855,4.065
11243,吉川市,17377,7017,0.4038,13045,2996,0.1724,0.2698,4672.0,0.668,1.565
14201,横須賀市,124472,50033,0.402,89893,13449,0.108,0.3557,44364.0,0.885,3.292
22342,長泉町,9626,3856,0.4006,6573,1854,0.1926,0.2318,2215.0,0.579,1.204
28100,神戸市,418976,167322,0.3994,260866,59903,0.143,0.2601,109028.0,0.651,1.819
14401,愛川町,11987,4761,0.3972,8979,2133,0.1779,0.2698,3223.0,0.679,1.516
12217,柏市,110252,43775,0.397,76314,10410,0.0944,0.2639,29082.0,0.665,2.795
19384,昭和町,4070,1611,0.3958,3325,78,0.0192,0.1953,778.0,0.493,10.188
12221,八千代市,50353,19922,0.3956,36335,5077,0.1008,0.2743,13847.0,0.693,2.72
13225,稲城市,20143,7904,0.3924,14035,1616,0.0802,0.2704,5432.0,0.689,3.371
27207,高槻市,102590,40170,0.3916,66270,16434,0.1602,0.2624,26822.0,0.67,1.638
27220,箕面市,35100,13699,0.3903,24044,4047,0.1153,0.2278,8032.0,0.584,1.976
27225,高石市,15668,6103,0.3895,10491,508,0.0324,0.286,4480.0,0.734,8.82
34304,海田町,6961,2702,0.3882,4930,1617,0.2323,0.1607,1135.0,0.414,0.692
17212,野々市市,11744,4541,0.3867,8968,643,0.0548,0.1682,1884.0,0.435,3.071
37403,琴平町,3463,1335,0.3855,2568,744,0.2148,0.3003,1042.0,0.779,1.398
13364,神津島村,587,225,0.3833,437,70,0.1193,0.37,217.0,0.965,3.103
11208,所沢市,87050,33300,0.3825,61635,10488,0.1205,0.2529,22015.0,0.661,2.099
14205,藤沢市,106906,40562,0.3794,75903,8805,0.0824,0.2759,29393.0,0.727,3.35
14215,海老名市,33831,12669,0.3745,24304,2582,0.0763,0.3287,11117.0,0.878,4.306
12216,習志野市,40258,15052,0.3739,28202,393,0.0098,0.2975,12044.0,0.796,30.476
13209,町田市,116720,43437,0.3721,79555,11197,0.0959,0.3201,37283.0,0.86,3.337
04209,多賀城市,15429,5718,0.3706,12830,825,0.0535,0.2527,3914.0,0.682,4.725
01202,函館市,89043,32981,0.3704,67742,13521,0.1518,0.2331,20807.0,0.629,1.535
11222,越谷市,87079,31820,0.3654,58658,8168,0.0938,0.2352,20491.0,0.644,2.507
14150,相模原市,185014,66741,0.3607,130557,20680,0.1118,0.2767,51247.0,0.767,2.475
11234,八潮市,21329,7622,0.3574,18103,2234,0.1047,0.2866,6099.0,0.802,2.736
11100,さいたま市,304869,108298,0.3552,203006,28587,0.0938,0.2323,70859.0,0.654,2.478
14203,平塚市,72444,25550,0.3527,50658,6080,0.0839,0.2694,19537.0,0.764,3.21
22341,清水町,8198,2878,0.3511,6897,1092,0.1332,0.2061,1707.0,0.587,1.547
26303,大山崎町,4280,1476,0.3449,2832,862,0.2014,0.5688,2475.0,1.649,2.824
14100,横浜市,920503,314168,0.3413,589280,51964,0.0565,0.2432,223886.0,0.713,4.308
27211,茨木市,68457,23056,0.3368,48725,6722,0.0982,0.2851,19586.0,0.846,2.903
47375,多良間村,323,108,0.3344,108,27,0.0836,0.1693,55.0,0.506,2.026
08309,大洗町,5263,1755,0.3335,3490,997,0.1894,0.2183,1141.0,0.655,1.153
27217,松原市,34993,11650,0.3329,24460,1751,0.05,0.2891,10196.0,0.868,5.778
13219,狛江市,20010,6574,0.3285,12096,412,0.0206,0.2254,4499.0,0.686,10.948
47205,宜野湾市,18831,6109,0.3244,12108,583,0.031,0.1555,2944.0,0.479,5.024
26208,向日市,15322,4960,0.3237,11540,1404,0.0916,0.2584,3918.0,0.798,2.82
27218,大東市,31094,10027,0.3225,20401,577,0.0186,0.1948,6126.0,0.604,10.496
11229,和光市,15415,4950,0.3211,10093,851,0.0552,0.3474,5225.0,1.082,6.293
27140,堺市,232994,74761,0.3209,149204,17735,0.0761,0.2644,61635.0,0.824,3.473
13206,府中市,56730,18141,0.3198,37751,2943,0.0519,0.3465,19671.0,1.084,6.68
11230,新座市,41937,13346,0.3182,27014,2506,0.0598,0.2068,8721.0,0.65,3.46
11235,富士見市,26889,8514,0.3166,16887,2083,0.0775,0.1901,5164.0,0.6,2.453
13213,東村山市,40808,12831,0.3144,22443,1419,0.0348,0.2518,10261.0,0.801,7.241
28207,伊丹市,51607,16012,0.3103,29824,2644,0.0512,0.2664,13712.0,0.859,5.199
01100,札幌市,541415,167252,0.3089,363906,37751,0.0697,0.2359,127665.0,0.764,3.383
13210,小金井市,25931,7988,0.308,14479,1116,0.043,0.2704,6919.0,0.878,6.282
28204,西宮市,115707,35437,0.3063,67415,12843,0.111,0.2381,27605.0,0.777,2.145
47211,沖縄市,28945,8854,0.3059,17382,1489,0.0514,0.1676,4835.0,0.548,3.257
27212,八尾市,75139,22840,0.304,49833,2959,0.0394,0.2491,18660.0,0.82,6.326
13215,国立市,17483,5292,0.3027,8792,447,0.0256,0.2911,5167.0,0.962,11.386
12204,船橋市,153564,46135,0.3004,94479,9114,0.0593,0.2869,43832.0,0.955,4.834
27205,吹田市,89121,25561,0.2868,56148,2018,0.0226,0.2226,19698.0,0.776,9.829
15586,粟島浦村,146,41,0.2808,41,47,0.3219,0.469,68.0,1.67,1.457
40218,春日市,24534,6850,0.2792,16601,356,0.0145,0.1665,4059.0,0.596,11.476
11241,鶴ヶ島市,20590,5685,0.2761,12865,861,0.0418,0.2074,4197.0,0.751,4.959
27224,摂津市,21916,6016,0.2745,17636,1507,0.0688,0.2929,6472.0,1.067,4.259
13218,福生市,15238,4179,0.2742,10008,604,0.0396,0.2289,3469.0,0.835,5.775
23100,名古屋市,565144,151876,0.2687,368203,19382,0.0343,0.2415,136704.0,0.898,7.041
13202,立川市,45596,11964,0.2624,24807,791,0.0173,0.3014,13723.0,1.149,17.376
13221,清瀬市,21431,5599,0.2613,17357,592,0.0276,0.4347,9337.0,1.664,15.735
14207,茅ヶ崎市,64930,16931,0.2608,41809,3470,0.0534,0.2597,16849.0,0.996,4.859
27206,泉大津市,19022,4944,0.2599,10757,422,0.0222,0.2165,4100.0,0.833,9.757
12203,市川市,102231,26521,0.2594,61088,4059,0.0397,0.2593,26806.0,1.0,6.532
13220,東大和市,22726,5891,0.2592,15621,1654,0.0728,0.1984,4548.0,0.765,2.726
26100,京都市,394178,101377,0.2572,194404,35815,0.0909,0.2421,95488.0,0.941,2.665
40130,福岡市,338711,85803,0.2533,186308,23644,0.0698,0.229,77618.0,0.904,3.281
12207,松戸市,127637,31768,0.2489,73721,4211,0.033,0.2238,28561.0,0.899,6.785
13211,小平市,45491,11072,0.2434,28984,1046,0.023,0.2296,10346.0,0.943,9.985
11228,志木市,18743,4555,0.243,12868,404,0.0216,0.2534,4735.0,1.043,11.754
13227,羽村市,14736,3550,0.2409,10345,640,0.0434,0.2346,3455.0,0.974,5.402
11203,川口市,137970,33010,0.2393,78837,6508,0.0472,0.1911,26351.0,0.799,4.05
13223,武蔵村山市,19084,4537,0.2377,14181,427,0.0224,0.3305,6229.0,1.39,14.772
13207,昭島市,29993,7095,0.2366,14743,341,0.0114,0.2465,7397.0,1.042,21.684
47348,与那原町,3857,911,0.2362,2005,196,0.0508,0.131,511.0,0.555,2.578
27215,寝屋川市,68748,16132,0.2347,45357,3601,0.0524,0.2223,15129.0,0.947,4.244
14130,川崎市,301183,69224,0.2298,156590,10897,0.0362,0.1739,52383.0,0.757,4.808
14216,座間市,33371,7587,0.2274,19858,1527,0.0458,0.2251,7571.0,0.99,4.919
11245,ふじみ野市,29302,6598,0.2252,15900,1405,0.0479,0.141,4134.0,0.626,2.941
13214,国分寺市,27378,6060,0.2213,17118,239,0.0087,0.2468,6709.0,1.115,28.271
12227,浦安市,30036,6403,0.2132,17750,376,0.0125,0.2277,6823.0,1.068,18.186
13120,練馬区,159531,33265,0.2085,86012,2089,0.0131,0.1622,25830.0,0.778,12.383
13222,東久留米市,32587,6693,0.2054,18123,1491,0.0458,0.1798,5886.0,0.875,3.929
11221,草加市,61652,12578,0.204,33328,1218,0.0198,0.2237,13795.0,1.097,11.324
27203,豊中市,105132,21294,0.2025,59912,885,0.0084,0.1691,17821.0,0.835,20.089
27227,東大阪市,135800,27347,0.2014,89885,1566,0.0115,0.2205,29938.0,1.095,19.119
13229,西東京市,48333,9398,0.1944,29662,560,0.0116,0.2429,11767.0,1.249,20.964
13208,調布市,50349,9418,0.1871,26693,266,0.0053,0.2166,10919.0,1.158,40.997
13204,三鷹市,41572,7584,0.1824,24765,656,0.0158,0.2271,9452.0,1.245,14.39
27223,門真市,35270,6219,0.1763,23592,717,0.0203,0.2099,7468.0,1.191,10.327
13112,世田谷区,189398,32540,0.1718,86439,665,0.0035,0.1334,25357.0,0.777,38.002
14213,大和市,56526,9324,0.165,33810,1059,0.0187,0.2651,15029.0,1.607,14.149
11227,朝霞市,27810,4571,0.1644,18683,705,0.0254,0.1928,5308.0,1.173,7.605
28202,尼崎市,120292,19537,0.1624,55062,1446,0.012,0.1768,21235.0,1.089,14.707
47208,浦添市,23303,3785,0.1624,11392,566,0.0243,0.1373,3183.0,0.845,5.653
13203,武蔵野市,31475,4717,0.1499,15390,221,0.007,0.225,7137.0,1.501,32.04
13123,江戸川区,145750,21708,0.1489,61067,454,0.0031,0.1322,19270.0,0.888,42.441
11224,戸田市,22826,3292,0.1442,11799,626,0.0274,0.1989,4587.0,1.379,7.251
11223,蕨市,17337,2391,0.1379,4862,0,0.0,0.1073,1850.0,0.778,
47201,那覇市,71640,9456,0.132,29585,668,0.0093,0.1453,10503.0,1.101,15.583
13121,足立区,170144,21743,0.1278,82375,717,0.0042,0.1547,26341.0,1.211,36.712
27209,守口市,41006,4985,0.1216,18984,1047,0.0255,0.1636,6689.0,1.346,6.407
13122,葛飾区,111921,13183,0.1178,43538,432,0.0039,0.1477,16530.0,1.254,38.273
13115,杉並区,117378,12549,0.1069,53421,351,0.003,0.1359,15905.0,1.271,45.433
13117,北区,87980,9123,0.1037,30289,0,0.0,0.0876,7652.0,0.844,
27100,大阪市,676534,62183,0.0919,281672,5057,0.0075,0.1356,91788.0,1.475,18.143
13119,板橋区,132383,11223,0.0848,53989,16,0.0001,0.0841,11148.0,0.992,695.606
13111,大田区,162073,12209,0.0753,53274,0,0.0,0.0789,12773.0,1.048,
13118,荒川区,49830,3610,0.0724,12050,26,0.0005,0.0508,2561.0,0.701,97.382
13103,港区,42343,2501,0.0591,10999,0,0.0,0.0855,3638.0,1.448,
13114,中野区,65445,3394,0.0519,17302,174,0.0027,0.0584,3846.0,1.126,21.957
13102,中央区,24825,1200,0.0483,2368,0,0.0,0.0442,1091.0,0.915,
13113,渋谷区,41233,1795,0.0435,9233,0,0.0,0.0517,2135.0,1.188,
13110,目黒区,56336,2010,0.0357,16033,0,0.0,0.0507,2831.0,1.422,
13108,江東区,110180,3622,0.0329,33929,31,0.0003,0.0834,9172.0,2.536,296.337
13107,墨田区,60009,1666,0.0278,9792,303,0.005,0.0388,2333.0,1.398,7.686
13109,品川区,79554,1978,0.0249,13285,0,0.0,0.0625,4970.0,2.513,
13104,新宿区,63282,790,0.0125,11130,0,0.0,0.0482,3044.0,3.859,
13106,台東区,47595,472,0.0099,3219,0,0.0,0.0386,1835.0,3.895,
13116,豊島区,58357,350,0.006,8203,0,0.0,0.026,1519.0,4.327,
13101,千代田区,10841,0,0.0,537,0,0.0,0.0451,490.0,,
13105,文京区,41910,0,0.0,6412,0,0.0,0.0367,1542.0,,
