市区町村コード,市区町村名,総65歳以上人口,居住125mメッシュ数,高齢者密度_人per_km2,圏外65歳以上人口_変種A,圏外率_変種A,圏外65歳以上人口_supermarketのみ,圏外65歳以上人口_変種C125,圏外率_変種C125,農水省_困難人口割合,農水省_困難人口,比_農水省÷変種A,比_農水省÷変種C125
02343,西目屋村,501,105,305.0,501,1.0,501,501,1.0,0.4401,220.0,0.44,0.44
02450,新郷村,1084,254,273.0,1084,1.0,1084,1084,1.0,0.4039,438.0,0.404,0.404
07364,檜枝岐村,196,39,322.0,196,1.0,196,196,1.0,0.4596,89.0,0.46,0.46
07444,三島町,786,138,365.0,786,1.0,786,786,1.0,0.4023,315.0,0.402,0.402
07446,昭和村,693,151,294.0,693,1.0,693,693,1.0,0.5607,389.0,0.561,0.561
13382,御蔵島村,58,13,286.0,58,1.0,58,58,1.0,0.7737,45.0,0.774,0.774
13402,青ヶ島村,31,17,117.0,31,1.0,31,31,1.0,0.7207,22.0,0.721,0.721
14402,清川村,1125,145,497.0,1125,1.0,1125,1020,0.9067,0.2838,321.0,0.284,0.313
20409,平谷村,124,52,153.0,124,1.0,124,76,0.6129,0.4114,54.0,0.411,0.671
29322,山添村,1550,374,265.0,1550,1.0,1550,1550,1.0,0.2043,318.0,0.204,0.204
29385,曽爾村,669,191,224.0,669,1.0,669,669,1.0,0.3131,209.0,0.313,0.313
29386,御杖村,891,249,229.0,891,1.0,891,891,1.0,0.442,394.0,0.442,0.442
29447,野迫川村,183,75,156.0,183,1.0,183,183,1.0,0.4648,84.0,0.465,0.465
29450,下北山村,366,117,200.0,366,1.0,366,366,1.0,0.4265,156.0,0.426,0.426
31403,江府町,1311,209,401.0,1311,1.0,1311,1299,0.9908,0.3019,396.0,0.302,0.305
36302,上勝町,770,242,204.0,770,1.0,770,770,1.0,0.5043,389.0,0.504,0.504
45403,西米良村,496,152,209.0,496,1.0,496,496,1.0,0.3999,175.0,0.4,0.4
46303,三島村,107,35,196.0,107,1.0,107,107,1.0,0.7372,79.0,0.737,0.737
46304,十島村,204,73,179.0,204,1.0,204,204,1.0,0.7215,147.0,0.722,0.722
46524,宇検村,681,106,411.0,681,1.0,681,681,1.0,0.5831,408.0,0.583,0.583
13362,利島村,80,17,301.0,80,1.0,80,80,1.0,0.7472,60.0,0.747,0.747
20429,王滝村,308,95,207.0,308,1.0,308,308,1.0,0.3894,120.0,0.389,0.389
29451,上北山村,234,59,254.0,234,1.0,234,234,1.0,0.4737,109.0,0.474,0.474
29452,川上村,640,174,235.0,640,1.0,640,640,1.0,0.3931,252.0,0.393,0.393
39364,大川村,143,82,112.0,143,1.0,143,143,1.0,0.4085,61.0,0.408,0.408
40609,赤村,1173,292,257.0,1173,1.0,1173,1173,1.0,0.2084,233.0,0.208,0.208
20307,北相木村,270,71,243.0,270,1.0,270,270,1.0,0.4177,113.0,0.418,0.418
32527,知夫村,278,58,307.0,278,1.0,278,278,1.0,0.6625,188.0,0.663,0.663
07445,金山町,1131,245,295.0,1131,1.0,1131,1131,1.0,0.4982,565.0,0.498,0.498
05327,上小阿仁村,1107,172,412.0,1102,0.9955,1107,1064,0.9612,0.4423,490.0,0.444,0.46
02424,東通村,2084,460,290.0,2074,0.9952,2084,2063,0.9899,0.5126,1085.0,0.515,0.518
07422,湯川村,1051,189,356.0,1036,0.9857,1051,970,0.9229,0.1848,197.0,0.187,0.2
40401,小竹町,3006,364,529.0,2960,0.9847,3002,2754,0.9162,0.3778,1141.0,0.384,0.412
11369,東秩父村,1258,326,247.0,1238,0.9841,1238,1201,0.9547,0.1573,198.0,0.16,0.165
27383,千早赤阪村,2153,249,553.0,2117,0.9833,2150,2039,0.9471,0.413,922.0,0.42,0.436
39427,三原村,683,221,198.0,671,0.9824,683,671,0.9824,0.2802,189.0,0.285,0.285
28442,市川町,4186,844,317.0,4088,0.9766,4088,3921,0.9367,0.3714,1554.0,0.38,0.396
10444,川場村,1565,279,359.0,1527,0.9757,1565,1358,0.8677,0.1623,254.0,0.166,0.187
10383,南牧村,1043,235,284.0,1016,0.9741,1016,1008,0.9664,0.3851,405.0,0.395,0.399
43512,山江村,1182,287,264.0,1150,0.9729,1182,996,0.8426,0.3294,385.0,0.339,0.391
29449,十津川村,1313,485,173.0,1277,0.9726,1313,1188,0.9048,0.4221,551.0,0.434,0.467
07564,飯舘村,758,438,111.0,736,0.971,758,709,0.9354,0.0413,31.0,0.043,0.044
20404,阿南町,1936,568,218.0,1878,0.97,1936,1539,0.7949,0.2949,576.0,0.304,0.371
29453,東吉野村,880,252,223.0,852,0.9682,880,814,0.925,0.3848,337.0,0.397,0.416
07544,川内村,967,366,169.0,936,0.9679,967,886,0.9162,0.2062,201.0,0.213,0.225
35502,阿武町,1494,310,308.0,1445,0.9672,1494,1315,0.8802,0.307,467.0,0.317,0.349
39387,仁淀川町,2673,644,266.0,2584,0.9667,2673,2377,0.8893,0.3893,1045.0,0.403,0.438
12426,長柄町,2878,786,234.0,2777,0.9649,2878,2317,0.8051,0.1772,525.0,0.184,0.22
43433,南阿蘇村,4202,1015,265.0,4053,0.9645,4176,3574,0.8505,0.298,1252.0,0.309,0.35
45429,諸塚村,676,215,201.0,652,0.9645,676,651,0.963,0.3496,237.0,0.362,0.363
45443,五ヶ瀬町,1532,450,218.0,1475,0.9628,1507,1360,0.8877,0.2665,397.0,0.277,0.3
02411,六ヶ所村,2645,689,246.0,2545,0.9622,2620,2321,0.8775,0.4825,1263.0,0.501,0.55
20386,中川村,1663,510,209.0,1600,0.9621,1663,1389,0.8352,0.1748,293.0,0.182,0.209
32525,海士町,893,233,245.0,859,0.9619,859,839,0.9395,0.5541,501.0,0.576,0.59
33666,美咲町,5419,1741,199.0,5212,0.9618,5359,4921,0.9081,0.3205,1737.0,0.333,0.353
44461,九重町,3878,1071,232.0,3726,0.9608,3783,3507,0.9043,0.2682,1035.0,0.279,0.297
46501,中種子町,2956,1019,186.0,2839,0.9604,2854,2499,0.8454,0.4522,1342.0,0.471,0.535
08447,河内町,3223,728,283.0,3095,0.9603,3178,2843,0.8821,0.2164,698.0,0.225,0.245
06366,鮭川村,1578,384,263.0,1515,0.9601,1578,1506,0.9544,0.1955,309.0,0.204,0.205
07322,大玉村,2514,762,211.0,2413,0.9598,2514,2226,0.8854,0.1535,377.0,0.16,0.173
40602,添田町,3925,662,379.0,3762,0.9585,3762,3467,0.8833,0.3081,1210.0,0.322,0.349
45442,日之影町,1629,523,199.0,1555,0.9546,1618,1455,0.8932,0.3362,557.0,0.352,0.376
31386,大山町,6184,1069,370.0,5894,0.9531,6099,5112,0.8266,0.2596,1608.0,0.272,0.314
20305,南牧村,997,313,204.0,950,0.9529,963,746,0.7482,0.137,136.0,0.144,0.183
06367,戸沢村,1708,346,316.0,1626,0.952,1708,1504,0.8806,0.2317,395.0,0.243,0.263
19364,早川町,446,166,172.0,424,0.9507,446,401,0.8991,0.4963,224.0,0.522,0.552
13381,三宅村,894,253,226.0,849,0.9497,866,813,0.9094,0.5896,527.0,0.621,0.648
21382,輪之内町,2601,497,335.0,2468,0.9489,2579,2036,0.7828,0.2608,671.0,0.275,0.333
21504,七宗町,1559,376,265.0,1478,0.948,1559,1342,0.8608,0.3073,482.0,0.324,0.357
45431,美郷町,2484,717,222.0,2354,0.9477,2394,2251,0.9062,0.3332,829.0,0.352,0.368
13307,檜原村,1049,261,257.0,994,0.9476,994,970,0.9247,0.4528,479.0,0.478,0.49
20304,川上村,1197,274,280.0,1133,0.9465,1188,949,0.7928,0.0802,96.0,0.085,0.101
01560,滝上町,1077,233,296.0,1019,0.9461,1077,927,0.8607,0.4254,461.0,0.45,0.494
10366,上野村,518,135,246.0,490,0.9459,490,502,0.9691,0.4618,239.0,0.488,0.477
09384,塩谷町,4187,1205,222.0,3954,0.9444,4086,3538,0.845,0.2133,887.0,0.226,0.252
02323,深浦町,3605,538,429.0,3403,0.944,3469,3124,0.8666,0.5266,1962.0,0.558,0.608
32449,邑南町,4584,1565,187.0,4327,0.9439,4461,3816,0.8325,0.3778,1731.0,0.4,0.454
02443,田子町,2197,497,283.0,2073,0.9436,2197,1661,0.756,0.4304,939.0,0.456,0.569
33681,吉備中央町,4532,1683,172.0,4275,0.9433,4422,3853,0.8502,0.3502,1586.0,0.371,0.412
07548,葛尾村,194,141,88.0,183,0.9433,194,171,0.8814,0.0323,6.0,0.034,0.037
05366,井川町,1969,284,444.0,1855,0.9421,1969,1644,0.8349,0.3289,650.0,0.349,0.394
07484,鮫川村,1240,491,162.0,1168,0.9419,1240,1156,0.9323,0.1279,156.0,0.136,0.137
19422,道志村,614,196,200.0,578,0.9414,614,512,0.8339,0.2612,160.0,0.277,0.313
31401,日南町,2182,722,193.0,2054,0.9413,2144,1907,0.874,0.3814,835.0,0.405,0.436
10428,高山村,1309,381,220.0,1232,0.9412,1309,1074,0.8205,0.1767,230.0,0.188,0.215
33643,西粟倉村,497,158,201.0,467,0.9396,497,461,0.9276,0.3688,183.0,0.392,0.398
05349,八峰町,3035,463,420.0,2847,0.9381,2942,2647,0.8722,0.4308,1308.0,0.459,0.494
07344,天栄村,1916,431,285.0,1795,0.9368,1916,1743,0.9097,0.1078,206.0,0.115,0.118
01434,秩父別町,981,235,267.0,918,0.9358,981,739,0.7533,0.2372,234.0,0.253,0.315
46502,南種子町,1962,612,205.0,1836,0.9358,1863,1596,0.8135,0.4556,894.0,0.487,0.56
02425,風間浦村,748,110,435.0,700,0.9358,700,602,0.8048,0.5751,435.0,0.614,0.715
20303,小海町,1836,337,349.0,1718,0.9357,1822,1587,0.8644,0.2456,450.0,0.262,0.284
20410,根羽村,450,147,196.0,421,0.9356,450,375,0.8333,0.3809,170.0,0.407,0.457
26364,笠置町,590,98,385.0,552,0.9356,579,387,0.6559,0.3634,211.0,0.388,0.554
05346,藤里町,1411,249,363.0,1318,0.9341,1411,1149,0.8143,0.3631,513.0,0.389,0.446
01645,豊頃町,1226,408,192.0,1144,0.9331,1171,1112,0.907,0.249,297.0,0.267,0.275
20448,生坂村,713,209,218.0,665,0.9327,665,631,0.885,0.268,187.0,0.287,0.303
21403,大野町,6615,862,491.0,6169,0.9326,6536,5122,0.7743,0.2273,1502.0,0.244,0.294
31402,日野町,1472,295,319.0,1372,0.9321,1372,994,0.6753,0.3569,525.0,0.383,0.528
34462,世羅町,6329,2158,188.0,5898,0.9319,6236,5245,0.8287,0.2708,1717.0,0.291,0.327
45404,木城町,1829,413,283.0,1704,0.9317,1829,1432,0.7829,0.2631,479.0,0.282,0.336
27322,能勢町,3757,798,301.0,3499,0.9313,3689,3210,0.8544,0.3395,1279.0,0.365,0.397
31389,南部町,3893,664,375.0,3623,0.9306,3830,3109,0.7986,0.2442,947.0,0.262,0.306
32386,飯南町,2116,852,159.0,1968,0.9301,1968,1733,0.819,0.2904,614.0,0.312,0.355
09344,市貝町,3357,1087,198.0,3120,0.9294,3341,2805,0.8356,0.2609,865.0,0.281,0.312
07423,柳津町,1391,279,319.0,1292,0.9288,1341,1147,0.8246,0.2642,369.0,0.284,0.32
43513,球磨村,1066,264,258.0,990,0.9287,1066,948,0.8893,0.2544,277.0,0.274,0.286
40625,みやこ町,7894,1468,344.0,7328,0.9283,7721,6658,0.8434,0.3305,2616.0,0.356,0.392
29444,黒滝村,345,108,204.0,320,0.9275,345,295,0.8551,0.3614,124.0,0.39,0.423
03301,雫石町,6128,1600,245.0,5678,0.9266,5948,4489,0.7325,0.1908,1160.0,0.206,0.26
02423,大間町,1700,256,425.0,1575,0.9265,1582,1342,0.7894,0.4495,769.0,0.485,0.569
32505,吉賀町,2710,726,239.0,2509,0.9258,2647,2044,0.7542,0.4045,1100.0,0.437,0.536
02402,七戸町,5935,1273,298.0,5492,0.9254,5577,4954,0.8347,0.3899,2317.0,0.421,0.467
07402,北塩原村,944,236,256.0,872,0.9237,944,829,0.8782,0.2341,222.0,0.253,0.267
04302,七ヶ宿町,586,153,245.0,541,0.9232,586,523,0.8925,0.4212,246.0,0.456,0.472
07362,下郷町,2355,446,338.0,2174,0.9231,2355,1893,0.8038,0.2986,705.0,0.323,0.372
20324,立科町,2424,560,277.0,2237,0.9229,2253,2005,0.8271,0.177,432.0,0.192,0.214
15581,関川村,2213,415,341.0,2042,0.9227,2213,1845,0.8337,0.2041,453.0,0.221,0.245
33606,鏡野町,4680,1440,208.0,4317,0.9224,4563,3729,0.7968,0.3014,1409.0,0.327,0.378
42411,新上五島町,7245,1213,382.0,6670,0.9206,7007,5914,0.8163,0.6051,4525.0,0.657,0.741
18483,おおい町,2540,533,305.0,2338,0.9205,2492,1873,0.7374,0.458,1167.0,0.498,0.621
34545,神石高原町,4065,1635,159.0,3742,0.9205,4025,3320,0.8167,0.3054,1239.0,0.332,0.374
01391,島牧村,563,144,250.0,518,0.9201,563,501,0.8899,0.3895,220.0,0.423,0.438
45430,椎葉村,1135,442,164.0,1044,0.9198,1135,1036,0.9128,0.3588,410.0,0.39,0.393
20363,原村,2661,617,276.0,2447,0.9196,2661,2233,0.8392,0.1901,507.0,0.207,0.226
24443,大台町,3750,797,301.0,3447,0.9192,3616,2903,0.7741,0.2928,1100.0,0.319,0.378
08233,行方市,11616,3561,209.0,10667,0.9183,11441,9882,0.8507,0.2084,2418.0,0.227,0.245
36368,那賀町,3809,973,251.0,3497,0.9181,3766,3104,0.8149,0.3784,1441.0,0.412,0.464
09345,芳賀町,4715,1667,181.0,4329,0.9181,4576,3953,0.8384,0.203,971.0,0.221,0.242
15504,刈羽村,1488,286,333.0,1366,0.918,1428,1224,0.8226,0.1595,225.0,0.174,0.194
30422,太地町,1253,127,631.0,1149,0.917,1253,538,0.4294,0.4981,623.0,0.543,1.16
01667,鶴居村,914,330,177.0,838,0.9168,914,716,0.7834,0.271,247.0,0.296,0.346
46531,天城町,2046,443,296.0,1875,0.9164,2046,1620,0.7918,0.5005,1025.0,0.546,0.632
12427,長南町,3250,967,215.0,2977,0.916,3150,2566,0.7895,0.1488,478.0,0.162,0.188
40608,大任町,1939,347,358.0,1776,0.9159,1871,1573,0.8112,0.2688,524.0,0.293,0.331
40522,大木町,4130,667,396.0,3781,0.9155,4029,2755,0.6671,0.2989,1206.0,0.326,0.448
26367,南山城村,1158,282,263.0,1060,0.9154,1153,1021,0.8817,0.2846,330.0,0.311,0.323
18382,池田町,1078,248,278.0,986,0.9147,1044,925,0.8581,0.425,458.0,0.465,0.495
09411,那珂川町,6035,1779,217.0,5519,0.9145,5846,4643,0.7693,0.2586,1559.0,0.283,0.336
24471,大紀町,3934,680,370.0,3597,0.9143,3799,3448,0.8765,0.3313,1303.0,0.362,0.378
07505,古殿町,1901,756,161.0,1737,0.9137,1901,1542,0.8112,0.1795,340.0,0.196,0.221
05464,東成瀬村,1015,259,251.0,926,0.9123,1015,778,0.7665,0.3535,356.0,0.388,0.461
21506,白川町,3464,1043,213.0,3160,0.9122,3383,2737,0.7901,0.3506,1217.0,0.384,0.444
07407,磐梯町,1236,258,307.0,1127,0.9118,1127,1023,0.8277,0.1895,236.0,0.208,0.229
15405,出雲崎町,1797,404,285.0,1638,0.9115,1696,1403,0.7807,0.2808,506.0,0.308,0.36
12347,多古町,4954,1171,271.0,4515,0.9114,4868,3885,0.7842,0.1534,782.0,0.168,0.196
26463,伊根町,855,153,358.0,779,0.9111,855,718,0.8398,0.4869,455.0,0.534,0.58
10425,嬬恋村,3295,882,239.0,2997,0.9096,3106,2614,0.7933,0.1735,570.0,0.191,0.219
20486,小谷村,1024,320,205.0,931,0.9092,983,772,0.7539,0.293,297.0,0.322,0.389
41423,大町町,2571,239,688.0,2335,0.9082,2555,1962,0.7631,0.219,562.0,0.241,0.287
28501,佐用町,6856,1446,303.0,6226,0.9081,6706,5918,0.8632,0.3673,2517.0,0.405,0.426
06363,舟形町,2073,360,369.0,1882,0.9079,2073,1599,0.7713,0.2376,500.0,0.262,0.308
32448,美郷町,2071,730,182.0,1880,0.9078,1880,1847,0.8918,0.3682,767.0,0.406,0.413
03506,九戸村,2383,592,258.0,2163,0.9077,2383,1968,0.8258,0.2612,621.0,0.288,0.316
33586,新庄村,346,101,219.0,314,0.9075,314,304,0.8786,0.3376,117.0,0.372,0.384
46491,南大隅町,3183,765,266.0,2883,0.9057,3023,2448,0.7691,0.4776,1527.0,0.527,0.621
02405,六戸町,3536,829,273.0,3202,0.9055,3376,2546,0.72,0.4153,1466.0,0.459,0.577
07503,平田村,2076,1050,127.0,1878,0.9046,2025,1662,0.8006,0.1532,315.0,0.169,0.191
31329,八頭町,5784,841,440.0,5232,0.9046,5774,4791,0.8283,0.1907,1104.0,0.211,0.23
20350,長和町,2388,511,299.0,2160,0.9045,2388,1787,0.7483,0.2271,540.0,0.251,0.303
10367,神流町,1018,210,310.0,920,0.9037,1018,858,0.8428,0.3881,392.0,0.429,0.461
28365,多可町,7305,1328,352.0,6596,0.9029,7008,6107,0.836,0.3151,2302.0,0.349,0.377
43369,和水町,3972,897,283.0,3585,0.9026,3824,2875,0.7238,0.2889,1144.0,0.32,0.399
11349,ときがわ町,4082,778,336.0,3684,0.9025,3939,2932,0.7183,0.1811,741.0,0.201,0.252
20412,売木村,265,127,134.0,239,0.9019,265,219,0.8264,0.4896,127.0,0.543,0.592
39344,大豊町,1897,766,158.0,1708,0.9004,1828,1587,0.8366,0.4295,819.0,0.477,0.513
08364,大子町,7282,1938,240.0,6555,0.9002,6693,5989,0.8224,0.2971,2159.0,0.33,0.361
36405,上板町,4037,729,354.0,3632,0.8997,3948,2990,0.7406,0.241,974.0,0.268,0.325
12342,神崎町,2021,342,378.0,1818,0.8996,1956,1361,0.6734,0.2345,472.0,0.261,0.348
20452,筑北村,1911,463,264.0,1718,0.899,1911,1423,0.7446,0.2659,513.0,0.296,0.357
36301,勝浦町,2119,429,316.0,1905,0.899,1922,1426,0.673,0.33,702.0,0.367,0.49
41441,太良町,3150,629,321.0,2831,0.8987,3150,2523,0.801,0.2075,655.0,0.231,0.259
28222,養父市,8745,1364,410.0,7853,0.898,8481,6260,0.7158,0.381,3334.0,0.424,0.532
24461,玉城町,4278,577,475.0,3841,0.8978,4227,2816,0.6583,0.1797,765.0,0.2,0.273
21507,東白川村,906,355,163.0,812,0.8962,861,629,0.6943,0.3138,286.0,0.35,0.452
10523,千代田町,3395,559,389.0,3042,0.896,3372,2173,0.6401,0.1862,628.0,0.208,0.291
04422,大郷町,3029,750,258.0,2712,0.8953,3029,2241,0.7398,0.1664,502.0,0.186,0.225
33215,美作市,10795,2702,256.0,9657,0.8946,10578,8579,0.7947,0.3315,3580.0,0.371,0.417
35213,美祢市,9893,2520,251.0,8847,0.8943,9648,7475,0.7556,0.1544,1529.0,0.173,0.204
12409,芝山町,2504,714,224.0,2239,0.8942,2466,1994,0.7963,0.1211,318.0,0.135,0.152
08229,稲敷市,14282,2918,313.0,12766,0.8939,13473,10689,0.7484,0.2096,3004.0,0.235,0.28
07521,三春町,5918,1100,344.0,5289,0.8937,5644,4110,0.6945,0.2115,1244.0,0.237,0.305
30382,日高町,2257,499,289.0,2017,0.8937,2257,1523,0.6748,0.3843,890.0,0.43,0.57
02387,中泊町,4277,568,482.0,3822,0.8936,4259,3232,0.7557,0.4604,1975.0,0.515,0.609
07405,西会津町,2717,549,317.0,2428,0.8936,2428,2157,0.7939,0.3358,913.0,0.376,0.423
24561,御浜町,3311,617,343.0,2957,0.8931,3067,2594,0.7834,0.3582,1182.0,0.401,0.457
41387,玄海町,1766,397,285.0,1577,0.893,1761,1371,0.7763,0.2349,417.0,0.263,0.303
07545,大熊町,84,32,168.0,75,0.8929,84,26,0.3095,0.0765,7.0,0.086,0.247
36342,神山町,2525,760,213.0,2254,0.8927,2458,2058,0.815,0.4069,1027.0,0.456,0.499
45361,高原町,3616,887,261.0,3228,0.8927,3501,2720,0.7522,0.2916,1052.0,0.327,0.388
07464,泉崎村,1983,487,261.0,1770,0.8926,1882,1259,0.6349,0.1347,267.0,0.151,0.212
24441,多気町,4842,838,370.0,4316,0.8914,4698,3695,0.7631,0.1531,742.0,0.172,0.201
28446,神河町,4055,931,279.0,3612,0.8908,3742,3142,0.7748,0.356,1444.0,0.4,0.459
46534,知名町,2170,437,318.0,1932,0.8903,2170,1743,0.8032,0.5788,1252.0,0.65,0.721
32526,西ノ島町,1262,161,502.0,1123,0.8899,1123,1044,0.8273,0.546,704.0,0.614,0.66
21503,川辺町,3312,511,415.0,2947,0.8898,3147,2397,0.7237,0.2703,854.0,0.304,0.373
17324,川北町,1452,187,497.0,1292,0.8898,1452,855,0.5888,0.1251,181.0,0.141,0.213
34431,大崎上島町,3244,558,372.0,2885,0.8893,3101,2510,0.7737,0.4577,1513.0,0.515,0.592
01331,松前町,3205,374,548.0,2848,0.8886,3197,2194,0.6846,0.4621,1509.0,0.52,0.675
42321,東彼杵町,2922,630,297.0,2593,0.8874,2828,2138,0.7317,0.4015,1201.0,0.452,0.549
28481,上郡町,5451,866,403.0,4834,0.8868,5005,4064,0.7456,0.3498,1908.0,0.394,0.469
01437,北竜町,776,228,218.0,688,0.8866,776,581,0.7487,0.3753,291.0,0.423,0.501
05348,三種町,6934,1064,417.0,6147,0.8865,6730,5372,0.7747,0.3726,2584.0,0.42,0.481
12422,睦沢町,2870,653,281.0,2544,0.8864,2862,2142,0.7463,0.2144,610.0,0.242,0.287
09343,茂木町,5090,1636,199.0,4510,0.8861,4862,4004,0.7866,0.2577,1308.0,0.291,0.328
01363,厚沢部町,1535,421,233.0,1360,0.886,1535,1286,0.8378,0.295,454.0,0.333,0.352
08442,美浦村,4692,850,353.0,4157,0.886,4410,3254,0.6935,0.1616,756.0,0.182,0.233
30304,紀美野町,4029,783,329.0,3567,0.8853,3937,3291,0.8168,0.393,1576.0,0.444,0.481
11381,美里町,3710,685,347.0,3282,0.8846,3646,2555,0.6887,0.1834,682.0,0.207,0.266
01403,泊村,614,117,336.0,543,0.8844,614,394,0.6417,0.4429,277.0,0.501,0.69
04341,丸森町,5314,1700,200.0,4699,0.8843,5076,4322,0.8133,0.2378,1259.0,0.269,0.292
31364,三朝町,2389,410,373.0,2112,0.8841,2218,1615,0.676,0.3073,740.0,0.348,0.455
41425,白石町,7987,1892,270.0,7058,0.8837,7635,5085,0.6367,0.1926,1538.0,0.218,0.303
24442,明和町,7017,835,538.0,6199,0.8834,6823,4722,0.6729,0.1982,1389.0,0.224,0.295
09407,那須町,9687,3407,182.0,8557,0.8833,9424,7310,0.7546,0.2548,2469.0,0.288,0.338
05434,美郷町,7314,2020,232.0,6459,0.8831,7189,5697,0.7789,0.3017,2223.0,0.342,0.387
42212,西海市,9905,2144,296.0,8747,0.8831,9126,7822,0.7897,0.4751,4838.0,0.538,0.602
43484,津奈木町,1752,341,329.0,1545,0.8818,1676,1402,0.8002,0.308,551.0,0.349,0.385
10449,みなかみ町,7012,1530,293.0,6180,0.8813,6935,5159,0.7357,0.2244,1574.0,0.255,0.305
10424,長野原町,1981,584,217.0,1745,0.8809,1934,1502,0.7582,0.2134,425.0,0.242,0.281
08310,城里町,6787,1585,274.0,5977,0.8807,6295,5185,0.764,0.2181,1478.0,0.248,0.286
28223,丹波市,21542,3815,361.0,18973,0.8807,20489,15991,0.7423,0.3638,7833.0,0.413,0.49
01511,猿払村,617,225,176.0,543,0.8801,562,378,0.6126,0.2933,180.0,0.333,0.479
32343,奥出雲町,5132,1684,195.0,4516,0.88,5046,4349,0.8474,0.3015,1547.0,0.343,0.356
43425,産山村,589,218,173.0,518,0.8795,572,469,0.7963,0.3204,190.0,0.364,0.402
30424,古座川町,1373,334,263.0,1206,0.8784,1312,1041,0.7582,0.4862,666.0,0.553,0.641
29441,吉野町,3227,621,333.0,2833,0.8779,3058,2193,0.6796,0.3338,1080.0,0.38,0.491
17461,穴水町,3790,687,353.0,3323,0.8768,3591,2838,0.7488,0.311,1204.0,0.355,0.415
34369,北広島町,6922,2572,172.0,6069,0.8768,6766,5169,0.7467,0.3407,2357.0,0.389,0.456
36321,佐那河内村,990,273,232.0,868,0.8768,990,755,0.7626,0.2954,291.0,0.337,0.387
39405,檮原町,1542,469,210.0,1352,0.8768,1385,1146,0.7432,0.3783,579.0,0.432,0.509
06403,飯豊町,2572,755,218.0,2255,0.8767,2385,2082,0.8095,0.1965,502.0,0.224,0.243
20309,佐久穂町,3926,695,362.0,3442,0.8767,3748,2618,0.6668,0.1861,737.0,0.212,0.279
40646,上毛町,2612,548,305.0,2289,0.8763,2422,1938,0.742,0.331,866.0,0.378,0.446
25384,竜王町,3338,418,511.0,2925,0.8763,3267,2197,0.6582,0.3151,1045.0,0.36,0.479
45405,川南町,5361,1701,202.0,4696,0.876,5147,3661,0.6829,0.2324,1261.0,0.265,0.34
34214,安芸高田市,11098,3088,230.0,9720,0.8758,10614,8030,0.7236,0.2698,2998.0,0.308,0.373
20590,飯綱町,4223,802,337.0,3694,0.8747,3970,3186,0.7544,0.1881,787.0,0.215,0.249
15385,阿賀町,4944,852,371.0,4323,0.8744,4873,3838,0.7763,0.3037,1502.0,0.347,0.391
01575,壮瞥町,1239,246,322.0,1083,0.8741,1170,986,0.7958,0.4092,506.0,0.468,0.514
08234,鉾田市,15470,4743,209.0,13518,0.8738,14538,11645,0.7527,0.2358,3644.0,0.27,0.313
01604,新冠町,1753,478,235.0,1531,0.8734,1722,1336,0.7621,0.3365,588.0,0.385,0.442
13401,八丈町,2801,601,298.0,2444,0.8725,2444,1626,0.5805,0.521,1459.0,0.597,0.897
20414,泰阜村,649,313,133.0,566,0.8721,649,591,0.9106,0.2753,179.0,0.316,0.302
30392,日高川町,3369,879,245.0,2936,0.8715,3369,2654,0.7878,0.3742,1268.0,0.429,0.475
04424,大衡村,1720,487,226.0,1497,0.8703,1720,1230,0.7151,0.1886,322.0,0.217,0.264
20349,青木村,1617,359,288.0,1407,0.8701,1617,1261,0.7798,0.2048,333.0,0.235,0.263
46532,伊仙町,2323,686,217.0,2021,0.87,2144,1667,0.7176,0.5358,1245.0,0.616,0.747
03484,田野畑村,1299,462,180.0,1130,0.8699,1299,1071,0.8245,0.2801,363.0,0.322,0.34
03501,軽米町,3526,929,243.0,3067,0.8698,3526,2761,0.783,0.3188,1123.0,0.367,0.407
28225,朝来市,10340,1682,393.0,8993,0.8697,9429,7496,0.725,0.3767,3899.0,0.433,0.52
45441,高千穂町,5038,1195,270.0,4380,0.8694,4748,3400,0.6749,0.2876,1443.0,0.331,0.426
15482,津南町,3787,687,353.0,3290,0.8688,3392,2700,0.713,0.3171,1194.0,0.365,0.445
03302,葛巻町,2735,710,247.0,2376,0.8687,2546,2080,0.7605,0.3777,1026.0,0.435,0.497
12441,大多喜町,3878,979,254.0,3369,0.8687,3709,2855,0.7362,0.2243,871.0,0.258,0.305
33623,奈義町,1986,574,221.0,1725,0.8686,1811,1485,0.7477,0.2482,491.0,0.286,0.332
02367,田舎館村,2676,361,474.0,2323,0.8681,2676,1918,0.7167,0.4095,1081.0,0.472,0.571
44214,国東市,11216,2491,288.0,9731,0.8676,10715,8389,0.7479,0.3105,3511.0,0.358,0.415
24472,南伊勢町,5675,693,524.0,4922,0.8673,4922,4286,0.7552,0.3523,2067.0,0.406,0.466
28220,加西市,14149,2411,376.0,12269,0.8671,13093,10143,0.7169,0.3535,5079.0,0.408,0.493
20425,木祖村,1163,243,306.0,1008,0.8667,1068,967,0.8315,0.2235,261.0,0.258,0.269
43531,苓北町,3027,490,395.0,2622,0.8662,2919,1932,0.6383,0.3943,1211.0,0.455,0.618
20588,小川村,1015,327,199.0,879,0.866,983,816,0.8039,0.3122,318.0,0.361,0.388
22429,川根本町,3082,599,329.0,2667,0.8653,3082,2585,0.8387,0.3725,1146.0,0.43,0.444
07211,田村市,12620,3951,204.0,10912,0.8647,12197,9034,0.7158,0.1888,2381.0,0.218,0.264
23562,東栄町,1455,399,233.0,1257,0.8639,1455,1034,0.7107,0.4176,622.0,0.483,0.588
24214,いなべ市,12292,2201,357.0,10611,0.8632,11752,8329,0.6776,0.2206,2713.0,0.256,0.326
40610,福智町,7981,955,535.0,6885,0.8627,7813,5656,0.7087,0.3056,2465.0,0.354,0.431
18501,若狭町,5093,933,349.0,4393,0.8626,4929,3661,0.7188,0.3736,1907.0,0.433,0.52
11348,鳩山町,6260,535,749.0,5399,0.8625,5703,4155,0.6637,0.2604,1621.0,0.302,0.392
20583,信濃町,3398,849,256.0,2930,0.8623,3386,2530,0.7446,0.2421,827.0,0.281,0.325
13361,大島町,2713,752,231.0,2339,0.8621,2416,1614,0.5949,0.5547,1505.0,0.643,0.932
08212,常陸太田市,18824,3582,336.0,16218,0.8616,17788,14099,0.749,0.2664,5011.0,0.309,0.356
12424,白子町,4187,889,301.0,3607,0.8615,4055,2887,0.6895,0.2118,882.0,0.246,0.307
03214,八幡平市,9937,2448,260.0,8560,0.8614,9082,6872,0.6916,0.2422,2408.0,0.281,0.35
33622,勝央町,3502,788,284.0,3016,0.8612,3364,2625,0.7496,0.2965,1027.0,0.344,0.396
39304,安田町,1102,207,341.0,949,0.8612,1102,732,0.6642,0.3448,373.0,0.4,0.519
07465,中島村,1460,373,251.0,1257,0.861,1443,1123,0.7692,0.141,209.0,0.164,0.183
29401,高取町,2763,344,514.0,2377,0.8603,2763,2166,0.7839,0.3161,879.0,0.367,0.403
10448,昭和村,2277,631,231.0,1956,0.859,2277,1444,0.6342,0.2238,511.0,0.261,0.353
43423,南小国町,1506,425,227.0,1293,0.8586,1466,1206,0.8008,0.3641,550.0,0.424,0.455
46533,和泊町,2257,513,282.0,1937,0.8582,2257,1657,0.7342,0.5456,1237.0,0.636,0.743
06382,川西町,5676,1484,245.0,4870,0.858,5406,4086,0.7199,0.1745,991.0,0.203,0.242
12463,鋸南町,3367,534,404.0,2889,0.858,3280,2221,0.6596,0.3366,1131.0,0.392,0.51
01430,月形町,1374,363,242.0,1178,0.8574,1239,979,0.7125,0.3116,429.0,0.363,0.437
11383,神川町,4409,781,361.0,3779,0.8571,4148,2921,0.6625,0.2009,880.0,0.234,0.303
20430,大桑村,1476,302,313.0,1264,0.8564,1394,988,0.6694,0.3264,484.0,0.381,0.488
45209,えびの市,7467,1699,281.0,6393,0.8562,6811,5239,0.7016,0.3007,2247.0,0.351,0.429
28301,猪名川町,9390,796,755.0,8037,0.8559,8262,6087,0.6482,0.3568,3358.0,0.417,0.55
02209,つがる市,12009,1923,400.0,10276,0.8557,11518,8899,0.741,0.3894,4673.0,0.455,0.525
09215,那須烏山市,9306,2481,240.0,7963,0.8557,9044,6574,0.7064,0.2537,2368.0,0.297,0.359
08302,茨城町,10953,2484,282.0,9370,0.8555,10413,6918,0.6316,0.2245,2466.0,0.262,0.355
15224,佐渡市,21531,4435,311.0,18417,0.8554,19458,15303,0.7107,0.3268,7166.0,0.382,0.46
06426,三川町,2677,348,492.0,2287,0.8543,2632,2172,0.8114,0.2125,566.0,0.249,0.262
28228,加東市,10979,2055,342.0,9376,0.854,10199,6189,0.5637,0.3778,4064.0,0.442,0.67
20602,栄村,890,211,270.0,760,0.8539,835,731,0.8213,0.4098,370.0,0.48,0.499
20543,高山村,2456,379,415.0,2097,0.8538,2456,1994,0.8119,0.1607,392.0,0.188,0.198
19209,北杜市,17615,4549,248.0,15037,0.8536,16804,11969,0.6795,0.349,6149.0,0.409,0.514
07303,国見町,3626,588,395.0,3094,0.8533,3482,2840,0.7832,0.2247,818.0,0.263,0.287
20413,天龍村,752,160,301.0,641,0.8524,752,288,0.383,0.4523,331.0,0.531,1.181
07561,新地町,2599,726,229.0,2215,0.8523,2442,1521,0.5852,0.2196,570.0,0.258,0.375
08225,常陸大宮市,14602,3624,258.0,12432,0.8514,13817,10043,0.6878,0.2668,3903.0,0.313,0.388
42323,波佐見町,4600,798,369.0,3916,0.8513,4367,2934,0.6378,0.3749,1724.0,0.44,0.588
40348,久山町,2472,304,520.0,2102,0.8503,2224,1295,0.5239,0.2901,717.0,0.341,0.554
31372,北栄町,5007,643,498.0,4257,0.8502,4860,3182,0.6355,0.2314,1171.0,0.272,0.364
07504,浅川町,2054,477,276.0,1746,0.85,2027,1219,0.5935,0.188,386.0,0.221,0.317
12238,いすみ市,15045,3166,304.0,12787,0.8499,14036,10375,0.6896,0.2718,4094.0,0.32,0.394
18423,越前町,7100,1074,423.0,6034,0.8499,6618,4972,0.7003,0.3081,2212.0,0.363,0.44
09342,益子町,7017,1684,267.0,5957,0.8489,6849,4542,0.6473,0.2343,1650.0,0.276,0.362
36468,つるぎ町,3586,860,267.0,3041,0.848,3281,2422,0.6754,0.3812,1371.0,0.45,0.564
08521,八千代町,6489,1585,262.0,5500,0.8476,6309,4503,0.6939,0.1885,1218.0,0.222,0.272
12423,長生村,4740,1003,302.0,4017,0.8475,4740,3218,0.6789,0.2355,1116.0,0.278,0.347
10522,明和町,3300,561,376.0,2794,0.8467,3206,1568,0.4752,0.2322,770.0,0.274,0.489
20323,御代田町,4307,760,363.0,3646,0.8465,3997,2285,0.5305,0.2634,1139.0,0.311,0.496
01694,羅臼町,1419,295,308.0,1201,0.8464,1388,993,0.6998,0.2776,412.0,0.328,0.397
03366,西和賀町,2617,712,235.0,2215,0.8464,2321,2072,0.7917,0.2801,734.0,0.331,0.354
36206,阿波市,13200,2760,306.0,11169,0.8461,12528,8739,0.662,0.2654,3504.0,0.314,0.401
08236,小美玉市,14485,3431,270.0,12256,0.8461,13714,9668,0.6674,0.2085,3069.0,0.246,0.312
11347,吉見町,6138,999,393.0,5192,0.8459,5893,3728,0.6074,0.1954,1201.0,0.231,0.322
39412,四万十町,6990,1834,244.0,5913,0.8459,6684,5240,0.7496,0.2755,1923.0,0.326,0.368
01663,浜中町,1755,574,196.0,1483,0.845,1640,1154,0.6575,0.2347,413.0,0.278,0.357
28586,新温泉町,5464,658,531.0,4617,0.845,5446,3839,0.7026,0.3772,2061.0,0.446,0.537
21221,海津市,11239,1708,421.0,9495,0.8448,10376,7690,0.6842,0.2305,2595.0,0.273,0.337
21361,垂井町,8277,765,692.0,6982,0.8435,7969,4871,0.5885,0.2638,2184.0,0.313,0.448
39424,大月町,2146,559,246.0,1810,0.8434,2045,1759,0.8197,0.3136,682.0,0.372,0.383
20423,南木曽町,1685,453,238.0,1421,0.8433,1609,1180,0.7003,0.3375,568.0,0.4,0.482
34210,庄原市,14456,4636,200.0,12191,0.8433,13374,10440,0.7222,0.2994,4365.0,0.355,0.415
39411,津野町,2390,673,227.0,2015,0.8431,2390,1762,0.7372,0.2385,570.0,0.283,0.324
10521,板倉町,4724,848,357.0,3981,0.8427,4554,2937,0.6217,0.2076,983.0,0.246,0.334
39306,馬路村,305,76,257.0,257,0.8426,257,201,0.659,0.2598,79.0,0.308,0.394
20451,朝日村,1382,228,388.0,1164,0.8423,1382,1032,0.7467,0.1301,179.0,0.154,0.174
02446,階上町,4266,989,276.0,3593,0.8422,4135,3199,0.7499,0.4686,2006.0,0.556,0.625
32209,雲南市,14418,3666,252.0,12138,0.8419,13531,11034,0.7653,0.2238,3228.0,0.266,0.292
02303,今別町,1258,196,411.0,1059,0.8418,1258,895,0.7114,0.6002,774.0,0.713,0.844
46529,喜界町,2658,447,381.0,2237,0.8416,2463,1742,0.6554,0.6068,1616.0,0.721,0.926
01431,浦臼町,782,233,215.0,658,0.8414,782,627,0.8018,0.3973,309.0,0.472,0.496
05206,男鹿市,11797,1507,501.0,9917,0.8406,11204,8402,0.7122,0.3914,4622.0,0.466,0.55
04301,蔵王町,4377,1275,220.0,3677,0.8401,4060,3119,0.7126,0.2242,979.0,0.267,0.315
38442,伊方町,3934,498,506.0,3304,0.8399,3783,2842,0.7224,0.4479,1782.0,0.533,0.62
46217,曽於市,13759,3466,254.0,11553,0.8397,13026,9488,0.6896,0.3669,5062.0,0.437,0.532
28227,宍粟市,12646,2426,334.0,10612,0.8392,11817,8956,0.7082,0.3317,4195.0,0.395,0.468
20432,木曽町,4425,1022,277.0,3711,0.8386,4087,2951,0.6669,0.2985,1321.0,0.356,0.448
10443,片品村,1634,372,281.0,1370,0.8384,1585,1234,0.7552,0.2122,348.0,0.253,0.281
43511,五木村,458,133,220.0,384,0.8384,458,300,0.655,0.3997,178.0,0.477,0.61
21521,御嵩町,5552,720,494.0,4655,0.8384,5285,3454,0.6221,0.2794,1555.0,0.333,0.449
12443,御宿町,3567,392,582.0,2989,0.838,3241,2167,0.6075,0.3717,1327.0,0.444,0.612
11361,横瀬町,2626,394,427.0,2200,0.8378,2626,1519,0.5784,0.2305,625.0,0.275,0.399
11363,長瀞町,2698,432,400.0,2260,0.8377,2643,2067,0.7661,0.1996,538.0,0.238,0.26
06341,大石田町,2639,372,454.0,2209,0.8371,2537,1572,0.5957,0.2082,548.0,0.249,0.35
01585,安平町,2717,623,279.0,2274,0.837,2644,1717,0.6319,0.295,800.0,0.352,0.467
01602,平取町,1657,593,179.0,1386,0.8365,1657,930,0.5613,0.3071,516.0,0.367,0.547
42208,松浦市,7715,1671,295.0,6450,0.836,7508,5129,0.6648,0.442,3466.0,0.529,0.665
41345,上峰町,2361,304,497.0,1973,0.8357,2257,704,0.2982,0.2175,527.0,0.26,0.729
33663,久米南町,2025,655,198.0,1692,0.8356,1924,1237,0.6109,0.3584,729.0,0.429,0.587
23427,飛島村,1414,282,321.0,1181,0.8352,1414,811,0.5736,0.1466,208.0,0.175,0.256
21207,美濃市,6961,922,483.0,5812,0.8349,6552,4303,0.6182,0.2576,1796.0,0.308,0.417
46468,大崎町,4896,1413,222.0,4087,0.8348,4446,3652,0.7459,0.3972,1934.0,0.476,0.533
08231,桜川市,13516,2924,296.0,11283,0.8348,13020,8845,0.6544,0.1859,2496.0,0.223,0.284
04606,南三陸町,4619,968,305.0,3855,0.8346,4441,3203,0.6934,0.2522,1187.0,0.302,0.364
21218,本巣市,9842,1481,425.0,8214,0.8346,9159,5555,0.5644,0.2477,2487.0,0.297,0.439
32528,隠岐の島町,5517,941,375.0,4604,0.8345,5219,3433,0.6223,0.4601,2563.0,0.551,0.739
40448,東峰村,875,226,248.0,730,0.8343,730,727,0.8309,0.3386,294.0,0.406,0.408
15307,聖籠町,3706,591,401.0,3089,0.8335,3693,2662,0.7183,0.1482,551.0,0.178,0.206
02362,大鰐町,3778,408,593.0,3149,0.8335,3260,2225,0.5889,0.3717,1402.0,0.446,0.631
29361,川西町,2826,195,928.0,2355,0.8333,2398,1828,0.6469,0.3123,877.0,0.375,0.483
01395,ニセコ町,1318,541,156.0,1098,0.8331,1318,773,0.5865,0.3547,464.0,0.426,0.605
07367,只見町,1911,394,310.0,1592,0.8331,1824,1351,0.707,0.3882,740.0,0.466,0.549
43510,相良村,1742,359,311.0,1450,0.8324,1638,1206,0.6923,0.316,554.0,0.38,0.456
01425,上砂川町,1468,157,598.0,1222,0.8324,1468,634,0.4319,0.506,738.0,0.608,1.172
44208,竹田市,9837,2650,238.0,8185,0.8321,8744,7565,0.769,0.2997,2939.0,0.36,0.39
07502,玉川村,2024,611,212.0,1684,0.832,1895,1571,0.7762,0.1126,228.0,0.135,0.145
15342,弥彦村,2497,351,455.0,2076,0.8314,2490,1756,0.7032,0.1477,365.0,0.178,0.21
01632,士幌町,1959,539,233.0,1626,0.83,1913,1316,0.6718,0.245,475.0,0.295,0.365
02307,外ヶ浜町,2616,386,434.0,2171,0.8299,2497,1884,0.7202,0.5458,1501.0,0.658,0.758
42209,対馬市,10523,1819,370.0,8733,0.8299,9548,7551,0.7176,0.5007,5502.0,0.603,0.698
01409,赤井川村,364,143,163.0,302,0.8297,364,291,0.7995,0.3721,134.0,0.448,0.465
39305,北川村,493,147,215.0,409,0.8296,493,362,0.7343,0.3023,153.0,0.364,0.412
26407,京丹波町,5707,1389,263.0,4734,0.8295,5530,4111,0.7203,0.3082,1759.0,0.372,0.428
43447,山都町,6777,1753,247.0,5617,0.8288,6397,4683,0.691,0.352,2384.0,0.425,0.509
31384,日吉津村,980,104,603.0,812,0.8286,812,411,0.4194,0.2011,198.0,0.243,0.479
01520,幌延町,682,186,235.0,565,0.8284,597,376,0.5513,0.2622,179.0,0.316,0.476
07368,南会津町,6045,1137,340.0,5007,0.8283,5602,4474,0.7401,0.3059,1850.0,0.369,0.413
12234,南房総市,16857,3146,343.0,13963,0.8283,16047,10120,0.6003,0.314,5306.0,0.379,0.523
07482,矢祭町,2134,505,270.0,1767,0.828,1917,1534,0.7188,0.21,447.0,0.254,0.292
29212,宇陀市,11794,2095,360.0,9759,0.8275,10633,7683,0.6514,0.2947,3476.0,0.356,0.452
21341,養老町,9198,1300,453.0,7608,0.8271,9124,6470,0.7034,0.2159,1978.0,0.261,0.307
02321,鰺ヶ沢町,4012,621,413.0,3317,0.8268,3524,2561,0.6383,0.4487,1810.0,0.543,0.703
10429,東吾妻町,5229,1292,259.0,4323,0.8267,4883,3445,0.6588,0.2139,1124.0,0.259,0.325
03208,遠野市,10280,2640,249.0,8497,0.8266,9525,6588,0.6409,0.2459,2529.0,0.298,0.384
40647,築上町,6564,1120,375.0,5425,0.8265,6436,3880,0.5911,0.3552,2332.0,0.43,0.601
03303,岩手町,4901,1263,248.0,4048,0.826,4526,3316,0.6766,0.2835,1388.0,0.343,0.419
05368,大潟村,954,97,629.0,788,0.826,840,540,0.566,0.2943,281.0,0.356,0.52
36207,美馬市,10933,2366,296.0,9031,0.826,10323,7099,0.6493,0.31,3395.0,0.375,0.477
20411,下條村,1242,391,203.0,1025,0.8253,1126,840,0.6763,0.1793,223.0,0.217,0.265
01483,苫前町,1190,291,262.0,982,0.8252,1190,680,0.5714,0.4327,513.0,0.524,0.757
19365,身延町,5062,1002,323.0,4177,0.8252,4635,3509,0.6932,0.34,1722.0,0.412,0.491
29362,三宅町,2306,170,868.0,1903,0.8252,2306,1110,0.4814,0.4132,963.0,0.501,0.858
40226,宮若市,9660,1446,428.0,7971,0.8252,9165,5911,0.6119,0.3303,3185.0,0.4,0.54
40402,鞍手町,5932,696,545.0,4892,0.8247,5315,3871,0.6526,0.2871,1698.0,0.348,0.44
01517,礼文町,843,202,267.0,695,0.8244,703,636,0.7544,0.5373,489.0,0.652,0.712
46482,東串良町,2296,479,307.0,1892,0.824,2196,1646,0.7169,0.4093,936.0,0.497,0.571
12410,横芝光町,8317,1549,344.0,6852,0.8239,7918,5139,0.6179,0.2045,1696.0,0.248,0.331
23563,豊根村,528,193,175.0,435,0.8239,528,417,0.7898,0.3597,192.0,0.437,0.455
46404,長島町,3493,1036,216.0,2878,0.8239,3395,2427,0.6948,0.4,1418.0,0.485,0.576
20417,大鹿村,465,189,157.0,383,0.8237,425,278,0.5978,0.4132,192.0,0.502,0.691
07447,会津美里町,7528,1036,465.0,6200,0.8236,7152,4883,0.6486,0.2033,1530.0,0.247,0.313
29402,明日香村,2135,291,470.0,1758,0.8234,1992,1213,0.5681,0.3199,682.0,0.388,0.563
46490,錦江町,3130,642,312.0,2576,0.823,2911,1942,0.6204,0.399,1290.0,0.485,0.643
01581,厚真町,1618,609,170.0,1331,0.8226,1548,897,0.5544,0.323,521.0,0.393,0.583
24470,度会町,2835,505,359.0,2332,0.8226,2645,1999,0.7051,0.1547,438.0,0.188,0.219
25214,米原市,11052,1562,453.0,9091,0.8226,10438,6595,0.5967,0.3182,3519.0,0.387,0.533
32205,大田市,13196,2886,293.0,10855,0.8226,11754,9200,0.6972,0.3334,4422.0,0.405,0.478
01519,利尻富士町,928,192,309.0,763,0.8222,850,535,0.5765,0.5339,502.0,0.649,0.926
21501,坂祝町,2277,311,469.0,1872,0.8221,2274,1400,0.6148,0.2866,646.0,0.349,0.466
46224,伊佐市,10154,2484,262.0,8345,0.8218,9928,7154,0.7045,0.3899,3964.0,0.474,0.553
01550,置戸町,1255,303,265.0,1031,0.8215,1085,789,0.6287,0.2935,365.0,0.357,0.467
08542,五霞町,2725,524,333.0,2238,0.8213,2705,1557,0.5714,0.2306,630.0,0.281,0.404
02301,平内町,4111,592,444.0,3376,0.8212,3820,2628,0.6393,0.4603,1917.0,0.561,0.72
43506,湯前町,1609,390,264.0,1321,0.821,1468,1062,0.66,0.3209,514.0,0.391,0.486
28224,南あわじ市,15969,2882,355.0,13105,0.8207,14891,10086,0.6316,0.4053,6467.0,0.494,0.642
25212,高島市,16641,2493,427.0,13646,0.82,15712,10659,0.6405,0.383,6375.0,0.467,0.598
38422,内子町,6274,1338,300.0,5144,0.8199,5928,4022,0.6411,0.3054,1914.0,0.372,0.476
16343,朝日町,4955,713,445.0,4062,0.8198,4779,3190,0.6438,0.2602,1285.0,0.317,0.404
31390,伯耆町,4209,694,388.0,3448,0.8192,3969,2384,0.5664,0.2315,982.0,0.283,0.409
01398,喜茂別町,802,193,266.0,657,0.8192,780,390,0.4863,0.3893,313.0,0.475,0.801
37387,綾川町,8152,1856,281.0,6675,0.8188,7527,4783,0.5867,0.1961,1606.0,0.239,0.334
40447,筑前町,9259,1027,577.0,7580,0.8187,8853,4878,0.5268,0.2937,2713.0,0.359,0.558
20446,麻績村,1179,246,307.0,965,0.8185,1023,761,0.6455,0.234,272.0,0.286,0.363
21220,下呂市,12299,2282,345.0,10064,0.8183,11163,8254,0.6711,0.3569,4389.0,0.436,0.532
46535,与論町,1782,569,200.0,1458,0.8182,1633,1135,0.6369,0.6199,1111.0,0.758,0.973
08226,那珂市,17234,2893,381.0,14093,0.8177,16238,9659,0.5605,0.255,4385.0,0.312,0.455
20407,阿智村,2284,608,240.0,1866,0.817,2179,1366,0.5981,0.1633,369.0,0.2,0.273
01432,新十津川町,2653,556,305.0,2167,0.8168,2497,1379,0.5198,0.3422,912.0,0.419,0.658
25209,甲賀市,24938,3447,463.0,20370,0.8168,23739,14360,0.5758,0.3324,8279.0,0.407,0.577
01641,大樹町,1976,464,273.0,1614,0.8168,1838,1283,0.6493,0.2798,555.0,0.343,0.431
01456,愛別町,1206,285,271.0,985,0.8167,1069,871,0.7222,0.3009,363.0,0.368,0.417
03461,大槌町,4239,502,540.0,3462,0.8167,4173,2949,0.6957,0.2916,1224.0,0.357,0.419
01546,清里町,1497,357,268.0,1222,0.8163,1392,714,0.477,0.2503,371.0,0.307,0.525
01649,浦幌町,1844,487,242.0,1505,0.8162,1763,994,0.539,0.1801,336.0,0.221,0.334
20362,富士見町,5126,989,332.0,4183,0.816,4577,3654,0.7128,0.2533,1296.0,0.31,0.355
33213,赤磐市,14395,2182,422.0,11745,0.8159,13654,8590,0.5967,0.2969,4268.0,0.364,0.497
13308,奥多摩町,2410,378,408.0,1965,0.8154,2103,1839,0.7631,0.5383,1297.0,0.66,0.705
01367,奥尻町,973,193,323.0,793,0.815,871,695,0.7143,0.4681,467.0,0.574,0.655
03402,平泉町,2879,721,256.0,2346,0.8149,2711,1786,0.6204,0.1705,487.0,0.209,0.275
08215,北茨城市,14335,1931,475.0,11681,0.8149,13211,8855,0.6177,0.2883,4133.0,0.354,0.467
40229,みやま市,13587,1970,441.0,11068,0.8146,12143,8964,0.6597,0.2915,4007.0,0.358,0.442
47361,久米島町,2140,371,369.0,1743,0.8145,2014,1416,0.6617,0.392,841.0,0.481,0.592
02442,五戸町,6457,1170,353.0,5259,0.8145,6173,4559,0.7061,0.4024,2602.0,0.494,0.57
44209,豊後高田市,8557,1846,297.0,6969,0.8144,8083,5752,0.6722,0.3349,2863.0,0.411,0.498
05303,小坂町,2149,368,374.0,1750,0.8143,1941,1460,0.6794,0.3896,836.0,0.478,0.573
21502,富加町,1813,277,419.0,1476,0.8141,1804,1179,0.6503,0.2516,457.0,0.309,0.387
17384,志賀町,8259,1607,329.0,6723,0.814,7613,5325,0.6448,0.1997,1660.0,0.245,0.31
26465,与謝野町,7509,903,532.0,6111,0.8138,6582,4176,0.5561,0.2956,2230.0,0.363,0.532
40227,嘉麻市,14331,1753,523.0,11662,0.8138,13414,8480,0.5917,0.3204,4595.0,0.394,0.541
30343,九度山町,1780,247,461.0,1448,0.8135,1661,1083,0.6084,0.3317,594.0,0.408,0.545
15226,南魚沼市,18394,2875,409.0,14960,0.8133,16682,11995,0.6521,0.2289,4209.0,0.281,0.351
05209,鹿角市,11838,2042,371.0,9627,0.8132,11099,6699,0.5659,0.3714,4398.0,0.457,0.656
40604,糸田町,3177,271,750.0,2583,0.813,2864,2090,0.6579,0.3614,1162.0,0.444,0.549
19442,小菅村,310,70,283.0,252,0.8129,310,252,0.8129,0.5264,163.0,0.648,0.648
03381,金ケ崎町,4763,1553,196.0,3869,0.8123,4402,2813,0.5906,0.2443,1164.0,0.301,0.414
43367,南関町,3514,889,253.0,2853,0.8119,3318,2293,0.6525,0.3127,1104.0,0.385,0.479
01586,むかわ町,3110,846,235.0,2524,0.8116,2870,1753,0.5637,0.2758,861.0,0.34,0.489
35305,周防大島町,7887,1222,413.0,6400,0.8115,7552,4996,0.6334,0.3909,3155.0,0.482,0.617
46525,瀬戸内町,3221,409,504.0,2614,0.8115,2902,2257,0.7007,0.5129,1667.0,0.632,0.732
12237,山武市,17360,3309,336.0,14085,0.8113,16465,10351,0.5963,0.1908,3307.0,0.235,0.32
05463,羽後町,5438,1131,308.0,4411,0.8111,5012,4059,0.7464,0.3173,1725.0,0.391,0.425
32501,津和野町,3348,758,283.0,2713,0.8103,2713,2494,0.7449,0.4121,1375.0,0.509,0.553
15217,妙高市,11328,1698,427.0,9178,0.8102,10579,6591,0.5818,0.2241,2537.0,0.277,0.385
37208,三豊市,22547,4056,356.0,18265,0.8101,20878,12438,0.5516,0.1882,4247.0,0.232,0.341
27382,河南町,4884,411,761.0,3955,0.8098,4527,2485,0.5088,0.4566,2238.0,0.564,0.897
21505,八百津町,4118,856,308.0,3333,0.8094,3739,2508,0.609,0.2777,1138.0,0.343,0.456
20384,飯島町,3308,897,236.0,2677,0.8093,3308,2024,0.6119,0.2139,712.0,0.264,0.35
06402,白鷹町,4986,1115,286.0,4034,0.8091,4539,3414,0.6847,0.2085,1041.0,0.258,0.305
20450,山形村,2454,343,458.0,1983,0.8081,2387,1563,0.6369,0.1593,388.0,0.197,0.25
16321,舟橋村,551,106,333.0,445,0.8076,551,323,0.5862,0.2735,173.0,0.339,0.467
02406,横浜町,1678,354,303.0,1355,0.8075,1678,1048,0.6246,0.5247,887.0,0.65,0.84
18442,美浜町,3265,482,434.0,2636,0.8074,3265,2181,0.668,0.4363,1437.0,0.54,0.653
33214,真庭市,17084,3690,296.0,13788,0.8071,15544,10717,0.6273,0.2603,4441.0,0.323,0.415
36404,板野町,4392,594,473.0,3545,0.8071,4251,1952,0.4444,0.3021,1322.0,0.374,0.68
03507,洋野町,6263,1588,252.0,5054,0.807,5611,4180,0.6674,0.2748,1724.0,0.34,0.412
33461,矢掛町,5189,1073,310.0,4187,0.8069,4683,3728,0.7184,0.2851,1485.0,0.353,0.397
21381,神戸町,6010,624,616.0,4848,0.8067,5820,3556,0.5917,0.2727,1629.0,0.338,0.461
17386,宝達志水町,4810,776,397.0,3879,0.8064,4512,3338,0.694,0.1606,770.0,0.199,0.231
25383,日野町,6416,855,480.0,5174,0.8064,6173,4483,0.6987,0.3124,2007.0,0.387,0.447
05207,湯沢市,16927,2515,431.0,13646,0.8062,15523,10449,0.6173,0.3325,5627.0,0.412,0.539
19206,大月市,9107,1240,470.0,7337,0.8056,8499,5566,0.6112,0.3438,3126.0,0.427,0.563
07547,浪江町,576,364,101.0,464,0.8056,531,342,0.5938,0.058,33.0,0.072,0.098
45402,新富町,5223,986,339.0,4207,0.8055,4967,2556,0.4894,0.1994,1048.0,0.248,0.407
01396,真狩村,698,226,198.0,562,0.8052,659,441,0.6318,0.2859,202.0,0.355,0.453
05212,大仙市,29923,6219,308.0,24095,0.8052,27164,19254,0.6435,0.3171,9471.0,0.394,0.493
31371,琴浦町,6028,855,451.0,4851,0.8047,5532,3978,0.6599,0.2327,1403.0,0.289,0.353
39211,香南市,10513,1540,437.0,8456,0.8043,9678,6338,0.6029,0.2298,2402.0,0.286,0.381
29446,天川村,602,133,290.0,484,0.804,562,378,0.6279,0.3564,213.0,0.443,0.568
32204,益田市,17014,2810,388.0,13677,0.8039,15271,10470,0.6154,0.3179,5410.0,0.396,0.517
35343,田布施町,5238,1014,331.0,4210,0.8037,4830,3398,0.6487,0.1838,961.0,0.229,0.283
11362,皆野町,3575,640,358.0,2873,0.8036,3214,1908,0.5337,0.1804,645.0,0.224,0.338
07501,石川町,5450,1399,249.0,4378,0.8033,5181,3741,0.6864,0.2044,1110.0,0.254,0.298
21210,恵那市,16811,3809,282.0,13504,0.8033,15953,10448,0.6215,0.2905,4897.0,0.362,0.467
01514,枝幸町,2687,547,314.0,2158,0.8031,2485,1327,0.4939,0.2659,717.0,0.331,0.538
42211,五島市,13775,2282,386.0,11051,0.8023,12948,8678,0.63,0.5258,7363.0,0.655,0.835
07461,西郷村,5131,1162,283.0,4114,0.8018,5006,3213,0.6262,0.2126,1103.0,0.265,0.34
33211,備前市,12666,1690,480.0,10151,0.8014,11665,8116,0.6408,0.3337,4248.0,0.416,0.521
08223,潮来市,9084,1372,424.0,7277,0.8011,8624,5336,0.5874,0.2355,2138.0,0.294,0.401
40214,豊前市,9140,1344,435.0,7322,0.8011,8586,5316,0.5816,0.3462,3160.0,0.432,0.595
03441,住田町,2288,600,244.0,1832,0.8007,2149,1566,0.6844,0.2879,658.0,0.36,0.421
03503,野田村,1506,374,258.0,1205,0.8001,1400,999,0.6633,0.3078,466.0,0.385,0.464
35344,平生町,5123,650,504.0,4095,0.7993,4753,3600,0.7027,0.2178,1119.0,0.272,0.31
01601,日高町,4081,1069,244.0,3260,0.7988,3951,2650,0.6494,0.3211,1304.0,0.402,0.495
01405,積丹町,859,180,305.0,686,0.7986,859,522,0.6077,0.454,390.0,0.569,0.747
04362,山元町,4944,940,337.0,3947,0.7983,4823,2954,0.5975,0.2718,1344.0,0.34,0.455
46392,さつま町,8444,2249,240.0,6738,0.798,7548,5327,0.6309,0.3899,3293.0,0.489,0.618
45406,都農町,3856,837,295.0,3075,0.7975,3450,2233,0.5791,0.221,848.0,0.277,0.382
07214,本宮市,8582,1812,303.0,6843,0.7974,7794,4795,0.5587,0.173,1484.0,0.217,0.31
02408,東北町,6365,1484,275.0,5072,0.7969,6000,3868,0.6077,0.4025,2536.0,0.505,0.662
15227,胎内市,10267,1254,524.0,8180,0.7967,9872,6621,0.6449,0.198,2031.0,0.248,0.307
07408,猪苗代町,5372,872,394.0,4279,0.7965,4910,3737,0.6956,0.2225,1193.0,0.279,0.32
17207,羽咋市,8208,1003,524.0,6535,0.7962,7752,3922,0.4778,0.2096,1725.0,0.263,0.439
33210,新見市,11614,2994,248.0,9247,0.7962,10756,7747,0.667,0.3528,4095.0,0.443,0.529
04212,登米市,27022,6039,286.0,21509,0.796,25242,17689,0.6546,0.2047,5518.0,0.257,0.313
22344,小山町,5586,772,463.0,4445,0.7957,5214,2952,0.5285,0.252,1404.0,0.317,0.477
37406,まんのう町,6671,1811,236.0,5308,0.7957,6347,3902,0.5849,0.2088,1387.0,0.262,0.357
01394,蘭越町,1817,598,194.0,1444,0.7947,1803,966,0.5316,0.3482,637.0,0.438,0.655
25425,愛荘町,4595,687,428.0,3650,0.7943,4262,2930,0.6376,0.3091,1420.0,0.389,0.485
27366,岬町,5961,432,883.0,4735,0.7943,5655,3174,0.5325,0.4188,2498.0,0.527,0.786
41346,みやき町,8866,1128,503.0,7042,0.7943,8213,5379,0.6067,0.231,2043.0,0.291,0.381
31328,智頭町,2802,494,363.0,2225,0.7941,2627,1913,0.6827,0.2739,767.0,0.345,0.401
21401,揖斐川町,7676,1252,392.0,6094,0.7939,7241,4764,0.6206,0.2479,1865.0,0.312,0.399
39307,芸西村,1401,210,427.0,1112,0.7937,1197,874,0.6238,0.2648,394.0,0.334,0.425
15223,阿賀野市,14034,1881,477.0,11138,0.7936,13006,8525,0.6075,0.1349,1891.0,0.17,0.222
07542,楢葉町,1388,512,174.0,1101,0.7932,1290,900,0.6484,0.1919,266.0,0.242,0.296
08211,常総市,18333,3033,387.0,14541,0.7932,16308,10575,0.5768,0.2201,4032.0,0.278,0.382
46492,肝付町,5867,1256,299.0,4653,0.7931,5558,3456,0.5891,0.3693,2173.0,0.466,0.627
08216,笠間市,23406,4368,343.0,18559,0.7929,21800,13717,0.586,0.261,6114.0,0.329,0.445
11365,小鹿野町,4241,933,291.0,3362,0.7927,3831,2770,0.6531,0.218,926.0,0.275,0.334
41401,有田町,6718,930,462.0,5325,0.7926,6201,3779,0.5625,0.2352,1580.0,0.297,0.418
01453,東神楽町,2932,491,382.0,2324,0.7926,2639,1165,0.3973,0.1529,448.0,0.193,0.385
03482,山田町,5736,840,437.0,4545,0.7924,5211,3256,0.5676,0.2761,1586.0,0.348,0.486
34368,安芸太田町,3014,821,235.0,2388,0.7923,2803,2095,0.6951,0.3596,1075.0,0.454,0.517
40601,香春町,4427,613,462.0,3506,0.792,4054,2681,0.6056,0.348,1475.0,0.439,0.575
44210,杵築市,10389,2392,278.0,8227,0.7919,9493,6514,0.627,0.3024,3138.0,0.382,0.482
01646,本別町,2759,631,280.0,2184,0.7916,2487,1833,0.6644,0.2722,750.0,0.344,0.41
21206,中津川市,25022,5555,288.0,19800,0.7913,23134,15922,0.6363,0.2996,7485.0,0.379,0.471
32206,安来市,13834,2418,366.0,10947,0.7913,13148,8097,0.5853,0.2208,3055.0,0.279,0.377
17407,中能登町,6162,1008,391.0,4875,0.7911,6069,3376,0.5479,0.2097,1289.0,0.265,0.383
01464,和寒町,1411,333,271.0,1116,0.7909,1307,420,0.2977,0.3369,476.0,0.426,1.132
20306,南相木村,392,101,248.0,310,0.7908,392,310,0.7908,0.3117,122.0,0.394,0.394
46452,湧水町,4037,920,281.0,3192,0.7907,3955,2649,0.6562,0.3783,1523.0,0.478,0.577
21362,関ケ原町,2646,309,548.0,2091,0.7902,2646,1580,0.5971,0.318,842.0,0.402,0.532
39301,東洋町,1110,165,431.0,877,0.7901,1110,453,0.4081,0.4459,498.0,0.564,1.093
29343,三郷町,7453,289,1650.0,5888,0.79,6492,2950,0.3958,0.426,3208.0,0.539,1.076
10384,甘楽町,4285,697,393.0,3383,0.7895,4088,2657,0.6201,0.2042,873.0,0.259,0.329
32441,川本町,1458,398,234.0,1151,0.7894,1304,1005,0.6893,0.3667,525.0,0.465,0.532
06365,大蔵村,1180,253,298.0,931,0.789,1134,813,0.689,0.2358,280.0,0.299,0.342
04324,川崎町,3213,851,242.0,2535,0.789,3099,1919,0.5973,0.2015,647.0,0.255,0.337
20213,飯山市,7434,1329,358.0,5863,0.7887,7056,4347,0.5847,0.2062,1535.0,0.262,0.353
32207,江津市,9012,1557,370.0,7105,0.7884,8097,5184,0.5752,0.3404,3067.0,0.432,0.592
36383,牟岐町,2008,272,472.0,1583,0.7883,1838,710,0.3536,0.3859,778.0,0.49,1.092
04213,栗原市,26139,6468,259.0,20602,0.7882,23824,16388,0.627,0.2297,6018.0,0.291,0.366
20383,箕輪町,7163,1041,440.0,5639,0.7872,6874,3809,0.5318,0.1995,1430.0,0.253,0.375
38386,久万高原町,3662,1108,212.0,2882,0.787,3564,2587,0.7064,0.3665,1340.0,0.466,0.519
02384,鶴田町,4562,604,483.0,3590,0.7869,4272,3091,0.6776,0.4164,1905.0,0.529,0.615
29443,下市町,2352,441,341.0,1850,0.7866,2270,1223,0.52,0.3417,806.0,0.434,0.657
36208,三好市,10896,2358,296.0,8570,0.7865,9915,6980,0.6406,0.3613,3927.0,0.459,0.564
16322,上市町,7210,1051,439.0,5668,0.7861,6924,3971,0.5508,0.2271,1635.0,0.289,0.412
28381,稲美町,9717,1185,525.0,7639,0.7861,8990,5355,0.5511,0.3489,3390.0,0.444,0.633
40421,桂川町,4526,448,647.0,3558,0.7861,3992,2041,0.451,0.3352,1516.0,0.426,0.743
03209,一関市,41318,11844,223.0,32473,0.7859,37130,26173,0.6335,0.2211,9134.0,0.281,0.349
05215,仙北市,10534,2380,283.0,8274,0.7855,9069,6766,0.6423,0.3384,3565.0,0.431,0.527
01642,広尾町,2519,402,401.0,1978,0.7852,2296,1602,0.636,0.2845,716.0,0.362,0.447
08228,坂東市,15781,3516,287.0,12389,0.7851,13979,9295,0.589,0.1934,3050.0,0.246,0.328
33216,浅口市,11949,1499,510.0,9381,0.7851,10832,6354,0.5318,0.3111,3748.0,0.396,0.585
25443,多賀町,2474,389,407.0,1942,0.785,2233,1641,0.6633,0.341,840.0,0.434,0.514
02210,平川市,10779,1281,539.0,8457,0.7846,10035,6087,0.5647,0.3695,3982.0,0.471,0.654
03485,普代村,1073,267,257.0,841,0.7838,984,700,0.6524,0.3397,362.0,0.433,0.521
19366,南部町,3118,632,316.0,2444,0.7838,3069,1920,0.6158,0.3116,973.0,0.398,0.506
08230,かすみがうら市,12836,2370,347.0,10060,0.7837,12035,7034,0.548,0.2367,3025.0,0.302,0.432
21383,安八町,4112,584,451.0,3222,0.7836,3719,2272,0.5525,0.1973,811.0,0.252,0.357
34209,三次市,18556,4694,253.0,14539,0.7835,17385,11649,0.6278,0.269,4959.0,0.343,0.428
02412,おいらせ町,6677,1175,364.0,5228,0.783,6270,3727,0.5582,0.353,2355.0,0.451,0.632
44212,豊後大野市,14880,3417,279.0,11650,0.7829,13553,10031,0.6741,0.2694,4012.0,0.344,0.4
20403,高森町,4176,831,322.0,3269,0.7828,3866,2206,0.5283,0.1894,788.0,0.242,0.359
28229,たつの市,22955,2711,542.0,17968,0.7827,21456,14049,0.612,0.3235,7427.0,0.413,0.528
43468,氷川町,4278,695,394.0,3348,0.7826,3810,2401,0.5612,0.3066,1318.0,0.392,0.546
01559,湧別町,3246,845,246.0,2540,0.7825,3174,1822,0.5613,0.279,906.0,0.357,0.497
46223,南九州市,13267,2740,310.0,10376,0.7821,12627,7719,0.5818,0.3815,5053.0,0.488,0.656
24212,熊野市,7072,1102,411.0,5530,0.782,6241,3613,0.5109,0.3806,2707.0,0.487,0.745
01485,初山別村,417,128,209.0,326,0.7818,389,294,0.705,0.419,176.0,0.536,0.594
41206,武雄市,15076,2541,380.0,11778,0.7812,12700,9635,0.6391,0.2066,3112.0,0.264,0.323
07522,小野町,3390,1120,194.0,2648,0.7811,3240,2214,0.6531,0.2032,688.0,0.26,0.311
11346,川島町,6965,893,499.0,5438,0.7808,6774,3803,0.546,0.2153,1501.0,0.276,0.394
43428,高森町,2498,589,271.0,1950,0.7806,2120,1361,0.5448,0.3346,837.0,0.429,0.614
30383,由良町,2082,294,453.0,1625,0.7805,1867,1411,0.6777,0.3509,733.0,0.45,0.518
42210,壱岐市,9531,3107,196.0,7436,0.7802,9136,6190,0.6495,0.4681,4512.0,0.6,0.721
28221,丹波篠山市,13870,2836,313.0,10816,0.7798,12440,8841,0.6374,0.3885,5385.0,0.498,0.609
36388,海陽町,3829,699,351.0,2986,0.7798,3659,2055,0.5367,0.4382,1697.0,0.562,0.816
46527,龍郷町,1880,349,345.0,1466,0.7798,1781,1091,0.5803,0.4996,952.0,0.641,0.861
12349,東庄町,5162,760,435.0,4025,0.7797,4892,2917,0.5651,0.161,835.0,0.206,0.285
07483,塙町,3171,813,250.0,2472,0.7796,2929,2161,0.6815,0.2009,642.0,0.258,0.295
05361,五城目町,4099,558,470.0,3195,0.7795,3574,2643,0.6448,0.4078,1647.0,0.523,0.632
45207,串間市,7187,1208,381.0,5598,0.7789,5806,4465,0.6213,0.3103,2232.0,0.398,0.499
29442,大淀町,5783,644,575.0,4504,0.7788,5231,3157,0.5459,0.2607,1508.0,0.335,0.478
33209,高梁市,11925,3228,236.0,9287,0.7788,11220,7805,0.6545,0.4531,5394.0,0.582,0.692
30381,美浜町,2580,266,621.0,2009,0.7787,2490,1295,0.5019,0.3215,825.0,0.413,0.64
04444,色麻町,2339,607,247.0,1820,0.7781,2262,1588,0.6789,0.1791,420.0,0.23,0.264
05211,潟上市,11220,1330,540.0,8721,0.7773,10791,6416,0.5718,0.3696,4147.0,0.476,0.646
23561,設楽町,2268,611,238.0,1763,0.7773,2176,1464,0.6455,0.349,790.0,0.449,0.541
01609,えりも町,1432,336,273.0,1113,0.7772,1309,1101,0.7689,0.2813,405.0,0.362,0.366
46220,南さつま市,12960,2297,361.0,10072,0.7772,11991,7441,0.5742,0.3807,4956.0,0.49,0.663
10382,下仁田町,3336,606,352.0,2591,0.7767,3028,1799,0.5393,0.1895,633.0,0.244,0.351
19429,鳴沢村,959,198,310.0,744,0.7758,918,526,0.5485,0.2129,204.0,0.274,0.388
22461,森町,6162,941,419.0,4778,0.7754,5806,2769,0.4494,0.2704,1622.0,0.349,0.602
02304,蓬田村,1037,152,437.0,804,0.7753,1037,751,0.7242,0.4597,495.0,0.593,0.635
06322,西川町,2262,416,348.0,1753,0.775,2054,1396,0.6172,0.2334,528.0,0.301,0.378
32202,浜田市,19395,3794,327.0,15029,0.7749,17489,11713,0.6039,0.3446,6702.0,0.445,0.571
40605,川崎町,5917,701,540.0,4585,0.7749,5351,3560,0.6017,0.328,1946.0,0.423,0.545
46213,西之表市,5587,1198,298.0,4329,0.7748,5233,3674,0.6576,0.4407,2467.0,0.569,0.67
23445,南知多町,6377,556,734.0,4940,0.7747,6175,3246,0.509,0.3104,2002.0,0.401,0.61
41209,嬉野市,9203,1538,383.0,7129,0.7746,8076,5490,0.5965,0.2263,2086.0,0.292,0.379
06401,小国町,2882,587,314.0,2231,0.7741,2609,1937,0.6721,0.3347,965.0,0.432,0.498
12218,勝浦市,7261,1201,387.0,5621,0.7741,6702,4749,0.654,0.381,2777.0,0.492,0.582
07210,二本松市,18377,4668,252.0,14215,0.7735,16766,11179,0.6083,0.2031,3739.0,0.263,0.334
12235,匝瑳市,12707,2337,348.0,9823,0.773,11317,6770,0.5328,0.1815,2283.0,0.235,0.341
30208,紀の川市,19370,2956,419.0,14963,0.7725,18446,10419,0.5379,0.3035,5903.0,0.393,0.564
20385,南箕輪村,3712,618,384.0,2867,0.7724,3601,1336,0.3599,0.1957,724.0,0.253,0.544
05213,北秋田市,13440,1904,452.0,10370,0.7716,12113,8634,0.6424,0.4026,5410.0,0.522,0.627
01471,中川町,586,148,253.0,452,0.7713,516,358,0.6109,0.3365,200.0,0.436,0.551
43482,芦北町,6984,1141,392.0,5383,0.7708,6404,4168,0.5968,0.3425,2406.0,0.444,0.574
21215,山県市,9147,1428,410.0,7041,0.7698,8266,5359,0.5859,0.2487,2267.0,0.323,0.425
29342,平群町,7055,451,1001.0,5425,0.769,6371,3256,0.4615,0.3509,2445.0,0.456,0.76
24303,木曽岬町,2011,262,491.0,1546,0.7688,2011,1215,0.6042,0.1867,375.0,0.243,0.309
41210,神埼市,9702,1491,416.0,7459,0.7688,9011,5068,0.5224,0.2251,2197.0,0.293,0.431
01362,上ノ国町,1859,325,366.0,1429,0.7687,1647,1191,0.6407,0.4079,762.0,0.531,0.637
16342,入善町,8746,1715,326.0,6717,0.768,8385,5522,0.6314,0.2419,2124.0,0.315,0.383
01472,幌加内町,559,177,202.0,429,0.7674,559,436,0.78,0.2929,164.0,0.382,0.375
42214,南島原市,16954,2940,369.0,13009,0.7673,15502,9682,0.5711,0.4368,7473.0,0.569,0.765
22304,南伊豆町,3871,783,316.0,2969,0.767,3700,2376,0.6138,0.436,1689.0,0.568,0.71
45208,西都市,10829,1911,363.0,8306,0.767,9685,6499,0.6001,0.254,2750.0,0.331,0.423
21604,白川村,502,114,282.0,385,0.7669,478,357,0.7112,0.3231,162.0,0.421,0.454
43212,上天草市,9651,1534,403.0,7400,0.7668,9190,5398,0.5593,0.3707,3826.0,0.483,0.663
26203,綾部市,12316,2122,371.0,9441,0.7666,11433,6795,0.5517,0.3552,4374.0,0.463,0.644
42207,平戸市,11996,2647,290.0,9195,0.7665,10825,7418,0.6184,0.4573,5557.0,0.597,0.74
23221,新城市,16026,2899,354.0,12272,0.7658,15110,9509,0.5933,0.2648,4245.0,0.346,0.446
33346,和気町,5586,1025,349.0,4276,0.7655,5385,3420,0.6122,0.317,1775.0,0.414,0.518
11408,寄居町,10839,1618,429.0,8295,0.7653,9924,5666,0.5227,0.2202,2401.0,0.288,0.421
35341,上関町,1274,139,587.0,975,0.7653,1274,879,0.69,0.4751,628.0,0.621,0.689
10210,富岡市,16323,2189,477.0,12483,0.7647,14761,6515,0.3991,0.1978,3230.0,0.259,0.495
33207,井原市,14335,2614,351.0,10962,0.7647,12319,8275,0.5773,0.3062,4396.0,0.4,0.53
04581,女川町,2336,255,586.0,1786,0.7646,2065,1095,0.4688,0.3776,881.0,0.494,0.806
10211,安中市,19810,2996,423.0,15143,0.7644,18858,10464,0.5282,0.2188,4323.0,0.286,0.414
06461,遊佐町,5489,874,402.0,4195,0.7643,4731,3708,0.6755,0.2227,1227.0,0.291,0.33
20219,東御市,9343,1536,389.0,7141,0.7643,9094,4355,0.4661,0.188,1755.0,0.246,0.403
27321,豊能町,8626,444,1243.0,6590,0.764,7353,4429,0.5134,0.2968,2572.0,0.388,0.578
43441,御船町,5626,904,398.0,4298,0.764,5418,2387,0.4243,0.2804,1588.0,0.367,0.661
45382,国富町,6861,1100,399.0,5241,0.7639,5809,3778,0.5506,0.2377,1629.0,0.311,0.432
01215,美唄市,8691,1290,431.0,6634,0.7633,8249,4413,0.5078,0.3789,3275.0,0.496,0.746
14361,中井町,3294,348,606.0,2513,0.7629,3192,1642,0.4985,0.2906,960.0,0.381,0.583
17205,珠洲市,6643,1281,332.0,5067,0.7628,6373,4222,0.6356,0.3336,2226.0,0.437,0.525
28218,小野市,13857,1653,537.0,10569,0.7627,13093,8109,0.5852,0.3612,5000.0,0.474,0.617
01516,豊富町,1354,330,263.0,1032,0.7622,1144,614,0.4535,0.274,372.0,0.359,0.604
39341,本山町,1563,306,327.0,1191,0.762,1310,809,0.5176,0.3137,489.0,0.412,0.606
25442,甲良町,2107,257,525.0,1604,0.7613,1835,1032,0.4898,0.2879,610.0,0.378,0.588
02361,藤崎町,4766,631,483.0,3626,0.7608,4414,2044,0.4289,0.3751,1799.0,0.493,0.875
01691,別海町,3974,1422,179.0,3023,0.7607,3698,2394,0.6024,0.1987,793.0,0.261,0.33
39410,日高村,2080,409,325.0,1582,0.7606,1953,924,0.4442,0.1775,368.0,0.233,0.4
04322,村田町,3762,918,262.0,2860,0.7602,3512,1931,0.5133,0.2386,903.0,0.314,0.465
06361,金山町,1876,426,282.0,1426,0.7601,1846,1235,0.6583,0.2172,408.0,0.286,0.33
43348,美里町,4395,814,346.0,3340,0.76,4030,2600,0.5916,0.2859,1262.0,0.376,0.483
29345,安堵町,2331,159,938.0,1771,0.7598,2331,936,0.4015,0.4515,1149.0,0.594,1.125
24562,紀宝町,3854,560,440.0,2928,0.7597,3605,2160,0.5605,0.3246,1255.0,0.427,0.579
03213,二戸市,9511,1805,337.0,7223,0.7594,8854,5055,0.5315,0.2944,2800.0,0.388,0.554
41424,江北町,2731,488,358.0,2074,0.7594,2614,1550,0.5676,0.2113,575.0,0.278,0.372
01608,様似町,1703,307,355.0,1292,0.7587,1484,939,0.5514,0.2784,476.0,0.367,0.505
46206,阿久根市,8032,1517,339.0,6094,0.7587,7824,4309,0.5365,0.3428,2760.0,0.452,0.639
28226,淡路市,16120,2958,349.0,12226,0.7584,14264,8561,0.5311,0.4573,7439.0,0.603,0.861
40220,宗像市,28248,2241,807.0,21417,0.7582,24418,13907,0.4923,0.3466,9801.0,0.457,0.704
30366,有田川町,8339,1673,319.0,6322,0.7581,7774,4585,0.5498,0.3168,2638.0,0.418,0.576
35212,柳井市,11902,1767,431.0,9023,0.7581,10823,6062,0.5093,0.2611,3134.0,0.344,0.513
09206,日光市,27850,4782,373.0,21101,0.7577,24649,14283,0.5129,0.2768,7709.0,0.365,0.54
20521,坂城町,5054,591,547.0,3828,0.7574,4605,1804,0.3569,0.1884,945.0,0.249,0.528
47303,東村,585,182,206.0,443,0.7573,507,251,0.4291,0.2803,165.0,0.37,0.653
01227,歌志内市,1589,183,556.0,1203,0.7571,1533,544,0.3424,0.4301,685.0,0.568,1.256
15210,十日町市,19842,2598,489.0,15020,0.757,17751,11352,0.5721,0.2425,4810.0,0.32,0.424
20388,宮田村,2529,441,367.0,1914,0.7568,2277,797,0.3151,0.1567,398.0,0.207,0.497
20562,木島平村,1764,358,315.0,1335,0.7568,1688,1007,0.5709,0.2087,368.0,0.276,0.366
26365,和束町,1651,289,366.0,1249,0.7565,1404,1007,0.6099,0.2549,422.0,0.337,0.418
23231,田原市,16707,2526,423.0,12630,0.756,15187,9221,0.5519,0.2694,4498.0,0.356,0.488
40212,大川市,11659,1191,627.0,8814,0.756,10579,5270,0.452,0.2977,3511.0,0.394,0.659
06212,尾花沢市,6225,1075,371.0,4705,0.7558,5395,4096,0.658,0.1936,1206.0,0.256,0.294
18322,永平寺町,5624,723,498.0,4246,0.755,4751,3344,0.5946,0.4179,2357.0,0.553,0.703
20212,大町市,9925,1885,337.0,7493,0.755,9411,4795,0.4831,0.2332,2307.0,0.309,0.483
35211,長門市,14159,2225,407.0,10686,0.7547,13256,8640,0.6102,0.2653,3799.0,0.352,0.435
33212,瀬戸内市,12378,1751,452.0,9336,0.7542,11015,6420,0.5187,0.3186,3957.0,0.422,0.614
18404,南越前町,3747,593,404.0,2824,0.7537,3590,2540,0.6779,0.296,1115.0,0.393,0.437
01634,鹿追町,1651,486,217.0,1244,0.7535,1479,1082,0.6554,0.227,370.0,0.301,0.346
07205,白河市,17597,2774,406.0,13258,0.7534,15921,9002,0.5116,0.2219,3893.0,0.294,0.434
01549,訓子府町,1817,534,218.0,1368,0.7529,1751,1063,0.585,0.2449,448.0,0.325,0.419
01693,標津町,1569,413,243.0,1181,0.7527,1463,617,0.3932,0.2616,411.0,0.348,0.665
02381,板柳町,4826,632,489.0,3631,0.7524,4139,2525,0.5232,0.3717,1792.0,0.494,0.71
39202,室戸市,5997,759,506.0,4511,0.7522,5663,3960,0.6603,0.3316,2003.0,0.441,0.502
36489,東みよし町,4986,857,372.0,3750,0.7521,4440,2148,0.4308,0.2938,1460.0,0.391,0.682
01461,中富良野町,1746,523,214.0,1312,0.7514,1562,910,0.5212,0.276,478.0,0.367,0.53
15225,魚沼市,12898,1977,418.0,9684,0.7508,10682,7393,0.5732,0.2383,3074.0,0.317,0.416
03524,一戸町,4866,1130,276.0,3653,0.7507,4454,2877,0.5912,0.3301,1611.0,0.44,0.558
12239,大網白里市,15743,1952,516.0,11817,0.7506,14055,8266,0.5251,0.2639,4162.0,0.352,0.503
30344,高野町,1202,230,334.0,902,0.7504,1030,802,0.6672,0.4931,602.0,0.657,0.739
20214,茅野市,17045,2546,428.0,12789,0.7503,15707,8449,0.4957,0.2534,4324.0,0.338,0.511
12223,鴨川市,12310,2142,368.0,9234,0.7501,11531,7097,0.5765,0.3432,4247.0,0.457,0.595
20210,駒ヶ根市,9953,1734,367.0,7466,0.7501,9018,4375,0.4396,0.2029,2013.0,0.271,0.462
06324,大江町,3035,467,416.0,2275,0.7496,3035,1694,0.5582,0.225,683.0,0.3,0.403
07481,棚倉町,4262,822,332.0,3190,0.7485,3844,2038,0.4782,0.1776,756.0,0.237,0.371
08222,鹿嶋市,20718,2900,457.0,15500,0.7481,19266,10613,0.5123,0.2993,6207.0,0.4,0.584
01578,白老町,7438,926,514.0,5562,0.7478,6771,3500,0.4706,0.361,2682.0,0.483,0.767
16323,立山町,8302,1555,342.0,6204,0.7473,7799,4548,0.5478,0.2459,2034.0,0.329,0.449
39402,佐川町,5039,880,366.0,3763,0.7468,4331,2832,0.562,0.2208,1117.0,0.296,0.393
20485,白馬村,2772,688,258.0,2070,0.7468,2546,1586,0.5722,0.2237,623.0,0.3,0.391
01334,木古内町,1895,318,381.0,1415,0.7467,1535,656,0.3462,0.3021,576.0,0.405,0.873
12421,一宮町,3860,650,380.0,2882,0.7466,3544,1841,0.4769,0.3002,1168.0,0.402,0.629
42213,雲仙市,14572,2474,377.0,10880,0.7466,13240,8068,0.5537,0.4198,6162.0,0.562,0.758
04361,亘理町,10389,1401,475.0,7749,0.7459,9436,4895,0.4712,0.2355,2446.0,0.316,0.5
24208,名張市,24768,1918,826.0,18469,0.7457,22446,14005,0.5654,0.2519,6257.0,0.338,0.446
43444,甲佐町,3986,640,399.0,2972,0.7456,3502,2432,0.6101,0.2339,933.0,0.314,0.383
24215,志摩市,18709,2487,481.0,13948,0.7455,17149,9269,0.4954,0.2871,5403.0,0.385,0.58
43210,菊池市,15728,2195,459.0,11720,0.7452,14873,8697,0.553,0.2802,4429.0,0.376,0.507
03210,陸前高田市,7352,1424,330.0,5478,0.7451,6925,3973,0.5404,0.2657,1955.0,0.357,0.492
01547,小清水町,1765,466,242.0,1315,0.745,1765,1040,0.5892,0.2336,414.0,0.314,0.396
06381,高畠町,7594,1360,357.0,5655,0.7447,6711,4046,0.5328,0.1939,1473.0,0.26,0.364
31370,湯梨浜町,5138,618,532.0,3825,0.7445,4662,2723,0.53,0.2593,1333.0,0.348,0.489
01465,剣淵町,1199,399,192.0,892,0.744,1078,554,0.4621,0.3441,412.0,0.463,0.745
01404,神恵内村,441,68,415.0,328,0.7438,328,251,0.5692,0.4733,212.0,0.636,0.832
20209,伊那市,20668,3513,377.0,15369,0.7436,18855,10918,0.5283,0.1978,4087.0,0.266,0.374
20402,松川町,4339,923,301.0,3226,0.7435,3975,2123,0.4893,0.1488,643.0,0.2,0.304
01564,大空町,2502,637,251.0,1860,0.7434,2294,1344,0.5372,0.1369,343.0,0.184,0.255
34203,竹原市,10026,1182,543.0,7449,0.743,8563,4926,0.4913,0.3188,3215.0,0.429,0.649
33205,笠岡市,16998,2228,488.0,12628,0.7429,15160,9308,0.5476,0.3198,5457.0,0.43,0.584
43501,錦町,3439,791,278.0,2555,0.7429,3400,1877,0.5458,0.2987,1022.0,0.402,0.547
43514,あさぎり町,5639,1220,296.0,4186,0.7423,5050,3158,0.56,0.3048,1717.0,0.411,0.544
36205,吉野川市,14661,2081,451.0,10879,0.742,13036,6965,0.4751,0.3087,4528.0,0.416,0.65
07213,伊達市,20901,3663,365.0,15502,0.7417,18652,10178,0.487,0.2008,4219.0,0.271,0.412
01407,仁木町,1276,376,217.0,946,0.7414,1265,655,0.5133,0.4137,530.0,0.558,0.806
28213,西脇市,12971,1557,533.0,9616,0.7413,12195,6339,0.4887,0.3176,4120.0,0.428,0.65
28585,香美町,6507,891,467.0,4821,0.7409,5385,4248,0.6528,0.3892,2542.0,0.525,0.596
20416,豊丘村,2107,450,300.0,1560,0.7404,2034,1255,0.5956,0.1665,353.0,0.225,0.28
33445,里庄町,3537,411,551.0,2618,0.7402,3249,1605,0.4538,0.3312,1144.0,0.447,0.73
01458,東川町,2752,668,264.0,2037,0.7402,2397,1452,0.5276,0.2971,820.0,0.401,0.563
01455,比布町,1462,382,245.0,1082,0.7401,1236,900,0.6156,0.2887,422.0,0.39,0.469
06323,朝日町,2838,497,365.0,2100,0.74,2587,1689,0.5951,0.2666,754.0,0.36,0.448
01222,三笠市,3808,495,492.0,2817,0.7398,3763,2031,0.5334,0.4662,1780.0,0.63,0.874
16209,小矢部市,10841,2284,304.0,8019,0.7397,10572,5405,0.4986,0.1928,2086.0,0.261,0.387
07543,富岡町,480,329,93.0,355,0.7396,441,262,0.5458,0.1029,50.0,0.139,0.189
26213,南丹市,11142,2160,330.0,8241,0.7396,10358,7145,0.6413,0.3756,4183.0,0.508,0.586
38214,西予市,15451,2661,372.0,11414,0.7387,14529,9213,0.5963,0.3573,5566.0,0.484,0.599
16208,砺波市,14514,3235,287.0,10717,0.7384,13741,7530,0.5188,0.2119,3093.0,0.287,0.408
43432,西原村,2014,395,326.0,1486,0.7378,1847,1056,0.5243,0.1907,386.0,0.258,0.364
01469,美深町,1696,365,297.0,1251,0.7376,1349,570,0.3361,0.2637,448.0,0.357,0.784
01401,共和町,1816,584,199.0,1339,0.7373,1645,1061,0.5843,0.3733,682.0,0.506,0.639
15208,小千谷市,12072,1366,566.0,8900,0.7372,10041,5817,0.4819,0.199,2406.0,0.27,0.413
21219,郡上市,14608,3198,292.0,10768,0.7371,13581,8907,0.6097,0.2994,4375.0,0.406,0.491
45205,小林市,16233,3374,308.0,11956,0.7365,15040,9051,0.5576,0.2768,4492.0,0.376,0.496
12403,九十九里町,5958,873,437.0,4385,0.736,5519,2702,0.4535,0.2202,1304.0,0.299,0.486
25211,湖南市,13347,1002,853.0,9823,0.736,11859,4312,0.3231,0.3137,4200.0,0.426,0.971
44211,宇佐市,19259,3942,313.0,14174,0.736,18123,10960,0.5691,0.2522,4866.0,0.343,0.443
01648,陸別町,901,218,265.0,663,0.7358,749,578,0.6415,0.2439,216.0,0.331,0.38
01563,雄武町,1407,316,285.0,1035,0.7356,1335,865,0.6148,0.3231,459.0,0.439,0.526
01457,上川町,1547,270,367.0,1138,0.7356,1245,771,0.4984,0.2958,459.0,0.402,0.594
09386,高根沢町,7434,1724,276.0,5466,0.7353,6598,4384,0.5897,0.2653,1966.0,0.361,0.45
45204,日南市,19556,2547,491.0,14376,0.7351,17315,10876,0.5561,0.2943,5769.0,0.4,0.529
20481,池田町,3689,560,422.0,2711,0.7349,3512,1725,0.4676,0.2028,752.0,0.276,0.434
02445,南部町,6715,1076,399.0,4930,0.7342,6253,3971,0.5914,0.4104,2760.0,0.559,0.694
28443,福崎町,5296,706,480.0,3887,0.734,4576,2388,0.4509,0.3373,1840.0,0.46,0.748
41341,基山町,5524,449,787.0,4052,0.7335,5030,2381,0.431,0.2748,1469.0,0.375,0.638
46215,薩摩川内市,29684,5599,339.0,21758,0.733,27844,15706,0.5291,0.3634,10793.0,0.496,0.687
43507,水上村,921,296,199.0,675,0.7329,921,487,0.5288,0.3922,354.0,0.535,0.742
01333,知内町,1639,410,256.0,1201,0.7328,1624,931,0.568,0.3336,550.0,0.455,0.587
23232,愛西市,19481,2051,608.0,14263,0.7321,16998,8490,0.4358,0.2981,5721.0,0.407,0.684
01427,由仁町,2056,651,202.0,1505,0.732,1702,1408,0.6848,0.2646,541.0,0.362,0.386
06362,最上町,3260,605,345.0,2386,0.7319,3046,1893,0.5807,0.2315,755.0,0.316,0.399
01665,弟子屈町,2871,694,265.0,2101,0.7318,2724,1654,0.5761,0.3346,955.0,0.457,0.581
24216,伊賀市,29010,4231,439.0,21221,0.7315,26449,17238,0.5942,0.2474,7157.0,0.338,0.416
42383,小値賀町,1162,169,440.0,850,0.7315,850,636,0.5473,0.6975,811.0,0.954,1.274
28205,洲本市,15087,2547,379.0,11032,0.7312,12863,7765,0.5147,0.4248,6444.0,0.581,0.825
44213,由布市,11177,2180,328.0,8171,0.7311,9553,6327,0.5661,0.2565,2872.0,0.351,0.453
40210,八女市,22022,3245,434.0,16095,0.7309,19669,12013,0.5455,0.2796,6162.0,0.383,0.513
08210,下妻市,12052,1994,387.0,8799,0.7301,11205,5977,0.4959,0.1644,1980.0,0.225,0.332
08220,つくば市,45669,7082,413.0,33334,0.7299,41678,21501,0.4708,0.3785,17297.0,0.519,0.804
03205,花巻市,32251,7355,281.0,23536,0.7298,27933,16598,0.5147,0.1974,6361.0,0.27,0.383
01584,洞爺湖町,3663,541,433.0,2673,0.7297,3496,2011,0.549,0.4112,1513.0,0.563,0.749
10208,渋川市,26290,3682,457.0,19185,0.7297,24729,13111,0.4987,0.1868,4910.0,0.256,0.375
12236,香取市,26660,4743,360.0,19451,0.7296,23869,13978,0.5243,0.1728,4607.0,0.237,0.33
43214,阿蘇市,10032,1813,354.0,7318,0.7295,9207,5055,0.5039,0.305,3065.0,0.418,0.605
40642,吉富町,2094,222,604.0,1527,0.7292,1794,920,0.4394,0.3162,669.0,0.434,0.72
03207,久慈市,11025,2396,294.0,8036,0.7289,10102,6118,0.5549,0.3157,3475.0,0.433,0.569
09210,大田原市,20792,4745,280.0,15154,0.7288,18259,11242,0.5407,0.2852,5910.0,0.391,0.527
05203,横手市,33397,4990,428.0,24330,0.7285,31153,20317,0.6083,0.335,11188.0,0.46,0.551
04208,角田市,9980,2166,295.0,7268,0.7283,8588,5483,0.5494,0.2144,2147.0,0.294,0.39
04505,美里町,8568,1186,462.0,6238,0.7281,8174,4419,0.5158,0.2642,2258.0,0.363,0.512
33208,総社市,19426,2408,516.0,14138,0.7278,17118,9170,0.472,0.3119,6052.0,0.428,0.661
02205,五所川原市,18351,2237,525.0,13352,0.7276,16518,8345,0.4547,0.3773,6928.0,0.519,0.83
08564,利根町,6876,522,843.0,5001,0.7273,5869,3383,0.492,0.2912,2010.0,0.4,0.592
06364,真室川町,3015,658,293.0,2191,0.7267,2972,1969,0.6531,0.2,601.0,0.275,0.306
26344,宇治田原町,2681,355,483.0,1947,0.7262,2320,1290,0.4812,0.2447,657.0,0.337,0.509
43206,玉名市,22020,3160,446.0,15992,0.7262,19146,11443,0.5197,0.2886,6345.0,0.397,0.555
01460,上富良野町,3311,585,362.0,2404,0.7261,2951,1344,0.4059,0.2736,907.0,0.377,0.674
03483,岩泉町,3852,1095,225.0,2790,0.7243,3481,2374,0.6163,0.3872,1496.0,0.535,0.628
08227,筑西市,31888,5056,404.0,23073,0.7236,28982,17306,0.5427,0.2159,6909.0,0.298,0.398
01647,足寄町,2603,580,287.0,1883,0.7234,2188,1202,0.4618,0.2873,752.0,0.397,0.622
30406,すさみ町,1782,347,329.0,1289,0.7233,1558,864,0.4848,0.4124,740.0,0.57,0.851
40381,芦屋町,4336,270,1028.0,3135,0.723,3470,1965,0.4532,0.3332,1454.0,0.461,0.735
25203,長浜市,32353,3715,557.0,23384,0.7228,28482,18302,0.5657,0.3068,9925.0,0.424,0.542
24210,亀山市,12762,1616,505.0,9217,0.7222,11436,6607,0.5177,0.2322,2966.0,0.322,0.449
38484,松野町,1733,422,263.0,1251,0.7219,1605,704,0.4062,0.3603,624.0,0.499,0.887
05210,由利本荘市,27786,4345,409.0,20053,0.7217,24270,14455,0.5202,0.3162,8785.0,0.438,0.608
01345,森町,5520,1004,352.0,3983,0.7216,5047,2750,0.4982,0.278,1538.0,0.385,0.558
07342,鏡石町,3418,582,376.0,2466,0.7215,2980,1238,0.3622,0.1607,553.0,0.223,0.444
41327,吉野ヶ里町,4036,541,477.0,2912,0.7215,3610,1695,0.42,0.2132,846.0,0.295,0.508
28212,赤穂市,15039,1235,779.0,10846,0.7212,13390,7194,0.4784,0.4014,6059.0,0.557,0.839
43208,山鹿市,18611,2901,411.0,13421,0.7211,16502,10546,0.5667,0.2967,5519.0,0.411,0.524
01552,佐呂間町,1921,562,219.0,1385,0.721,1846,1239,0.645,0.3212,618.0,0.446,0.498
39208,宿毛市,7330,1141,411.0,5285,0.721,7076,3751,0.5117,0.2467,1817.0,0.342,0.482
32203,出雲市,51880,8283,401.0,37380,0.7205,44589,25153,0.4848,0.2499,12980.0,0.347,0.515
03321,紫波町,10110,2490,260.0,7284,0.7205,9124,5562,0.5501,0.1676,1691.0,0.233,0.305
39203,安芸市,6643,814,522.0,4784,0.7202,5865,3924,0.5907,0.2816,1869.0,0.391,0.477
40225,うきは市,9863,1371,460.0,7101,0.72,9441,4980,0.5049,0.2665,2632.0,0.37,0.528
45383,綾町,2542,459,354.0,1829,0.7195,2109,1509,0.5936,0.2266,579.0,0.315,0.382
08214,高萩市,9916,1040,610.0,7129,0.7189,8909,4325,0.4362,0.2918,2889.0,0.406,0.669
21214,可児市,27843,2294,777.0,20017,0.7189,24430,12405,0.4455,0.2729,7576.0,0.38,0.612
10421,中之条町,6302,1260,320.0,4528,0.7185,5668,3501,0.5555,0.2516,1584.0,0.35,0.453
36387,美波町,3035,499,389.0,2180,0.7183,3035,1725,0.5684,0.4127,1267.0,0.575,0.726
30427,北山村,184,45,262.0,132,0.7174,184,132,0.7174,0.5518,100.0,0.769,0.769
46221,志布志市,10548,2915,232.0,7563,0.717,9489,5970,0.566,0.3655,3842.0,0.51,0.646
47358,北大東村,127,80,102.0,91,0.7165,100,62,0.4882,0.5698,72.0,0.795,1.167
01436,雨竜町,1015,257,253.0,727,0.7163,1015,644,0.6345,0.2476,250.0,0.346,0.39
01486,遠別町,1036,211,314.0,742,0.7162,842,397,0.3832,0.3053,316.0,0.426,0.797
18481,高浜町,3266,442,473.0,2335,0.7149,2937,1494,0.4574,0.4283,1407.0,0.599,0.936
22306,西伊豆町,3557,333,684.0,2543,0.7149,3019,1626,0.4571,0.4508,1647.0,0.631,0.986
20482,松川村,3298,623,339.0,2357,0.7147,3195,1586,0.4809,0.1945,643.0,0.272,0.405
34204,三原市,32173,4426,465.0,22992,0.7146,26700,16798,0.5221,0.2965,9541.0,0.415,0.568
11341,滑川町,4687,782,384.0,3349,0.7145,4518,2171,0.4632,0.3211,1481.0,0.449,0.693
17463,能登町,7742,1524,325.0,5531,0.7144,6928,4615,0.5961,0.2416,1911.0,0.338,0.405
46208,出水市,17328,3069,361.0,12379,0.7144,15491,7774,0.4486,0.3364,5844.0,0.471,0.75
09214,さくら市,11715,2312,324.0,8364,0.714,11011,5749,0.4907,0.2781,3263.0,0.389,0.567
12215,旭市,19841,3095,410.0,14161,0.7137,17639,8780,0.4425,0.1984,3936.0,0.278,0.448
40228,朝倉市,17505,2448,458.0,12494,0.7137,15655,8677,0.4957,0.2928,5130.0,0.41,0.591
07209,相馬市,10790,2050,337.0,7698,0.7134,9629,5206,0.4825,0.2348,2533.0,0.329,0.487
43505,多良木町,3844,913,269.0,2741,0.7131,3543,2310,0.6009,0.3159,1225.0,0.443,0.526
03211,釜石市,12778,1280,639.0,9110,0.7129,11558,5744,0.4495,0.3258,4164.0,0.457,0.725
15212,村上市,22540,2541,568.0,16064,0.7127,19313,12599,0.559,0.2277,5149.0,0.319,0.407
01399,京極町,1110,227,313.0,790,0.7117,1110,610,0.5495,0.2714,302.0,0.381,0.494
34212,東広島市,45688,8434,347.0,32510,0.7116,41452,23754,0.5199,0.3309,15134.0,0.465,0.636
20217,佐久市,30208,4304,449.0,21493,0.7115,27051,13968,0.4624,0.2291,6912.0,0.322,0.495
15205,柏崎市,27312,3450,507.0,19425,0.7112,25074,13341,0.4885,0.2431,6661.0,0.342,0.498
36341,石井町,8195,1037,506.0,5825,0.7108,7481,3791,0.4626,0.2834,2324.0,0.399,0.613
40384,遠賀町,6513,546,763.0,4626,0.7103,6005,3269,0.5019,0.2849,1851.0,0.401,0.568
37324,小豆島町,6007,733,524.0,4266,0.7102,5281,2858,0.4758,0.3476,2127.0,0.49,0.731
05214,にかほ市,9137,910,643.0,6484,0.7096,8045,4698,0.5142,0.3116,2848.0,0.439,0.606
04421,大和町,6577,1025,411.0,4665,0.7093,5764,2439,0.3708,0.2583,1679.0,0.364,0.696
39303,田野町,1039,127,524.0,737,0.7093,1039,196,0.1886,0.2095,222.0,0.295,1.111
40213,行橋市,21612,2165,639.0,15301,0.708,19026,8972,0.4151,0.3317,7180.0,0.468,0.799
01644,池田町,2725,572,305.0,1929,0.7079,2419,1521,0.5582,0.2652,727.0,0.375,0.475
02208,むつ市,18155,2255,515.0,12835,0.707,16283,7745,0.4266,0.3752,6847.0,0.531,0.879
38207,大洲市,14911,2715,351.0,10542,0.707,13596,7707,0.5169,0.2849,4261.0,0.403,0.551
24341,菰野町,10516,1456,462.0,7433,0.7068,9639,5183,0.4929,0.208,2211.0,0.294,0.422
37341,三木町,8429,1526,354.0,5956,0.7066,7692,3814,0.4525,0.2428,2050.0,0.344,0.537
26212,京丹後市,19245,2856,431.0,13595,0.7064,16993,8845,0.4596,0.2928,5649.0,0.415,0.637
20220,安曇野市,29858,4632,413.0,21092,0.7064,27369,13362,0.4475,0.2105,6302.0,0.298,0.47
28215,三木市,26761,2642,648.0,18901,0.7063,23736,9907,0.3702,0.3324,8777.0,0.471,0.898
01664,標茶町,2465,770,205.0,1740,0.7059,2200,1352,0.5485,0.2185,541.0,0.309,0.398
17211,能美市,12659,1273,636.0,8933,0.7057,11642,4212,0.3327,0.1783,2262.0,0.253,0.536
27216,河内長野市,36027,1564,1474.0,25425,0.7057,32227,13993,0.3884,0.381,13723.0,0.54,0.981
01304,新篠津村,1134,360,202.0,800,0.7055,1029,606,0.5344,0.226,258.0,0.32,0.423
38488,鬼北町,4521,1038,279.0,3189,0.7054,4097,2665,0.5895,0.3608,1634.0,0.511,0.612
47359,伊平屋村,329,70,301.0,232,0.7052,281,103,0.3131,0.3918,130.0,0.556,1.252
46523,大和村,573,72,509.0,404,0.7051,573,383,0.6684,0.5451,319.0,0.773,0.815
07421,会津坂下町,5520,739,478.0,3891,0.7049,4981,3018,0.5467,0.2024,1118.0,0.287,0.37
01513,中頓別町,660,139,304.0,465,0.7045,493,231,0.35,0.3937,258.0,0.559,1.125
25213,東近江市,30175,3194,605.0,21252,0.7043,27048,15782,0.523,0.3229,9754.0,0.458,0.617
39386,いの町,8413,1175,458.0,5925,0.7043,7621,3676,0.4369,0.193,1622.0,0.274,0.442
20382,辰野町,6969,877,509.0,4907,0.7041,5769,3457,0.4961,0.1917,1342.0,0.272,0.386
41205,伊万里市,16922,2648,409.0,11914,0.7041,15072,8365,0.4943,0.2159,3653.0,0.307,0.437
30401,白浜町,7978,1057,483.0,5614,0.7037,7198,3782,0.4741,0.3979,3190.0,0.566,0.839
40207,柳川市,21560,2399,575.0,15170,0.7036,19082,10901,0.5056,0.2875,6203.0,0.409,0.569
01347,長万部町,2091,418,320.0,1470,0.703,1803,735,0.3515,0.3999,835.0,0.569,1.138
44462,玖珠町,5519,1143,309.0,3877,0.7025,4921,2925,0.53,0.2604,1439.0,0.371,0.491
05204,大館市,26996,3051,566.0,18942,0.7017,24977,13499,0.5,0.3731,10074.0,0.532,0.746
43368,長洲町,5486,571,615.0,3849,0.7016,4697,2613,0.4763,0.3201,1758.0,0.456,0.672
08235,つくばみらい市,13176,1724,489.0,9241,0.7014,12209,6239,0.4735,0.3095,4071.0,0.441,0.654
41204,多久市,6743,989,436.0,4729,0.7013,6161,3598,0.5336,0.2285,1543.0,0.326,0.428
01463,占冠村,308,108,183.0,216,0.7013,308,238,0.7727,0.5478,167.0,0.781,0.709
16210,南砺市,18795,4146,290.0,13176,0.701,16622,10511,0.5592,0.207,3881.0,0.295,0.37
39204,南国市,14857,2067,460.0,10406,0.7004,14427,7832,0.5272,0.2081,3091.0,0.297,0.395
39428,黒潮町,4568,703,416.0,3196,0.6996,4241,2239,0.4901,0.272,1255.0,0.389,0.555
08205,石岡市,24109,4084,378.0,16864,0.6995,21178,11227,0.4657,0.2486,5960.0,0.355,0.534
10209,藤岡市,20506,2380,551.0,14341,0.6994,18210,6997,0.3412,0.2005,4108.0,0.287,0.588
35204,萩市,19372,2748,451.0,13547,0.6993,16787,9771,0.5044,0.2666,5229.0,0.381,0.529
15361,田上町,4219,437,618.0,2950,0.6992,3797,1407,0.3335,0.1931,817.0,0.276,0.579
40211,筑後市,13547,1393,622.0,9472,0.6992,11888,5010,0.3698,0.2822,3762.0,0.404,0.763
46203,鹿屋市,29906,5674,337.0,20892,0.6986,26351,14673,0.4906,0.3647,10916.0,0.522,0.743
43205,水俣市,9519,1157,527.0,6648,0.6984,8529,4903,0.5151,0.3304,3180.0,0.473,0.642
24324,東員町,8101,621,835.0,5657,0.6983,7316,3934,0.4856,0.1778,1424.0,0.255,0.366
46216,日置市,16604,3068,346.0,11588,0.6979,14706,8315,0.5008,0.3346,5563.0,0.479,0.668
15216,糸魚川市,16242,1854,561.0,11331,0.6976,13965,7539,0.4642,0.2581,4206.0,0.37,0.556
37206,さぬき市,17336,2789,398.0,12087,0.6972,15494,8712,0.5025,0.2545,4420.0,0.365,0.506
29427,河合町,6769,336,1289.0,4717,0.6969,5989,1742,0.2573,0.3861,2538.0,0.554,1.5
44207,津久見市,7097,557,815.0,4939,0.6959,6763,3555,0.5009,0.3112,2252.0,0.447,0.621
08546,境町,7018,1309,343.0,4883,0.6958,6106,3086,0.4397,0.1898,1332.0,0.273,0.432
35210,光市,17773,1793,634.0,12364,0.6957,16343,8616,0.4848,0.2223,3965.0,0.32,0.459
18210,坂井市,25366,2714,598.0,17624,0.6948,22404,11180,0.4407,0.3148,8007.0,0.453,0.714
29208,御所市,10170,1096,594.0,7060,0.6942,8536,4338,0.4265,0.3272,3305.0,0.471,0.767
07208,喜多方市,16482,2485,424.0,11438,0.694,14548,9691,0.588,0.2168,3572.0,0.312,0.369
01454,当麻町,2669,678,252.0,1852,0.6939,1974,1291,0.4837,0.2834,754.0,0.408,0.586
38356,上島町,2881,372,496.0,1995,0.6925,2765,1628,0.5651,0.4907,1449.0,0.709,0.868
03215,奥州市,39989,9409,272.0,27693,0.6925,36258,20567,0.5143,0.2069,8275.0,0.299,0.402
20208,小諸市,13774,1902,463.0,9534,0.6922,11318,5406,0.3925,0.2045,2816.0,0.295,0.521
06428,庄内町,7590,905,537.0,5253,0.6921,7191,4112,0.5418,0.2049,1553.0,0.296,0.378
44206,臼杵市,14664,1969,477.0,10148,0.692,12328,7355,0.5016,0.2483,3682.0,0.359,0.495
20321,軽井沢町,6163,1661,237.0,4264,0.6919,5585,2767,0.449,0.2401,1476.0,0.347,0.535
01438,沼田町,1242,282,282.0,859,0.6916,1019,837,0.6739,0.3242,402.0,0.469,0.481
01631,音更町,12886,1537,537.0,8911,0.6915,11964,4640,0.3601,0.241,3111.0,0.349,0.669
39210,四万十市,12010,2132,361.0,8302,0.6913,10208,6030,0.5021,0.251,3017.0,0.363,0.5
40383,岡垣町,10295,826,798.0,7115,0.6911,9307,4032,0.3916,0.3494,3601.0,0.505,0.892
18208,あわら市,9382,1119,537.0,6483,0.691,8699,4529,0.4827,0.3,2805.0,0.434,0.622
07308,川俣町,5064,1117,290.0,3494,0.69,4649,2563,0.5061,0.2128,1085.0,0.308,0.421
03206,北上市,25214,4715,342.0,17390,0.6897,23485,11215,0.4448,0.2452,6189.0,0.356,0.551
28209,豊岡市,26473,3484,486.0,18253,0.6895,23780,13835,0.5226,0.3458,9170.0,0.501,0.662
07466,矢吹町,5451,973,359.0,3757,0.6892,4956,2398,0.4399,0.2074,1126.0,0.301,0.472
22223,御前崎市,9559,1560,392.0,6587,0.6891,7758,3860,0.4038,0.2422,2310.0,0.352,0.6
01643,幕別町,8653,1209,458.0,5960,0.6888,7543,3804,0.4396,0.1962,1699.0,0.285,0.446
15222,上越市,61444,7571,519.0,42280,0.6881,54595,26962,0.4388,0.2197,13500.0,0.319,0.501
04406,利府町,8624,688,802.0,5933,0.688,7336,3980,0.4615,0.21,1816.0,0.305,0.455
36204,阿南市,23026,3748,393.0,15842,0.688,21040,10615,0.461,0.2825,6535.0,0.411,0.613
06213,南陽市,10339,1305,507.0,7108,0.6875,9252,3857,0.3731,0.1833,1895.0,0.267,0.491
09211,矢板市,10323,1862,355.0,7094,0.6872,9149,4858,0.4706,0.2499,2583.0,0.364,0.531
16206,滑川市,9695,1467,423.0,6647,0.6856,8519,3763,0.3881,0.231,2251.0,0.337,0.595
31325,若桜町,1393,205,435.0,954,0.6849,1068,844,0.6059,0.2863,399.0,0.418,0.472
05202,能代市,20769,2007,662.0,14218,0.6846,17386,7883,0.3796,0.3384,7028.0,0.494,0.892
01228,深川市,8528,1338,408.0,5837,0.6845,7937,3756,0.4404,0.3482,2975.0,0.509,0.791
28208,相生市,10401,830,802.0,7118,0.6844,9639,5004,0.4811,0.3574,3722.0,0.522,0.743
43213,宇城市,19992,2922,438.0,13682,0.6844,18065,8664,0.4334,0.285,5677.0,0.416,0.658
46505,屋久島町,4283,1002,274.0,2931,0.6843,3833,2070,0.4833,0.4741,2046.0,0.693,0.981
10344,榛東村,3784,685,354.0,2589,0.6842,3469,1454,0.3842,0.1544,583.0,0.226,0.402
44322,姫島村,942,78,773.0,644,0.6837,644,208,0.2208,0.3566,336.0,0.522,1.615
01220,士別市,7344,1233,381.0,5015,0.6829,6253,2231,0.3038,0.3282,2412.0,0.481,1.08
19207,韮崎市,8880,1356,419.0,6064,0.6829,8314,4584,0.5162,0.2729,2430.0,0.4,0.529
40205,飯塚市,39746,3620,703.0,27126,0.6825,34577,15252,0.3837,0.319,12675.0,0.467,0.831
20415,喬木村,2128,397,343.0,1452,0.6823,1947,1111,0.5221,0.1704,362.0,0.25,0.326
36202,鳴門市,19000,1977,615.0,12958,0.682,16210,8764,0.4613,0.2988,5714.0,0.438,0.648
44341,日出町,8453,1336,405.0,5763,0.6818,7490,3332,0.3942,0.2581,2196.0,0.379,0.655
01346,八雲町,5509,902,391.0,3753,0.6812,5261,2195,0.3984,0.3204,1773.0,0.47,0.804
01639,更別村,977,303,206.0,665,0.6807,866,579,0.5926,0.2421,235.0,0.356,0.409
07541,広野町,1542,398,248.0,1049,0.6803,1470,766,0.4968,0.3637,567.0,0.535,0.732
26201,福知山市,22944,3501,419.0,15605,0.6801,19704,10931,0.4764,0.3174,7292.0,0.467,0.666
08232,神栖市,22162,3642,389.0,15069,0.6799,20127,7528,0.3397,0.2654,5882.0,0.39,0.781
42204,諫早市,40772,4528,576.0,27718,0.6798,33912,17106,0.4196,0.3777,15448.0,0.556,0.9
15218,五泉市,17131,2083,526.0,11642,0.6796,15501,8121,0.4741,0.1702,2918.0,0.25,0.359
01571,豊浦町,1525,313,312.0,1036,0.6793,1508,701,0.4597,0.4188,633.0,0.617,0.911
21404,池田町,6934,885,501.0,4708,0.679,5811,2345,0.3382,0.2459,1699.0,0.362,0.727
33203,津山市,30482,5294,369.0,20685,0.6786,26582,13411,0.44,0.2939,8978.0,0.433,0.668
10525,邑楽町,8268,1023,517.0,5610,0.6785,7684,3522,0.426,0.1806,1488.0,0.266,0.424
12226,富津市,16068,2601,395.0,10893,0.6779,14542,7348,0.4573,0.2714,4375.0,0.4,0.594
27361,熊取町,12428,573,1388.0,8424,0.6778,11091,4579,0.3684,0.3909,4865.0,0.577,1.061
20422,上松町,1763,317,356.0,1195,0.6778,1698,989,0.561,0.319,559.0,0.471,0.569
29211,葛城市,10286,852,773.0,6972,0.6778,8765,3729,0.3625,0.3121,3227.0,0.461,0.861
07207,須賀川市,21153,3318,408.0,14329,0.6774,19190,9883,0.4672,0.1884,3992.0,0.278,0.403
21212,土岐市,17699,1766,641.0,11989,0.6774,15029,7292,0.412,0.2746,4858.0,0.405,0.667
01332,福島町,1791,233,492.0,1213,0.6773,1584,732,0.4087,0.3866,716.0,0.571,0.946
02441,三戸町,3760,726,331.0,2545,0.6769,3461,1864,0.4957,0.4004,1515.0,0.591,0.808
43215,天草市,30138,4986,387.0,20400,0.6769,26824,15009,0.498,0.3836,11897.0,0.567,0.77
04501,涌谷町,5767,1207,306.0,3897,0.6757,5314,3131,0.5429,0.226,1310.0,0.335,0.416
37207,東かがわ市,11939,1771,431.0,8066,0.6756,11456,5037,0.4219,0.2619,3140.0,0.388,0.621
40204,直方市,19085,1589,769.0,12882,0.675,16653,7971,0.4177,0.325,6176.0,0.481,0.778
04206,白石市,11663,2130,350.0,7864,0.6743,10420,5858,0.5023,0.2405,2802.0,0.357,0.479
24201,津市,80708,7486,690.0,54396,0.674,70249,33673,0.4172,0.2413,19485.0,0.358,0.578
01468,下川町,1257,270,298.0,847,0.6738,847,397,0.3158,0.307,386.0,0.456,0.972
08207,結城市,15155,2023,479.0,10208,0.6736,13589,6181,0.4079,0.2459,3784.0,0.365,0.603
15213,燕市,24029,2162,711.0,16173,0.6731,20338,8923,0.3713,0.1661,3996.0,0.247,0.447
35216,山陽小野田市,20438,2193,596.0,13754,0.673,17217,8534,0.4176,0.2066,4225.0,0.307,0.495
12211,成田市,31394,3830,525.0,21124,0.6729,27430,12473,0.3973,0.2986,9360.0,0.444,0.751
17204,輪島市,11255,1941,371.0,7568,0.6724,10209,6156,0.547,0.3178,3599.0,0.473,0.581
17361,津幡町,9006,998,578.0,6054,0.6722,8268,4738,0.5261,0.1557,1407.0,0.232,0.296
01209,夕張市,3839,628,391.0,2578,0.6715,2863,1872,0.4876,0.4126,1579.0,0.614,0.846
11210,加須市,33302,4176,510.0,22344,0.671,30087,14866,0.4464,0.2465,8205.0,0.367,0.552
36203,小松島市,12588,1341,601.0,8447,0.671,11057,5226,0.4152,0.2749,3444.0,0.41,0.662
01218,赤平市,4661,509,586.0,3123,0.67,4159,2116,0.454,0.3811,1779.0,0.569,0.84
22213,掛川市,32091,4311,476.0,21498,0.6699,28076,11691,0.3643,0.2631,8431.0,0.393,0.722
18204,小浜市,9207,1196,493.0,6166,0.6697,7583,4549,0.4941,0.3676,3411.0,0.549,0.744
01343,鹿部町,1516,292,332.0,1015,0.6695,1396,815,0.5376,0.3396,515.0,0.507,0.632
43424,小国町,2781,654,272.0,1861,0.6692,2505,1643,0.5908,0.2811,780.0,0.42,0.476
05363,八郎潟町,2417,243,637.0,1617,0.669,2304,1176,0.4866,0.39,966.0,0.583,0.801
30203,橋本市,20133,2017,639.0,13468,0.669,18015,8372,0.4158,0.3303,6644.0,0.494,0.794
45202,都城市,50725,6786,478.0,33935,0.669,42614,21240,0.4187,0.2285,11576.0,0.342,0.546
25210,野洲市,13210,977,865.0,8832,0.6686,11816,5731,0.4338,0.3327,4388.0,0.498,0.767
30428,串本町,6881,862,511.0,4600,0.6685,5922,4055,0.5893,0.4796,3324.0,0.717,0.814
21205,関市,26047,3250,513.0,17409,0.6684,23496,11388,0.4372,0.2629,6836.0,0.393,0.601
11342,嵐山町,5879,651,578.0,3929,0.6683,5372,2535,0.4312,0.3095,1816.0,0.463,0.718
34208,府中市,14406,1794,514.0,9627,0.6683,12512,6143,0.4264,0.2386,3429.0,0.357,0.56
22224,菊川市,12865,1971,418.0,8596,0.6682,10727,4767,0.3705,0.2628,3381.0,0.393,0.709
29207,五條市,10388,1776,374.0,6940,0.6681,8587,5385,0.5184,0.2507,2597.0,0.375,0.484
11343,小川町,11083,1185,599.0,7403,0.668,10591,4447,0.4012,0.2568,2848.0,0.384,0.64
41207,鹿島市,9124,1265,462.0,6091,0.6676,8127,4453,0.4881,0.2024,1850.0,0.303,0.415
01364,乙部町,1531,215,456.0,1022,0.6675,1531,724,0.4729,0.4095,635.0,0.613,0.866
01424,奈井江町,2169,336,413.0,1447,0.6671,1947,885,0.408,0.259,567.0,0.388,0.635
19346,市川三郷町,5521,625,565.0,3683,0.6671,5037,1709,0.3095,0.305,1685.0,0.457,0.985
40503,大刀洗町,4445,565,504.0,2963,0.6666,4149,2212,0.4976,0.2891,1258.0,0.434,0.581
44205,佐伯市,27134,3342,520.0,18088,0.6666,22956,13109,0.4831,0.2764,7560.0,0.415,0.572
10464,玉村町,9176,894,657.0,6113,0.6662,8602,3213,0.3502,0.2116,1949.0,0.318,0.604
21209,羽島市,18151,1891,614.0,12087,0.6659,16613,6722,0.3703,0.2513,4558.0,0.377,0.679
12213,東金市,17091,2278,480.0,11372,0.6654,15856,7123,0.4168,0.2432,4174.0,0.366,0.584
24543,紀北町,6633,728,583.0,4406,0.6643,5391,3457,0.5212,0.3136,2097.0,0.472,0.602
01433,妹背牛町,1274,262,311.0,846,0.6641,1127,686,0.5385,0.3838,487.0,0.578,0.713
04445,加美町,8142,1635,319.0,5404,0.6637,7027,4079,0.501,0.2007,1633.0,0.302,0.401
15204,三条市,31251,3132,639.0,20728,0.6633,26122,11018,0.3526,0.1585,4955.0,0.239,0.45
01638,中札内村,1118,301,238.0,741,0.6628,1061,446,0.3989,0.2618,293.0,0.395,0.656
33204,玉野市,21731,1716,810.0,14403,0.6628,19259,9431,0.434,0.2872,6254.0,0.433,0.662
16207,黒部市,12506,1890,423.0,8286,0.6626,11292,5820,0.4654,0.2462,3081.0,0.372,0.529
01428,長沼町,3964,998,254.0,2626,0.6625,3831,1831,0.4619,0.2311,917.0,0.349,0.5
01371,せたな町,3449,742,297.0,2284,0.6622,2984,1602,0.4645,0.4309,1500.0,0.651,0.928
01226,砂川市,6415,716,573.0,4246,0.6619,6026,1671,0.2605,0.3189,2042.0,0.482,1.224
43364,玉東町,1762,364,310.0,1166,0.6617,1657,838,0.4756,0.2867,525.0,0.433,0.603
40206,田川市,15819,1504,673.0,10459,0.6612,13632,4810,0.3041,0.3447,5494.0,0.521,1.134
09301,上三川町,7373,1417,333.0,4869,0.6604,6675,3150,0.4272,0.234,1699.0,0.354,0.548
01635,新得町,2185,458,305.0,1442,0.66,1963,773,0.3538,0.2955,650.0,0.448,0.835
01370,今金町,2078,494,269.0,1371,0.6598,2078,1129,0.5433,0.3674,767.0,0.557,0.676
30362,広川町,2390,391,391.0,1577,0.6598,2390,1256,0.5255,0.3671,886.0,0.556,0.699
04205,気仙沼市,23398,3883,386.0,15435,0.6597,20672,11892,0.5082,0.2876,6741.0,0.436,0.566
45341,三股町,7245,827,561.0,4774,0.6589,6500,2846,0.3928,0.2245,1627.0,0.341,0.571
09209,真岡市,21226,4058,335.0,13973,0.6583,18260,8728,0.4112,0.2138,4535.0,0.325,0.52
22219,下田市,8489,1106,491.0,5581,0.6574,7165,4101,0.4831,0.3778,3224.0,0.575,0.782
41202,唐津市,38150,4653,525.0,25073,0.6572,32896,17375,0.4554,0.2415,9266.0,0.368,0.53
18209,越前市,23708,2704,561.0,15580,0.6572,20028,9851,0.4155,0.304,7216.0,0.463,0.732
21208,瑞浪市,11640,1775,420.0,7649,0.6571,10352,5308,0.456,0.2857,3326.0,0.435,0.627
01482,小平町,1201,273,282.0,789,0.657,1201,606,0.5046,0.4315,518.0,0.657,0.855
47302,大宜味村,1124,252,285.0,738,0.6566,939,614,0.5463,0.3529,404.0,0.537,0.646
43204,荒尾市,18252,1633,715.0,11984,0.6566,15313,6692,0.3666,0.2872,5240.0,0.437,0.783
30390,印南町,2849,620,294.0,1870,0.6564,2616,1615,0.5669,0.38,1085.0,0.579,0.67
08443,阿見町,13402,1578,544.0,8791,0.6559,12185,5244,0.3913,0.2822,3770.0,0.43,0.721
22302,河津町,2932,494,380.0,1918,0.6542,2714,1483,0.5058,0.3907,1156.0,0.597,0.772
09203,栃木市,49199,6899,456.0,32151,0.6535,43969,20616,0.419,0.2557,12576.0,0.391,0.61
01303,当別町,5578,991,360.0,3643,0.6531,5414,2381,0.4269,0.3511,1950.0,0.538,0.823
28219,三田市,28831,2555,722.0,18828,0.653,23533,11075,0.3841,0.3666,10577.0,0.561,0.954
39401,中土佐町,2882,519,355.0,1881,0.6527,1941,1539,0.534,0.2755,798.0,0.422,0.516
38210,伊予市,11938,1621,471.0,7791,0.6526,9810,4798,0.4019,0.2668,3200.0,0.409,0.664
37404,多度津町,7182,757,607.0,4685,0.6523,6409,2183,0.304,0.255,1847.0,0.391,0.839
02206,十和田市,20312,3087,421.0,13233,0.6515,18131,8266,0.407,0.3569,7253.0,0.548,0.877
15461,湯沢町,2958,412,459.0,1926,0.6511,2844,1579,0.5338,0.3162,935.0,0.486,0.592
02426,佐井村,858,115,477.0,558,0.6503,688,528,0.6154,0.5713,490.0,0.878,0.928
08341,東海村,9494,1157,525.0,6172,0.6501,8948,3521,0.3709,0.2881,2741.0,0.443,0.777
19423,西桂町,1229,141,558.0,799,0.6501,1229,420,0.3417,0.2814,346.0,0.433,0.823
19368,富士川町,4942,577,548.0,3213,0.6501,4379,2182,0.4415,0.2783,1372.0,0.428,0.63
11206,行田市,24782,2189,725.0,16105,0.6499,20963,9164,0.3698,0.2295,5739.0,0.353,0.621
04215,大崎市,38725,7116,348.0,25137,0.6491,34323,16697,0.4312,0.2492,9654.0,0.384,0.578
03202,宮古市,19010,2615,465.0,12328,0.6485,16842,9266,0.4874,0.3188,6070.0,0.492,0.654
02401,野辺地町,4713,533,566.0,3055,0.6482,4249,1634,0.3467,0.3994,1883.0,0.616,1.152
21204,多治見市,33320,2263,942.0,21586,0.6478,28527,14474,0.4344,0.2829,9428.0,0.437,0.651
01555,遠軽町,7236,1047,442.0,4687,0.6477,6588,2367,0.3271,0.3184,2302.0,0.492,0.974
31302,岩美町,4036,521,496.0,2613,0.6474,3712,1910,0.4732,0.2587,1049.0,0.4,0.547
01452,鷹栖町,2293,539,272.0,1482,0.6463,2031,925,0.4034,0.2716,617.0,0.42,0.673
27381,太子町,3865,243,1018.0,2497,0.6461,3541,1300,0.3364,0.3792,1458.0,0.587,1.127
01512,浜頓別町,1285,250,329.0,830,0.6459,1080,574,0.4467,0.3942,510.0,0.61,0.882
46218,霧島市,33781,5442,397.0,21818,0.6459,29225,14487,0.4289,0.3271,11090.0,0.506,0.763
03216,滝沢市,14155,1826,496.0,9142,0.6458,12971,5118,0.3616,0.2519,3567.0,0.39,0.697
37205,観音寺市,19418,2520,493.0,12538,0.6457,16842,6856,0.3531,0.2174,4225.0,0.337,0.616
25441,豊郷町,1994,238,536.0,1287,0.6454,1808,516,0.2588,0.3147,624.0,0.488,1.216
37364,直島町,989,123,515.0,638,0.6451,989,452,0.457,0.4062,417.0,0.63,0.889
21216,瑞穂市,11886,1162,655.0,7667,0.645,10876,3433,0.2888,0.2988,3535.0,0.463,1.035
35206,防府市,35014,3155,710.0,22574,0.6447,30587,11749,0.3356,0.1787,6260.0,0.277,0.532
46225,姶良市,23932,2490,615.0,15428,0.6447,21143,8867,0.3705,0.3201,7664.0,0.496,0.864
29363,田原本町,9998,702,911.0,6441,0.6442,8187,3442,0.3443,0.2704,2693.0,0.42,0.785
34205,尾道市,47342,4845,625.0,30489,0.644,41202,19575,0.4135,0.3134,14930.0,0.487,0.758
26366,精華町,9088,576,1010.0,5852,0.6439,8204,2755,0.3031,0.3576,3231.0,0.555,1.179
18207,鯖江市,18778,1971,610.0,12086,0.6436,16340,6382,0.3399,0.2808,5268.0,0.436,0.826
24211,鳥羽市,6702,690,622.0,4313,0.6435,5892,3501,0.5224,0.3087,2125.0,0.48,0.591
35208,岩国市,46094,5230,564.0,29635,0.6429,39012,18529,0.402,0.2457,11332.0,0.382,0.611
06209,長井市,9435,1560,387.0,6065,0.6428,8744,3813,0.4041,0.2249,2125.0,0.35,0.556
19208,南アルプス市,19304,2353,525.0,12406,0.6427,17256,6014,0.3115,0.2532,4887.0,0.394,0.813
42322,川棚町,4342,548,507.0,2790,0.6426,3725,1995,0.4595,0.3718,1640.0,0.579,0.809
24204,松阪市,47815,5145,595.0,30702,0.6421,41426,19556,0.409,0.2161,10326.0,0.337,0.528
39403,越知町,2448,329,476.0,1571,0.6417,2170,983,0.4016,0.2633,643.0,0.41,0.656
15206,新発田市,30644,3289,596.0,19653,0.6413,25944,12839,0.419,0.193,5916.0,0.301,0.461
29426,広陵町,8789,637,883.0,5629,0.6405,7680,2880,0.3277,0.3191,2824.0,0.498,0.974
01518,利尻町,812,161,323.0,520,0.6404,534,462,0.569,0.4969,402.0,0.776,0.873
01429,栗山町,4616,794,372.0,2955,0.6402,4044,1497,0.3243,0.2483,1151.0,0.388,0.766
19430,富士河口湖町,6878,1030,427.0,4402,0.64,6309,2271,0.3302,0.2622,1799.0,0.41,0.794
16205,氷見市,17333,2428,457.0,11091,0.6399,15660,7609,0.439,0.2124,3694.0,0.332,0.484
38506,愛南町,8814,1523,370.0,5637,0.6396,8349,4402,0.4994,0.325,2906.0,0.508,0.651
02204,黒石市,10906,1075,649.0,6971,0.6392,9271,3754,0.3442,0.3284,3593.0,0.514,0.954
09205,鹿沼市,28475,4732,385.0,18193,0.6389,24222,12509,0.4393,0.2375,6770.0,0.372,0.541
20563,野沢温泉村,1256,152,529.0,802,0.6385,1256,346,0.2755,0.2874,361.0,0.45,1.043
07301,桑折町,4358,586,476.0,2782,0.6384,3955,1859,0.4266,0.198,861.0,0.31,0.464
45401,高鍋町,6502,905,460.0,4146,0.6376,5643,3057,0.4702,0.236,1534.0,0.37,0.502
40230,糸島市,29553,2764,684.0,18807,0.6364,23772,12806,0.4333,0.3134,9270.0,0.492,0.723
11216,羽生市,15840,1974,514.0,10072,0.6359,13758,7156,0.4518,0.2354,3724.0,0.37,0.521
35203,山口市,56284,7445,484.0,35754,0.6352,47944,24319,0.4321,0.2197,12343.0,0.346,0.509
11218,深谷市,41020,4750,553.0,26047,0.635,35080,13453,0.328,0.2192,8961.0,0.345,0.668
13305,日の出町,6422,435,945.0,4074,0.6344,5320,2630,0.4095,0.4308,2816.0,0.679,1.052
26214,木津川市,19182,1355,906.0,12170,0.6344,15637,6146,0.3204,0.3089,5927.0,0.487,0.964
01470,音威子府村,213,63,216.0,135,0.6338,135,105,0.493,0.4198,87.0,0.662,0.852
18206,勝山市,8274,1038,510.0,5244,0.6338,6869,3581,0.4328,0.317,2624.0,0.5,0.733
01668,白糠町,3038,519,375.0,1925,0.6336,3038,1219,0.4013,0.2794,856.0,0.441,0.696
23216,常滑市,14658,1218,770.0,9284,0.6334,12538,4528,0.3089,0.3456,5092.0,0.546,1.119
20561,山ノ内町,4766,659,463.0,3018,0.6332,4280,1905,0.3997,0.2448,1166.0,0.387,0.612
29344,斑鳩町,8339,419,1274.0,5280,0.6332,7046,1492,0.1789,0.3062,2570.0,0.484,1.711
12329,栄町,7820,684,732.0,4946,0.6325,6840,3088,0.3949,0.2411,1890.0,0.381,0.611
07204,いわき市,102301,11351,577.0,64674,0.6322,90282,37249,0.3641,0.2517,25755.0,0.398,0.691
01607,浦河町,4080,896,291.0,2579,0.6321,3809,1495,0.3664,0.3375,1383.0,0.534,0.921
06207,上山市,11500,1200,613.0,7267,0.6319,10602,5387,0.4684,0.2118,2411.0,0.335,0.452
47306,今帰仁村,3020,689,281.0,1908,0.6318,2449,1345,0.4454,0.2564,774.0,0.406,0.576
11207,秩父市,20435,2734,478.0,12907,0.6316,17944,7912,0.3872,0.2186,4447.0,0.346,0.565
30202,海南市,17670,1710,661.0,11158,0.6315,15013,6837,0.3869,0.3336,5912.0,0.528,0.862
16211,射水市,27724,2541,698.0,17495,0.631,25186,10472,0.3777,0.217,6021.0,0.344,0.575
21217,飛騨市,9098,1280,455.0,5739,0.6308,7306,4361,0.4793,0.3184,2898.0,0.505,0.664
29203,大和郡山市,27523,1343,1312.0,17359,0.6307,22968,8415,0.3057,0.2895,7904.0,0.459,0.947
06208,村山市,8892,1165,488.0,5607,0.6306,8276,4452,0.5007,0.2184,1945.0,0.346,0.436
20203,上田市,47117,5268,572.0,29709,0.6305,41709,16211,0.3441,0.2162,10191.0,0.343,0.628
23215,犬山市,21397,1419,965.0,13470,0.6295,19316,7693,0.3595,0.3422,7329.0,0.544,0.952
13421,小笠原村,413,96,275.0,260,0.6295,260,204,0.4939,0.7287,301.0,1.158,1.475
01637,芽室町,5528,997,355.0,3479,0.6293,4671,2191,0.3963,0.1804,998.0,0.287,0.455
25204,近江八幡市,22471,1700,846.0,14124,0.6285,18878,7594,0.3379,0.322,7244.0,0.512,0.953
30341,かつらぎ町,6515,1016,410.0,4095,0.6285,5616,2503,0.3842,0.328,2108.0,0.522,0.854
34215,江田島市,9182,1137,517.0,5770,0.6284,8305,3677,0.4005,0.4216,4036.0,0.671,1.053
24343,朝日町,2134,195,700.0,1341,0.6284,1812,563,0.2638,0.277,583.0,0.441,1.05
22222,伊豆市,11988,1850,415.0,7531,0.6282,10816,5330,0.4446,0.333,3996.0,0.53,0.749
12233,富里市,14177,1527,594.0,8891,0.6271,12411,4865,0.3432,0.2542,3568.0,0.405,0.741
21213,各務原市,41007,2716,966.0,25697,0.6266,35363,12932,0.3154,0.2747,11250.0,0.438,0.871
01544,津別町,1981,388,327.0,1241,0.6265,1762,739,0.373,0.3586,709.0,0.572,0.961
31203,倉吉市,16080,1993,516.0,10073,0.6264,13663,6937,0.4314,0.2419,3879.0,0.386,0.561
23442,東浦町,12797,763,1073.0,8014,0.6262,10633,3486,0.2724,0.2836,3640.0,0.453,1.041
46214,垂水市,5852,699,536.0,3663,0.6259,5440,2715,0.4639,0.3933,2320.0,0.628,0.848
17206,加賀市,22677,2205,658.0,14183,0.6254,20762,9044,0.3988,0.179,4059.0,0.286,0.449
43211,宇土市,10833,1291,537.0,6775,0.6254,9990,4223,0.3898,0.276,3004.0,0.441,0.708
29204,天理市,16885,1508,717.0,10559,0.6253,15219,5788,0.3428,0.3612,6096.0,0.578,1.054
40216,小郡市,16689,1234,866.0,10436,0.6253,14142,6016,0.3605,0.3481,5859.0,0.557,0.966
46210,指宿市,15409,1803,547.0,9629,0.6249,13562,5667,0.3678,0.3799,5855.0,0.608,1.033
01337,七飯町,9732,1170,532.0,6081,0.6248,8745,2430,0.2497,0.2544,2472.0,0.407,1.019
37204,善通寺市,9733,1286,484.0,6080,0.6247,8581,3539,0.3636,0.2583,2497.0,0.414,0.71
07212,南相馬市,20778,3879,343.0,12962,0.6238,18267,8193,0.3943,0.2405,5002.0,0.386,0.61
10345,吉岡町,5223,708,472.0,3250,0.6222,4797,1871,0.3582,0.2029,1058.0,0.326,0.566
24344,川越町,2773,283,627.0,1725,0.6221,2597,713,0.2571,0.2769,789.0,0.445,1.077
19424,忍野村,1766,358,316.0,1098,0.6217,1591,330,0.1869,0.2508,454.0,0.403,1.342
29209,生駒市,33372,1635,1306.0,20748,0.6217,26852,9336,0.2798,0.331,11065.0,0.532,1.183
30391,みなべ町,3932,711,354.0,2444,0.6216,3603,1340,0.3408,0.3082,1211.0,0.496,0.904
09364,野木町,8282,781,679.0,5144,0.6211,7440,2341,0.2827,0.2706,2191.0,0.436,0.957
01216,芦別市,6007,776,495.0,3728,0.6206,5462,2132,0.3549,0.3381,2027.0,0.545,0.952
22216,袋井市,21133,2491,543.0,13105,0.6201,18241,6691,0.3166,0.2701,5756.0,0.436,0.853
17209,かほく市,10308,1107,596.0,6390,0.6199,9249,3405,0.3303,0.1686,1739.0,0.272,0.51
19425,山中湖村,1767,459,246.0,1095,0.6197,1725,946,0.5354,0.1925,333.0,0.311,0.36
35207,下松市,16476,1292,816.0,10204,0.6193,15849,4934,0.2995,0.2175,3593.0,0.351,0.726
21203,高山市,28096,3937,457.0,17397,0.6192,22517,12109,0.431,0.2641,7420.0,0.427,0.613
06301,山辺町,4676,469,638.0,2894,0.6189,4036,1804,0.3858,0.1756,828.0,0.284,0.455
11238,蓮田市,19911,1149,1109.0,12299,0.6177,16765,4443,0.2231,0.3105,6179.0,0.503,1.391
38206,西条市,34396,4050,544.0,21247,0.6177,29397,12294,0.3574,0.2734,9406.0,0.443,0.765
22226,牧之原市,13773,2054,429.0,8506,0.6176,11655,5798,0.421,0.2319,3208.0,0.375,0.551
20215,塩尻市,19157,2142,572.0,11803,0.6161,17332,6475,0.338,0.2397,4592.0,0.389,0.709
12210,茂原市,28788,3377,546.0,17731,0.6159,25397,10223,0.3551,0.2411,6937.0,0.391,0.679
19204,都留市,8765,1079,520.0,5397,0.6157,7761,3343,0.3814,0.3619,3174.0,0.588,0.949
42391,佐々町,3918,513,489.0,2406,0.6141,3138,1165,0.2973,0.3859,1514.0,0.628,1.298
15202,長岡市,83365,8218,649.0,51170,0.6138,67698,33821,0.4057,0.2234,18621.0,0.364,0.551
39209,土佐清水市,6133,780,503.0,3764,0.6137,5045,3199,0.5216,0.3198,2002.0,0.521,0.613
01229,富良野市,7229,1191,388.0,4435,0.6135,6230,2061,0.2851,0.2587,1877.0,0.422,0.907
39363,土佐町,1802,423,273.0,1105,0.6132,1133,839,0.4656,0.2306,415.0,0.376,0.495
01221,名寄市,8756,1308,428.0,5369,0.6132,8286,2881,0.329,0.3307,2892.0,0.539,1.005
08208,龍ケ崎市,22199,1804,788.0,13605,0.6129,19122,7094,0.3196,0.297,6568.0,0.485,0.929
46530,徳之島町,3317,449,473.0,2032,0.6126,3198,1827,0.5508,0.475,1600.0,0.775,0.862
15211,見附市,12944,1106,749.0,7918,0.6117,11020,5620,0.4342,0.17,2199.0,0.278,0.391
20211,中野市,13651,1716,509.0,8344,0.6112,12470,5599,0.4102,0.186,2542.0,0.304,0.453
01545,斜里町,3834,685,358.0,2342,0.6109,3073,1386,0.3615,0.2618,1005.0,0.429,0.724
02202,弘前市,53921,4570,755.0,32876,0.6097,46662,18799,0.3486,0.3532,19047.0,0.579,1.013
01406,古平町,1147,144,510.0,697,0.6077,733,520,0.4534,0.4637,535.0,0.763,1.023
36402,北島町,5771,420,879.0,3507,0.6077,4796,1182,0.2048,0.2159,1252.0,0.355,1.054
19205,山梨市,11421,1608,455.0,6927,0.6065,10796,2957,0.2589,0.2974,3389.0,0.49,1.149
01212,留萌市,7406,621,763.0,4489,0.6061,5728,2842,0.3837,0.3345,2484.0,0.552,0.872
01633,上士幌町,1686,369,292.0,1021,0.6056,1433,788,0.4674,0.2571,435.0,0.425,0.55
14217,南足柄市,13461,912,945.0,8147,0.6052,11638,4366,0.3243,0.2796,3757.0,0.462,0.862
15209,加茂市,9398,879,684.0,5688,0.6052,8408,3599,0.383,0.1898,1776.0,0.314,0.496
11465,松伏町,8451,566,956.0,5113,0.605,7156,2622,0.3103,0.254,2135.0,0.42,0.819
46219,いちき串木野市,10168,1262,516.0,6152,0.605,8556,3169,0.3117,0.3098,3152.0,0.512,0.994
37322,土庄町,5453,707,494.0,3298,0.6048,4598,2133,0.3912,0.3266,1805.0,0.54,0.835
47328,中城村,4341,474,586.0,2622,0.604,3781,1277,0.2942,0.2719,1118.0,0.45,0.924
19212,上野原市,8252,1077,490.0,4983,0.6039,7063,3358,0.4069,0.3461,2857.0,0.573,0.851
23501,幸田町,9168,953,616.0,5536,0.6038,8110,3035,0.331,0.2875,2644.0,0.476,0.868
32201,松江市,59428,6421,592.0,35880,0.6038,47738,22801,0.3837,0.2661,15831.0,0.441,0.694
20541,小布施町,3746,351,683.0,2259,0.603,3462,1167,0.3115,0.2121,795.0,0.352,0.681
44204,日田市,22382,3226,444.0,13497,0.603,18064,8831,0.3946,0.2465,5517.0,0.409,0.625
47381,竹富町,899,249,231.0,542,0.6029,809,350,0.3893,0.513,464.0,0.851,1.318
24202,四日市市,78808,5651,893.0,47486,0.6026,66545,23588,0.2993,0.2322,18259.0,0.385,0.776
29206,桜井市,17416,1409,791.0,10481,0.6018,13413,4871,0.2797,0.3065,5361.0,0.509,1.096
17202,七尾市,19220,2778,443.0,11544,0.6006,16010,8042,0.4184,0.2229,4317.0,0.371,0.533
01487,天塩町,1099,263,267.0,660,0.6005,994,495,0.4504,0.3128,343.0,0.521,0.694
10206,沼田市,15498,2281,435.0,9303,0.6003,13105,5554,0.3584,0.2071,3208.0,0.345,0.578
20361,下諏訪町,7341,394,1192.0,4404,0.5999,6187,2736,0.3727,0.2231,1642.0,0.372,0.599
08202,日立市,56480,3686,981.0,33870,0.5997,48818,15436,0.2733,0.2813,15898.0,0.469,1.029
12225,君津市,26378,2948,573.0,15797,0.5989,23303,9795,0.3713,0.2486,6554.0,0.415,0.669
01225,滝川市,13831,1400,632.0,8282,0.5988,12255,3633,0.2627,0.3277,4529.0,0.547,1.247
08204,古河市,39732,4342,586.0,23764,0.5981,35244,10660,0.2683,0.2623,10411.0,0.439,0.978
11326,毛呂山町,11545,823,898.0,6903,0.5979,9439,2220,0.1923,0.3162,3666.0,0.529,1.644
09213,那須塩原市,31959,6094,336.0,19093,0.5974,27111,11849,0.3708,0.2371,7591.0,0.397,0.639
03322,矢巾町,7365,1205,391.0,4399,0.5973,6466,2989,0.4058,0.2033,1498.0,0.34,0.501
01459,美瑛町,3763,784,307.0,2246,0.5969,2992,1687,0.4483,0.2851,1069.0,0.478,0.636
24207,鈴鹿市,47978,4438,692.0,28633,0.5968,41922,16410,0.342,0.2265,10867.0,0.38,0.662
09204,佐野市,35517,4297,529.0,21183,0.5964,29813,12078,0.3401,0.2745,9776.0,0.46,0.807
11464,杉戸町,14442,1068,865.0,8602,0.5956,11543,4530,0.3137,0.2561,3689.0,0.43,0.816
11202,熊谷市,57348,5021,731.0,34096,0.5945,48357,19343,0.3373,0.2364,13536.0,0.398,0.701
04214,東松島市,11608,1499,496.0,6896,0.5941,9949,3790,0.3265,0.2627,3044.0,0.442,0.805
08224,守谷市,15767,1111,908.0,9351,0.5931,13045,3786,0.2401,0.2958,4687.0,0.499,1.232
22221,湖西市,16029,1530,670.0,9503,0.5929,12873,4527,0.2824,0.2563,4118.0,0.432,0.907
12205,館山市,17744,2166,524.0,10518,0.5928,14694,5896,0.3323,0.2813,4988.0,0.475,0.847
08203,土浦市,40955,3518,745.0,24264,0.5925,34294,9909,0.2419,0.2698,11035.0,0.455,1.115
01661,釧路町,5644,615,587.0,3341,0.592,4537,1798,0.3186,0.1786,1019.0,0.302,0.561
23213,西尾市,43386,4286,648.0,25685,0.592,35819,13329,0.3072,0.23,9977.0,0.389,0.749
01233,伊達市,12594,1422,567.0,7444,0.5911,11757,4096,0.3252,0.3386,4267.0,0.573,1.041
40621,苅田町,8913,780,731.0,5268,0.591,8134,2549,0.286,0.3613,3208.0,0.611,1.263
01423,南幌町,2552,544,300.0,1508,0.5909,2270,817,0.3201,0.2059,526.0,0.348,0.643
01692,中標津町,6151,1084,363.0,3633,0.5906,5557,2223,0.3614,0.2595,1596.0,0.439,0.718
39212,香美市,10100,1558,415.0,5960,0.5901,8279,4347,0.4304,0.325,3290.0,0.551,0.755
11327,越生町,3983,582,438.0,2349,0.5898,3639,1691,0.4246,0.2856,1138.0,0.484,0.673
36403,藍住町,9043,768,754.0,5329,0.5893,7127,2160,0.2389,0.256,2302.0,0.434,1.072
42203,島原市,15326,1681,584.0,9003,0.5874,11785,4857,0.3169,0.3952,6135.0,0.673,1.247
47356,渡名喜村,143,14,654.0,84,0.5874,143,42,0.2937,0.7448,107.0,1.268,2.536
39206,須崎市,8368,1141,469.0,4913,0.5871,7885,4178,0.4993,0.263,2198.0,0.448,0.527
11242,日高市,17965,1485,774.0,10543,0.5869,15161,4990,0.2778,0.28,5031.0,0.477,1.008
14364,山北町,3882,406,612.0,2273,0.5855,3501,1635,0.4212,0.2948,1142.0,0.504,0.7
11385,上里町,8320,930,573.0,4870,0.5853,7314,2806,0.3373,0.1943,1617.0,0.332,0.576
41208,小城市,12600,1650,489.0,7375,0.5853,10175,4398,0.349,0.1888,2379.0,0.323,0.541
35215,周南市,44783,4609,622.0,26208,0.5852,38113,17407,0.3887,0.2298,10280.0,0.393,0.591
45421,門川町,5915,564,671.0,3460,0.585,4915,1350,0.2282,0.199,1183.0,0.34,0.872
23235,弥富市,11172,1217,588.0,6526,0.5841,9887,3880,0.3473,0.315,3547.0,0.539,0.907
01400,倶知安町,3735,685,349.0,2181,0.5839,3377,1436,0.3845,0.3027,1130.0,0.518,0.787
38402,砥部町,6966,621,718.0,4066,0.5837,6352,1492,0.2142,0.2549,1781.0,0.437,1.19
40341,宇美町,10322,599,1103.0,6025,0.5837,8470,2883,0.2793,0.2374,2471.0,0.407,0.85
09216,下野市,14844,1929,492.0,8658,0.5833,12871,5426,0.3655,0.2817,4201.0,0.483,0.771
40544,広川町,5999,670,573.0,3499,0.5833,5649,2155,0.3592,0.318,1909.0,0.545,0.885
01211,網走市,11256,1412,510.0,6563,0.5831,9499,3950,0.3509,0.318,3580.0,0.545,0.906
01662,厚岸町,3178,629,323.0,1853,0.5831,3043,1227,0.3861,0.2782,885.0,0.477,0.721
01236,北斗市,13328,1412,604.0,7760,0.5822,11059,3910,0.2934,0.2162,2883.0,0.371,0.737
18205,大野市,11680,1539,486.0,6797,0.5819,9315,4771,0.4085,0.2869,3351.0,0.493,0.702
27228,泉南市,17750,886,1282.0,10326,0.5817,16638,5305,0.2989,0.4074,7242.0,0.7,1.363
40344,須惠町,7788,437,1141.0,4528,0.5814,6791,1166,0.1497,0.2356,1848.0,0.405,1.573
20207,須坂市,16002,1480,692.0,9298,0.5811,14084,4776,0.2985,0.1952,3127.0,0.336,0.654
24205,桑名市,37029,2825,839.0,21478,0.58,29995,9961,0.269,0.2506,9293.0,0.432,0.932
24203,伊勢市,39044,2996,834.0,22621,0.5794,30674,13244,0.3392,0.2173,8496.0,0.375,0.641
03203,大船渡市,13050,1980,422.0,7547,0.5783,11916,4481,0.3434,0.2456,3206.0,0.425,0.715
04207,名取市,18105,1720,674.0,10470,0.5783,14986,4935,0.2726,0.2264,4048.0,0.392,0.831
37202,丸亀市,31404,3477,578.0,18155,0.5781,25569,8507,0.2709,0.2283,7178.0,0.395,0.843
23446,美浜町,6797,704,618.0,3927,0.5778,5649,2361,0.3474,0.3732,2545.0,0.646,1.074
39205,土佐市,9413,1189,507.0,5434,0.5773,8404,3743,0.3976,0.1855,1755.0,0.321,0.466
02207,三沢市,10294,1297,508.0,5937,0.5767,8959,3529,0.3428,0.344,3573.0,0.597,1.004
01223,根室市,8646,1132,489.0,4985,0.5766,7783,2760,0.3192,0.2792,2414.0,0.484,0.875
35202,宇部市,53846,4490,768.0,31004,0.5758,44048,15383,0.2857,0.2077,11217.0,0.361,0.727
19214,中央市,7543,750,644.0,4343,0.5758,6558,1467,0.1945,0.2892,2183.0,0.502,1.487
22211,磐田市,47577,4727,644.0,27381,0.5755,41475,14558,0.306,0.2685,12775.0,0.467,0.877
22305,松崎町,2948,373,506.0,1691,0.5736,2452,989,0.3355,0.4035,1190.0,0.703,1.203
06211,東根市,13435,1510,569.0,7704,0.5734,11704,4200,0.3126,0.234,3145.0,0.408,0.748
20205,飯田市,31959,4407,464.0,18323,0.5733,27248,10350,0.3239,0.2059,6586.0,0.359,0.636
43403,大津町,7626,1000,488.0,4372,0.5733,6538,2512,0.3294,0.283,2160.0,0.494,0.859
23220,稲沢市,37247,3126,763.0,21351,0.5732,32547,9634,0.2587,0.3298,12296.0,0.575,1.275
23302,東郷町,10473,679,987.0,5998,0.5727,9676,1283,0.1225,0.2671,2726.0,0.466,2.18
23361,大口町,5799,523,710.0,3320,0.5725,5302,759,0.1309,0.2852,1646.0,0.498,2.179
01484,羽幌町,2817,369,489.0,1612,0.5722,2445,609,0.2162,0.2873,814.0,0.502,1.329
17203,小松市,30477,2846,685.0,17437,0.5721,25823,9178,0.3011,0.1764,5370.0,0.308,0.586
19213,甲州市,10721,1664,412.0,6133,0.5721,9528,2687,0.2506,0.2785,2985.0,0.487,1.111
10205,太田市,58046,6338,586.0,33201,0.572,52006,16001,0.2757,0.2143,12441.0,0.375,0.777
19443,丹波山村,233,40,373.0,133,0.5708,233,168,0.721,0.5788,137.0,1.014,0.803
46222,奄美市,13378,1045,819.0,7628,0.5702,9847,5090,0.3805,0.3824,5140.0,0.671,1.005
01234,北広島市,19264,1173,1051.0,10968,0.5694,16652,4960,0.2575,0.2957,5730.0,0.519,1.148
09202,足利市,47103,4092,737.0,26822,0.5694,39698,13072,0.2775,0.2772,13037.0,0.487,0.999
26202,舞鶴市,25432,2310,705.0,14480,0.5694,20869,8415,0.3309,0.2972,7559.0,0.522,0.898
31201,鳥取市,54985,4977,707.0,31284,0.569,46807,19376,0.3524,0.243,13360.0,0.427,0.689
13363,新島村,967,139,445.0,550,0.5688,587,349,0.3609,0.5058,489.0,0.889,1.401
08219,牛久市,24559,1647,954.0,13947,0.5679,19609,7620,0.3103,0.2616,6426.0,0.461,0.843
12230,八街市,20879,2612,512.0,11845,0.5673,17954,6640,0.318,0.2143,4481.0,0.378,0.674
06302,中山町,3828,346,708.0,2166,0.5658,3763,1853,0.4841,0.1767,678.0,0.312,0.365
01361,江差町,2798,372,481.0,1580,0.5647,2636,1134,0.4053,0.3721,1059.0,0.659,0.918
25208,栗東市,13261,1080,786.0,7488,0.5647,11389,2359,0.1779,0.2888,3795.0,0.512,1.624
22207,富士宮市,37931,4337,560.0,21415,0.5646,31740,11636,0.3068,0.2625,9955.0,0.465,0.856
44203,中津市,24804,3654,434.0,13997,0.5643,21557,7740,0.312,0.2945,7313.0,0.522,0.944
34307,熊野町,8132,603,863.0,4589,0.5643,6548,2964,0.3645,0.2424,1972.0,0.43,0.665
01393,黒松内町,1085,270,257.0,612,0.5641,957,622,0.5733,0.4028,444.0,0.714,0.703
06321,河北町,6654,655,650.0,3752,0.5639,5968,2281,0.3428,0.1966,1305.0,0.349,0.573
38401,松前町,9282,758,784.0,5234,0.5639,8376,1724,0.1857,0.2868,2658.0,0.509,1.544
07201,福島市,84407,8228,657.0,47567,0.5635,70405,24384,0.2889,0.2561,21590.0,0.454,0.886
21211,美濃加茂市,12737,1858,439.0,7168,0.5628,11831,4388,0.3445,0.2591,3346.0,0.46,0.752
47311,恩納村,2587,390,425.0,1456,0.5628,2258,771,0.298,0.2798,733.0,0.497,0.939
01636,清水町,3388,763,284.0,1906,0.5626,3032,992,0.2928,0.243,823.0,0.432,0.83
22325,函南町,12147,991,784.0,6828,0.5621,10414,4784,0.3938,0.2985,3602.0,0.531,0.758
26205,宮津市,7180,766,600.0,4034,0.5618,5956,2953,0.4113,0.3634,2633.0,0.647,0.884
04323,柴田町,11001,1077,654.0,6175,0.5613,9030,3091,0.281,0.2327,2567.0,0.415,0.828
17210,白山市,30854,2626,752.0,17306,0.5609,26673,8564,0.2776,0.1428,4413.0,0.255,0.515
22208,伊東市,27965,2519,711.0,15686,0.5609,20536,9415,0.3367,0.3602,10072.0,0.642,1.07
10207,館林市,22132,2097,675.0,12412,0.5608,18724,6163,0.2785,0.2141,4732.0,0.382,0.769
01210,岩見沢市,28846,3100,596.0,16164,0.5604,25346,8379,0.2905,0.3404,9831.0,0.607,1.172
47357,南大東村,316,154,131.0,177,0.5601,177,142,0.4494,0.3631,115.0,0.648,0.808
38215,東温市,10246,1398,469.0,5720,0.5583,9090,3097,0.3023,0.3186,3255.0,0.571,1.054
28217,川西市,48975,1483,2114.0,27308,0.5576,39877,10727,0.219,0.3568,17553.0,0.64,1.629
30404,上富田町,4081,636,411.0,2274,0.5572,3460,1287,0.3154,0.3362,1383.0,0.603,1.066
39302,奈半利町,1404,173,519.0,782,0.557,1397,661,0.4708,0.3658,519.0,0.657,0.777
10212,みどり市,14925,1886,506.0,8311,0.5569,12953,3077,0.2062,0.1777,2636.0,0.319,0.862
11209,飯能市,25282,2029,797.0,14067,0.5564,22668,7336,0.2902,0.3196,8054.0,0.574,1.101
40224,福津市,18897,1190,1016.0,10511,0.5562,15360,5612,0.297,0.3277,6190.0,0.589,1.104
43202,八代市,42099,4805,561.0,23411,0.5561,35151,12276,0.2916,0.3271,13781.0,0.588,1.122
01481,増毛町,1723,298,370.0,958,0.556,1501,740,0.4295,0.3639,629.0,0.655,0.847
23211,豊田市,97455,10285,606.0,54091,0.555,84771,28833,0.2959,0.2594,25264.0,0.467,0.877
20202,松本市,66723,6481,659.0,36996,0.5545,56291,18456,0.2766,0.2495,16631.0,0.45,0.902
22301,東伊豆町,5489,535,657.0,3042,0.5542,3936,1785,0.3252,0.4524,2496.0,0.816,1.391
40223,古賀市,15854,908,1117.0,8764,0.5528,13067,3652,0.2304,0.3005,4883.0,0.544,1.305
04202,石巻市,46478,4926,604.0,25679,0.5525,37506,14504,0.3121,0.2411,11213.0,0.436,0.773
42307,長与町,11216,734,978.0,6196,0.5524,9322,2796,0.2493,0.3526,3916.0,0.638,1.415
35201,下関市,90264,7472,773.0,49801,0.5517,72897,24335,0.2696,0.2498,22561.0,0.453,0.926
01408,余市町,7218,838,551.0,3980,0.5514,5803,1186,0.1643,0.3334,2421.0,0.605,2.029
23441,阿久比町,7618,609,801.0,4197,0.5509,6988,1791,0.2351,0.2824,2122.0,0.513,1.201
12219,市原市,78622,6627,759.0,43138,0.5487,66753,24519,0.3119,0.2878,22639.0,0.525,0.923
19211,笛吹市,19838,2717,467.0,10881,0.5485,16993,5131,0.2586,0.2827,5618.0,0.515,1.093
12229,袖ケ浦市,17024,1758,620.0,9332,0.5482,13480,4879,0.2866,0.2321,3960.0,0.423,0.81
10204,伊勢崎市,53124,5497,619.0,29104,0.5479,44194,11574,0.2179,0.1927,10227.0,0.352,0.884
25202,彦根市,28311,2194,826.0,15505,0.5477,23262,8195,0.2895,0.3073,8696.0,0.561,1.062
20206,諏訪市,15050,1223,788.0,8229,0.5468,12179,3402,0.226,0.2112,3175.0,0.386,0.934
01219,紋別市,7700,911,541.0,4205,0.5461,6208,1777,0.2308,0.3124,2405.0,0.572,1.354
09361,壬生町,11446,1806,406.0,6245,0.5456,9422,3846,0.336,0.2574,2946.0,0.472,0.766
27232,阪南市,17047,759,1437.0,9290,0.545,14821,4168,0.2445,0.3979,6793.0,0.73,1.628
34213,廿日市市,34832,2497,893.0,18965,0.5445,29462,9135,0.2623,0.2592,9061.0,0.476,0.988
12206,木更津市,37386,3058,782.0,20328,0.5437,32735,9150,0.2447,0.2834,10592.0,0.521,1.158
01392,寿都町,1159,215,345.0,630,0.5436,1159,388,0.3348,0.455,531.0,0.837,1.359
01230,登別市,17262,1037,1065.0,9374,0.543,14633,3654,0.2117,0.255,4408.0,0.47,1.205
06203,鶴岡市,42957,4641,592.0,23317,0.5428,36657,15445,0.3595,0.2232,9597.0,0.411,0.621
34202,呉市,74806,4347,1101.0,40599,0.5427,61805,23347,0.3121,0.3365,25477.0,0.62,1.078
47315,伊江村,1419,269,338.0,770,0.5426,1142,275,0.1938,0.2653,378.0,0.489,1.369
38202,今治市,53714,5594,615.0,29124,0.5422,45432,18140,0.3377,0.2995,16164.0,0.552,0.887
12322,酒々井町,6704,493,870.0,3634,0.5421,5704,1233,0.1839,0.2647,1803.0,0.488,1.439
37203,坂出市,18173,1889,616.0,9847,0.5418,15792,6124,0.337,0.2299,4177.0,0.424,0.682
04401,松島町,5189,706,470.0,2807,0.541,4766,1532,0.2952,0.2977,1552.0,0.55,1.008
14383,真鶴町,2915,171,1091.0,1577,0.541,2387,1089,0.3736,0.348,1017.0,0.643,0.932
01214,稚内市,11027,1080,653.0,5941,0.5388,9369,2756,0.2499,0.3433,3785.0,0.637,1.373
40215,中間市,15194,638,1524.0,8184,0.5386,13074,3035,0.1997,0.3044,4598.0,0.565,1.524
38213,四国中央市,26613,3000,568.0,14328,0.5384,22646,8404,0.3158,0.2477,6602.0,0.46,0.784
21202,大垣市,43357,3503,792.0,23330,0.5381,36594,10872,0.2508,0.2623,11402.0,0.488,1.046
01610,新ひだか町,7580,1312,370.0,4077,0.5379,6458,2596,0.3425,0.3033,2308.0,0.564,0.886
31202,米子市,42375,3252,834.0,22780,0.5376,36114,9890,0.2334,0.2425,10266.0,0.451,1.039
43216,合志市,15162,1235,786.0,8143,0.5371,12620,4486,0.2959,0.2607,3899.0,0.485,0.881
30209,岩出市,12742,984,829.0,6839,0.5367,11136,2780,0.2182,0.2765,3553.0,0.515,1.267
16204,魚津市,13799,1632,541.0,7396,0.536,11915,4310,0.3123,0.2215,3080.0,0.413,0.709
28464,太子町,9131,729,802.0,4891,0.5356,7642,2110,0.2311,0.2946,2665.0,0.55,1.275
04404,七ヶ浜町,5666,416,872.0,3030,0.5348,5190,2152,0.3798,0.2545,1436.0,0.476,0.67
08221,ひたちなか市,40236,3475,741.0,21514,0.5347,33370,9120,0.2267,0.2653,10673.0,0.496,1.17
38203,宇和島市,27623,2961,597.0,14771,0.5347,23272,10614,0.3842,0.3281,9251.0,0.614,0.854
24209,尾鷲市,7040,504,894.0,3759,0.5339,5641,2685,0.3814,0.2859,2036.0,0.536,0.75
01203,小樽市,45382,2297,1264.0,24205,0.5334,35187,10570,0.2329,0.3553,16141.0,0.666,1.526
40202,大牟田市,41240,2292,1152.0,21944,0.5321,32186,7477,0.1813,0.297,12263.0,0.558,1.638
11212,東松山市,25963,2190,759.0,13790,0.5311,21963,5929,0.2284,0.2497,6490.0,0.47,1.093
01561,興部町,1213,291,267.0,643,0.5301,1048,384,0.3166,0.3541,428.0,0.668,1.119
09208,小山市,41774,4741,564.0,22116,0.5294,34891,12322,0.295,0.282,11781.0,0.533,0.956
47308,本部町,4091,771,340.0,2163,0.5287,2939,1556,0.3803,0.2958,1215.0,0.559,0.778
06202,米沢市,25270,3035,533.0,13350,0.5283,20600,8084,0.3199,0.2333,5894.0,0.442,0.729
30421,那智勝浦町,6155,717,549.0,3251,0.5282,4920,2063,0.3352,0.4668,2894.0,0.884,1.393
34207,福山市,132011,10288,821.0,69707,0.528,107853,39644,0.3003,0.2287,30228.0,0.433,0.762
20218,千曲市,19589,1856,675.0,10337,0.5277,16913,5448,0.2781,0.1867,3664.0,0.354,0.671
12231,印西市,23730,2372,640.0,12512,0.5273,19037,7100,0.2992,0.2584,6124.0,0.49,0.864
23230,日進市,18248,1339,872.0,9611,0.5267,15245,4187,0.2294,0.2948,5319.0,0.56,1.285
22205,熱海市,16341,921,1136.0,8602,0.5264,12038,5273,0.3227,0.4409,7220.0,0.838,1.366
47214,宮古島市,14058,2032,443.0,7377,0.5248,10631,5033,0.358,0.3186,4485.0,0.607,0.89
23204,瀬戸市,38110,2164,1127.0,19952,0.5235,31882,11889,0.312,0.333,12720.0,0.636,1.068
01543,美幌町,6709,857,501.0,3510,0.5232,6261,1126,0.1678,0.2358,1583.0,0.451,1.405
33202,倉敷市,125582,9782,822.0,65675,0.523,103203,32677,0.2602,0.2743,34432.0,0.524,1.054
23237,あま市,22772,1319,1105.0,11888,0.522,19467,3749,0.1646,0.2904,6689.0,0.556,1.764
01397,留寿都村,499,183,175.0,260,0.521,350,171,0.3427,0.3795,187.0,0.728,1.107
37201,高松市,115196,10147,727.0,60011,0.5209,90857,29625,0.2572,0.2657,30623.0,0.51,1.033
14382,箱根町,4120,639,413.0,2142,0.5199,3309,1425,0.3459,0.4139,1705.0,0.796,1.197
46204,枕崎市,8175,933,561.0,4250,0.5199,6179,2623,0.3209,0.3261,2671.0,0.627,1.016
23203,一宮市,102453,5798,1131.0,53233,0.5196,87543,21254,0.2075,0.3017,30936.0,0.581,1.454
30205,御坊市,7350,833,565.0,3819,0.5196,6156,2159,0.2937,0.3092,2267.0,0.595,1.053
01231,恵庭市,19675,1417,889.0,10209,0.5189,17120,2145,0.109,0.2709,5328.0,0.522,2.484
01462,南富良野町,767,211,233.0,398,0.5189,584,282,0.3677,0.2886,221.0,0.556,0.785
29425,王寺町,6731,294,1465.0,3487,0.5181,5087,2052,0.3049,0.334,2249.0,0.645,1.096
42202,佐世保市,76909,7041,699.0,39831,0.5179,62374,21511,0.2797,0.3857,29763.0,0.745,1.379
02203,八戸市,69359,5598,793.0,35917,0.5178,58706,16022,0.231,0.3381,23437.0,0.653,1.463
06206,寒河江市,12857,1230,669.0,6649,0.5172,11036,3380,0.2629,0.1749,2249.0,0.338,0.665
34211,大竹市,9331,606,985.0,4812,0.5157,8198,1946,0.2086,0.3188,2999.0,0.618,1.529
16201,富山市,122794,11082,709.0,63212,0.5148,104174,31358,0.2554,0.2462,30223.0,0.478,0.964
33423,早島町,3602,279,826.0,1854,0.5147,3055,1150,0.3193,0.3328,1143.0,0.647,1.043
02201,青森市,84797,5130,1058.0,43608,0.5143,70265,16901,0.1993,0.349,29593.0,0.679,1.751
23217,江南市,26649,1585,1076.0,13694,0.5139,22213,4816,0.1807,0.3219,8572.0,0.626,1.781
11246,白岡市,14543,933,998.0,7456,0.5127,11832,3459,0.2378,0.3235,4722.0,0.631,1.36
14210,三浦市,17144,905,1212.0,8778,0.512,12342,4735,0.2762,0.3535,6066.0,0.69,1.28
20201,長野市,108233,9203,753.0,55405,0.5119,93028,23470,0.2168,0.231,25004.0,0.451,1.065
35321,和木町,1622,122,851.0,830,0.5117,1577,638,0.3933,0.2578,424.0,0.504,0.656
14362,大井町,4944,364,869.0,2525,0.5107,4074,831,0.1681,0.259,1285.0,0.507,1.541
22209,島田市,30148,2782,694.0,15374,0.51,23064,8137,0.2699,0.2429,7331.0,0.476,0.9
28210,加古川市,72178,3731,1238.0,36783,0.5096,58508,16812,0.2329,0.3085,22316.0,0.605,1.325
23224,知多市,23474,1213,1239.0,11959,0.5095,18435,5077,0.2163,0.3416,8014.0,0.67,1.579
06205,新庄市,11402,1445,505.0,5796,0.5083,10465,3887,0.3409,0.2218,2522.0,0.436,0.651
33100,岡山市,185457,15273,777.0,94254,0.5082,144030,46377,0.2501,0.311,57755.0,0.612,1.244
26206,亀岡市,25966,2138,777.0,13193,0.5081,20572,6658,0.2564,0.2575,6684.0,0.507,1.004
08217,取手市,36092,1941,1190.0,18312,0.5074,29428,9099,0.2521,0.3224,11621.0,0.635,1.279
07203,郡山市,86476,8750,633.0,43866,0.5073,72238,24638,0.2849,0.2254,19490.0,0.444,0.791
10202,高崎市,105143,9331,721.0,53283,0.5068,89597,24525,0.2333,0.2401,25214.0,0.474,1.029
23236,みよし市,11235,1057,680.0,5687,0.5062,9493,1695,0.1509,0.2686,3017.0,0.531,1.78
23233,清須市,15174,852,1140.0,7677,0.5059,12430,1676,0.1105,0.3352,5091.0,0.663,3.035
42308,時津町,8177,505,1036.0,4130,0.5051,6647,1514,0.1852,0.2994,2353.0,0.593,1.617
47301,国頭村,1539,270,365.0,776,0.5042,1016,391,0.2541,0.3421,530.0,0.678,1.346
05201,秋田市,95945,6374,963.0,48364,0.5041,77811,21168,0.2206,0.314,30131.0,0.623,1.423
29210,香芝市,18556,958,1240.0,9349,0.5038,14253,3514,0.1894,0.2795,5151.0,0.555,1.476
01205,室蘭市,30325,1868,1039.0,15273,0.5036,26019,7563,0.2494,0.3516,10663.0,0.698,1.41
25201,大津市,90523,4761,1217.0,45579,0.5035,70659,22459,0.2481,0.3503,31730.0,0.696,1.412
22225,伊豆の国市,15735,1515,665.0,7920,0.5033,13299,4079,0.2592,0.3246,5112.0,0.645,1.252
31204,境港市,10729,767,895.0,5400,0.5033,8439,2966,0.2764,0.2345,2518.0,0.466,0.848
14363,松田町,3659,265,884.0,1840,0.5029,3360,1426,0.3897,0.4448,1624.0,0.885,1.141
06210,天童市,18778,1722,698.0,9436,0.5025,15526,5438,0.2896,0.1722,3231.0,0.343,0.595
22215,御殿場市,22154,2478,572.0,11116,0.5018,18289,5313,0.2398,0.2562,5683.0,0.511,1.069
42205,大村市,23846,2412,633.0,11961,0.5016,18908,6119,0.2566,0.3407,8189.0,0.679,1.328
38204,八幡浜市,12931,1139,727.0,6480,0.5011,10212,4748,0.3672,0.3097,4056.0,0.618,0.844
11211,本庄市,22694,2181,666.0,11351,0.5002,19431,5066,0.2232,0.2117,4798.0,0.423,0.948
12208,野田市,47075,3497,862.0,23545,0.5002,39145,10334,0.2195,0.2391,11250.0,0.478,1.089
22214,藤枝市,42621,3090,883.0,21293,0.4996,36475,8967,0.2104,0.2577,10980.0,0.516,1.225
27214,富田林市,32956,1349,1564.0,16462,0.4995,24107,5656,0.1716,0.3567,11694.0,0.714,2.079
14341,大磯町,10811,525,1318.0,5398,0.4993,7775,1809,0.1673,0.3744,4063.0,0.75,2.237
18202,敦賀市,18464,1474,802.0,9217,0.4992,15519,4413,0.239,0.3316,6125.0,0.664,1.387
41201,佐賀市,64863,5876,706.0,32376,0.4991,53900,17149,0.2644,0.2428,15735.0,0.486,0.918
22220,裾野市,13680,1307,670.0,6826,0.499,11902,3293,0.2407,0.2741,3746.0,0.549,1.139
14366,開成町,4748,300,1013.0,2367,0.4985,3297,1449,0.3052,0.2633,1256.0,0.528,0.863
41203,鳥栖市,18007,1359,848.0,8969,0.4981,14782,3350,0.186,0.2719,4877.0,0.546,1.462
40349,粕屋町,8600,522,1054.0,4279,0.4976,6575,1057,0.1229,0.2733,2327.0,0.549,2.224
40342,篠栗町,7949,487,1045.0,3955,0.4975,5464,1874,0.2358,0.2624,2095.0,0.527,1.113
14342,二宮町,9739,387,1611.0,4840,0.497,7111,946,0.0971,0.3128,3028.0,0.629,3.22
13228,あきる野市,23894,1274,1200.0,11873,0.4969,19571,4582,0.1918,0.386,9183.0,0.777,2.013
45206,日向市,19298,1969,627.0,9564,0.4956,16464,5391,0.2794,0.2061,3971.0,0.416,0.738
13303,瑞穂町,9442,540,1119.0,4677,0.4953,8169,1459,0.1545,0.424,4035.0,0.856,2.744
45203,延岡市,40465,3536,732.0,20017,0.4947,32777,10754,0.2658,0.2655,10808.0,0.537,0.999
40217,筑紫野市,26465,1563,1084.0,13081,0.4943,20658,5687,0.2149,0.2978,7867.0,0.603,1.386
30204,有田市,9263,804,737.0,4578,0.4942,8623,1466,0.1583,0.3226,2991.0,0.653,2.039
12202,銚子市,22009,1824,772.0,10844,0.4927,16696,5713,0.2596,0.2443,5389.0,0.496,0.941
25207,守山市,18019,1192,967.0,8872,0.4924,14171,3451,0.1915,0.2615,4732.0,0.531,1.365
28201,姫路市,142302,9061,1005.0,69892,0.4912,112112,34511,0.2425,0.3343,47612.0,0.681,1.379
47215,南城市,11498,1230,598.0,5647,0.4911,9155,2459,0.2139,0.2419,2759.0,0.492,1.131
40382,水巻町,9263,448,1323.0,4541,0.4902,7630,2055,0.2219,0.3345,3113.0,0.682,1.508
45201,宮崎市,110580,8227,860.0,54182,0.49,84136,25915,0.2344,0.2337,25849.0,0.477,0.997
01208,北見市,38847,3904,637.0,18930,0.4873,32307,7845,0.2019,0.2674,10385.0,0.549,1.324
16202,高岡市,54985,4884,721.0,26752,0.4865,46584,14391,0.2617,0.2151,11822.0,0.442,0.822
11232,久喜市,45910,3178,925.0,22332,0.4864,37043,9048,0.1971,0.2556,11781.0,0.525,1.297
29202,大和高田市,19187,846,1451.0,9331,0.4863,15197,3270,0.1704,0.3002,5800.0,0.617,1.762
43203,人吉市,11629,1432,520.0,5649,0.4858,9837,3076,0.2645,0.2711,3158.0,0.558,1.025
23362,扶桑町,9086,537,1083.0,4413,0.4857,7605,1933,0.2127,0.3267,2938.0,0.673,1.536
04321,大河原町,6568,628,669.0,3185,0.4849,5701,1040,0.1583,0.2221,1448.0,0.458,1.403
21303,笠松町,6177,430,919.0,2989,0.4839,5666,1129,0.1828,0.2755,1711.0,0.569,1.507
23447,武豊町,10865,769,904.0,5241,0.4824,8994,1888,0.1738,0.3183,3436.0,0.66,1.832
01213,苫小牧市,50001,2763,1158.0,24103,0.4821,41125,9321,0.1864,0.2218,11097.0,0.46,1.19
10203,桐生市,38266,3320,738.0,18391,0.4806,32520,8187,0.2139,0.2153,8267.0,0.448,1.007
11442,宮代町,10986,681,1032.0,5278,0.4804,8686,2793,0.2542,0.3567,3914.0,0.742,1.403
47360,伊是名村,408,85,307.0,196,0.4804,318,101,0.2475,0.4244,173.0,0.883,1.714
10201,前橋市,96170,9765,630.0,46079,0.4791,80137,19165,0.1993,0.2179,21007.0,0.455,1.094
11217,鴻巣市,35100,2221,1011.0,16794,0.4785,26418,5741,0.1636,0.2264,7921.0,0.473,1.384
43443,益城町,9734,735,848.0,4639,0.4766,7609,2216,0.2277,0.2282,2223.0,0.479,1.002
36401,松茂町,3933,374,673.0,1872,0.476,3621,1179,0.2998,0.2406,942.0,0.506,0.803
47329,西原町,7600,479,1015.0,3617,0.4759,5894,449,0.0591,0.224,1683.0,0.471,3.792
01235,石狩市,19368,1443,859.0,9204,0.4752,16506,2825,0.1459,0.2292,4448.0,0.482,1.572
22212,焼津市,40836,2881,907.0,19395,0.4749,30199,8216,0.2012,0.2574,10520.0,0.542,1.28
23202,岡崎市,89481,6064,944.0,42454,0.4744,71656,18699,0.209,0.2479,22234.0,0.523,1.186
23207,豊川市,48233,3671,841.0,22868,0.4741,39562,10707,0.222,0.2578,12437.0,0.544,1.161
14211,秦野市,48499,2144,1448.0,22970,0.4736,41014,9044,0.1865,0.3148,15274.0,0.665,1.688
43442,嘉島町,2552,329,496.0,1205,0.4722,2176,617,0.2418,0.2414,611.0,0.511,0.999
21201,岐阜市,113095,6868,1054.0,53172,0.4702,92465,23351,0.2065,0.2678,30286.0,0.57,1.297
22130,浜松市,220913,17711,798.0,103513,0.4686,175816,44693,0.2023,0.2745,60638.0,0.586,1.357
20204,岡谷市,16545,1039,1019.0,7729,0.4672,13518,3338,0.2018,0.1853,3062.0,0.397,0.919
29201,奈良市,110273,5114,1380.0,51447,0.4665,87169,20266,0.1838,0.3312,36501.0,0.71,1.802
27229,四條畷市,15053,438,2200.0,6998,0.4649,12207,2645,0.1757,0.3177,4813.0,0.683,1.808
22424,吉田町,7461,755,632.0,3468,0.4648,5464,1023,0.1371,0.2331,1740.0,0.501,1.7
07202,会津若松市,36325,2870,810.0,16872,0.4645,27536,8644,0.238,0.2332,8465.0,0.502,0.98
44201,大分市,129205,8161,1013.0,59976,0.4642,95797,24168,0.1871,0.2332,30154.0,0.502,1.247
22210,富士市,69319,4506,985.0,31963,0.4611,55481,12455,0.1797,0.2396,16607.0,0.52,1.333
11215,狭山市,47651,1830,1666.0,21958,0.4608,38430,6521,0.1368,0.299,14248.0,0.649,2.185
15100,新潟市,230965,13976,1058.0,106418,0.4608,182842,51787,0.2242,0.2081,48067.0,0.452,0.928
30201,和歌山市,110078,5650,1247.0,50475,0.4585,84208,19777,0.1797,0.2791,30689.0,0.609,1.554
06204,酒田市,36096,3236,714.0,16517,0.4576,28392,11241,0.3114,0.2026,7314.0,0.443,0.651
27226,藤井寺市,18089,447,2590.0,8267,0.457,13589,1483,0.082,0.2282,4125.0,0.499,2.784
27341,忠岡町,4852,154,2016.0,2216,0.4567,4486,76,0.0157,0.2965,1417.0,0.649,18.93
12228,四街道市,27037,1284,1348.0,12301,0.455,22332,5700,0.2108,0.2598,7032.0,0.571,1.232
40343,志免町,10818,450,1539.0,4920,0.4548,7102,1892,0.1749,0.2475,2731.0,0.544,1.415
40221,太宰府市,20153,883,1461.0,9155,0.4543,13705,2371,0.1176,0.34,6912.0,0.748,2.89
08201,水戸市,70883,7192,631.0,32168,0.4538,58467,12563,0.1772,0.2633,18676.0,0.58,1.486
14204,鎌倉市,53513,1885,1817.0,24249,0.4531,38662,8917,0.1666,0.3989,21290.0,0.88,2.394
14301,葉山町,10094,529,1221.0,4553,0.4511,6417,1542,0.1528,0.3953,3981.0,0.876,2.588
23227,高浜市,8885,579,982.0,4008,0.4511,7645,217,0.0244,0.2295,2042.0,0.509,9.398
01217,江別市,36730,2112,1113.0,16486,0.4488,31424,3902,0.1062,0.3083,11339.0,0.687,2.902
11239,坂戸市,29196,1528,1223.0,13090,0.4483,21321,6805,0.2331,0.2347,6908.0,0.523,1.007
40203,久留米市,79971,6178,828.0,35795,0.4476,64459,18161,0.2271,0.3177,25432.0,0.71,1.399
23219,小牧市,37196,2346,1015.0,16637,0.4473,29552,5195,0.1397,0.2593,9637.0,0.58,1.857
28214,宝塚市,63676,1932,2109.0,28484,0.4473,46662,15249,0.2395,0.2985,19010.0,0.667,1.246
30206,田辺市,23434,3124,480.0,10466,0.4466,18655,6591,0.2813,0.3402,7971.0,0.762,1.21
38205,新居浜市,37337,2581,926.0,16626,0.4453,30288,8101,0.217,0.247,9218.0,0.555,1.138
18201,福井市,75812,5983,811.0,33717,0.4447,62013,20098,0.2651,0.2826,21420.0,0.635,1.066
36201,徳島市,70792,5014,904.0,31483,0.4447,54275,15129,0.2137,0.2929,20740.0,0.659,1.371
23208,津島市,18394,1182,996.0,8164,0.4438,14693,3792,0.2062,0.2801,5125.0,0.631,1.359
03201,盛岡市,79978,6480,790.0,35484,0.4437,61300,15829,0.1979,0.2474,19800.0,0.558,1.25
01204,旭川市,112383,6807,1057.0,49606,0.4414,87986,13693,0.1218,0.2485,27929.0,0.563,2.039
12222,我孫子市,39966,1347,1899.0,17625,0.441,32359,5248,0.1313,0.3239,12917.0,0.735,2.467
01206,釧路市,56425,3354,1077.0,24872,0.4408,47872,9526,0.1688,0.2608,14696.0,0.592,1.545
01562,西興部村,377,87,277.0,166,0.4403,377,102,0.2706,0.4215,157.0,0.957,1.558
40345,新宮町,6344,418,971.0,2792,0.4401,5193,1068,0.1683,0.239,1440.0,0.543,1.42
23214,蒲郡市,23414,1522,985.0,10278,0.439,19080,4721,0.2016,0.2866,6709.0,0.653,1.422
23223,大府市,20034,1330,964.0,8769,0.4377,16531,2053,0.1025,0.3143,6262.0,0.718,3.067
27219,和泉市,46892,2008,1495.0,20411,0.4353,38019,7841,0.1672,0.315,14803.0,0.724,1.884
26211,京田辺市,17358,863,1287.0,7525,0.4335,13203,2903,0.1672,0.3264,5650.0,0.753,1.952
14384,湯河原町,9946,486,1310.0,4310,0.4333,7159,2368,0.2381,0.3204,3191.0,0.739,1.346
23212,安城市,39580,3033,835.0,17103,0.4321,30745,6264,0.1583,0.2569,10147.0,0.595,1.623
23425,蟹江町,9539,537,1137.0,4119,0.4318,6515,962,0.1008,0.2492,2360.0,0.577,2.471
12212,佐倉市,55261,2638,1341.0,23789,0.4305,44016,10881,0.1969,0.2987,16429.0,0.694,1.517
22206,三島市,31578,1527,1324.0,13517,0.4281,24175,5555,0.1759,0.2884,9134.0,0.674,1.639
23229,豊明市,17930,895,1282.0,7674,0.428,14988,2454,0.1369,0.279,5056.0,0.652,2.038
11324,三芳町,11643,495,1505.0,4979,0.4276,7683,1299,0.1116,0.1969,2270.0,0.46,1.765
11240,幸手市,17769,1182,962.0,7592,0.4273,11516,4060,0.2285,0.2239,3948.0,0.524,0.98
47327,北中城村,4297,328,838.0,1835,0.427,3530,776,0.1806,0.2766,1188.0,0.648,1.532
12232,白井市,17147,1069,1027.0,7315,0.4266,11470,3602,0.2101,0.2234,3821.0,0.524,1.064
29205,橿原市,34616,1691,1310.0,14758,0.4263,26597,5232,0.1511,0.2526,8716.0,0.593,1.671
23201,豊橋市,95867,6932,885.0,40658,0.4241,70387,17432,0.1818,0.235,22500.0,0.554,1.292
27208,貝塚市,23174,1065,1393.0,9805,0.4231,19081,4196,0.1811,0.3151,7252.0,0.745,1.74
27362,田尻町,2060,107,1232.0,871,0.4228,2000,697,0.3383,0.4401,879.0,1.041,1.301
11225,入間市,42899,1577,1741.0,18100,0.4219,29932,4173,0.0973,0.238,10217.0,0.564,2.447
01402,岩内町,4366,382,731.0,1837,0.4208,3450,862,0.1974,0.3526,1539.0,0.838,1.786
42201,長崎市,131704,6660,1266.0,55203,0.4191,94427,26339,0.2,0.4091,54245.0,0.976,2.046
04203,塩竈市,17820,773,1475.0,7461,0.4187,14982,2351,0.1319,0.261,4614.0,0.623,1.978
43404,菊陽町,9034,791,731.0,3772,0.4175,7550,1480,0.1638,0.2685,2428.0,0.643,1.639
34309,坂町,3724,241,989.0,1554,0.4173,2205,743,0.1995,0.3251,1208.0,0.779,1.629
27221,柏原市,19834,613,2071.0,8271,0.417,13930,2429,0.1225,0.3369,6726.0,0.808,2.751
04216,富谷市,10994,786,895.0,4582,0.4168,9402,1302,0.1184,0.233,2597.0,0.559,1.968
10426,草津町,2353,222,678.0,980,0.4165,1751,522,0.2218,0.4748,1115.0,1.14,2.14
09201,宇都宮市,129846,10922,761.0,54035,0.4161,105141,24615,0.1896,0.2517,32690.0,0.605,1.328
01224,千歳市,22686,1630,891.0,9413,0.4149,19879,2449,0.108,0.2203,4999.0,0.531,2.041
26210,八幡市,22215,745,1908.0,9199,0.4141,15890,3119,0.1404,0.321,7079.0,0.775,2.286
06201,山形市,72247,4787,966.0,29919,0.4141,54386,11168,0.1546,0.2307,16688.0,0.557,1.492
28216,高砂市,25681,1132,1452.0,10633,0.414,19234,3517,0.1369,0.3071,7862.0,0.742,2.243
23225,知立市,14309,793,1155.0,5902,0.4125,11207,1450,0.1013,0.2974,4271.0,0.721,2.935
23209,碧南市,17291,1091,1014.0,7078,0.4093,12654,1808,0.1046,0.2171,3745.0,0.53,2.076
23206,春日井市,79426,3615,1406.0,32482,0.409,62564,10144,0.1277,0.2832,22522.0,0.692,2.217
34304,海田町,6961,306,1456.0,2844,0.4086,4738,1348,0.1937,0.1607,1135.0,0.393,0.83
23238,長久手市,10120,731,886.0,4131,0.4082,8478,1247,0.1232,0.3026,2978.0,0.741,2.456
23226,尾張旭市,21661,900,1540.0,8835,0.4079,16505,4321,0.1995,0.2885,6196.0,0.707,1.446
11201,川越市,89087,4262,1338.0,36216,0.4065,64960,10206,0.1146,0.2749,24479.0,0.676,2.399
40231,那珂川市,11636,765,973.0,4715,0.4052,6644,2814,0.2418,0.2414,2826.0,0.596,0.998
04211,岩沼市,11739,981,766.0,4751,0.4047,10579,2267,0.1931,0.1994,2344.0,0.493,1.032
47362,八重瀬町,6757,675,641.0,2731,0.4042,5353,1538,0.2276,0.2463,1705.0,0.609,1.082
13205,青梅市,42506,1929,1410.0,17081,0.4018,29666,9830,0.2313,0.3765,15997.0,0.937,1.628
27301,島本町,8482,233,2330.0,3407,0.4017,5379,1615,0.1904,0.2695,2288.0,0.671,1.415
14321,寒川町,13145,582,1445.0,5279,0.4016,9776,1075,0.0818,0.3347,4434.0,0.833,4.092
21302,岐南町,5732,452,812.0,2298,0.4009,4679,239,0.0417,0.1724,1004.0,0.43,4.135
23205,半田市,28418,1591,1143.0,11363,0.3999,22783,3040,0.107,0.2376,6792.0,0.594,2.221
13201,八王子市,153512,5336,1841.0,61354,0.3997,112322,19595,0.1276,0.3981,61105.0,0.996,3.119
11231,桶川市,22122,1110,1276.0,8785,0.3971,16785,2357,0.1065,0.2272,5027.0,0.572,2.132
27202,岸和田市,53418,1993,1715.0,21199,0.3969,40689,6515,0.122,0.2978,15933.0,0.75,2.442
34100,広島市,301090,13295,1449.0,119352,0.3964,208166,52991,0.176,0.2517,75728.0,0.635,1.43
30361,湯浅町,4071,344,757.0,1609,0.3952,2340,740,0.1818,0.2765,1131.0,0.7,1.521
34302,府中町,12404,353,2249.0,4893,0.3945,8070,1813,0.1462,0.1899,2387.0,0.481,1.299
01207,帯広市,49008,3338,940.0,19322,0.3943,39743,5293,0.108,0.2184,10699.0,0.554,2.022
25206,草津市,30026,1708,1125.0,11840,0.3943,21575,3076,0.1024,0.3378,10153.0,0.857,3.297
28382,播磨町,9263,338,1754.0,3649,0.3939,6860,753,0.0813,0.2302,2109.0,0.584,2.832
27222,羽曳野市,33499,1016,2110.0,13086,0.3906,25139,3016,0.09,0.2475,8245.0,0.633,2.749
11301,伊奈町,10819,673,1029.0,4224,0.3904,9533,1736,0.1605,0.2785,3042.0,0.713,1.736
10524,大泉町,9402,713,844.0,3669,0.3902,6761,1154,0.1227,0.2014,1906.0,0.516,1.641
12220,流山市,46082,1717,1718.0,17952,0.3896,33029,5923,0.1285,0.2396,11035.0,0.615,1.864
14214,伊勢原市,26784,1492,1149.0,10398,0.3882,20788,3401,0.127,0.3344,8888.0,0.861,2.633
47209,名護市,13870,1502,591.0,5344,0.3853,10132,2249,0.1621,0.311,4323.0,0.807,1.918
27213,泉佐野市,26160,1339,1250.0,10059,0.3845,17855,2742,0.1048,0.3105,8146.0,0.808,2.963
13364,神津島村,587,60,626.0,225,0.3833,437,70,0.1193,0.37,217.0,0.965,3.103
26322,久御山町,4944,301,1051.0,1894,0.3831,3810,588,0.1189,0.1849,902.0,0.483,1.555
27230,交野市,21844,713,1961.0,8354,0.3824,15597,2918,0.1336,0.2934,6331.0,0.767,2.196
13212,日野市,45579,1359,2146.0,17392,0.3816,34385,1799,0.0395,0.3353,15308.0,0.879,8.496
43100,熊本市,190945,11140,1097.0,72620,0.3803,136828,29311,0.1535,0.2587,49423.0,0.68,1.685
23222,東海市,24993,1336,1197.0,9480,0.3793,20020,1339,0.0536,0.2849,7125.0,0.751,5.318
14206,小田原市,56609,2575,1407.0,21467,0.3792,41229,7846,0.1386,0.3081,17437.0,0.813,2.223
23210,刈谷市,31081,1908,1043.0,11724,0.3772,25513,2411,0.0776,0.3024,9382.0,0.802,3.898
14212,厚木市,57346,2761,1329.0,21601,0.3767,44213,8158,0.1423,0.3142,18075.0,0.834,2.209
46201,鹿児島市,158614,9563,1062.0,59428,0.3747,114352,27732,0.1748,0.2647,42036.0,0.707,1.514
27210,枚方市,109847,2599,2705.0,41145,0.3746,80082,7928,0.0722,0.2809,30979.0,0.75,3.892
11243,吉川市,17377,1094,1017.0,6496,0.3738,12140,2573,0.1481,0.2698,4672.0,0.722,1.822
29424,上牧町,7558,261,1853.0,2824,0.3736,6265,335,0.0443,0.3247,2527.0,0.869,7.326
47313,宜野座村,1486,276,345.0,554,0.3728,1132,277,0.1864,0.2457,366.0,0.659,1.318
14201,横須賀市,124472,3742,2129.0,46159,0.3708,90322,11073,0.089,0.3557,44364.0,0.959,3.998
19210,甲斐市,18972,1448,839.0,7025,0.3703,15996,1548,0.0816,0.2279,4351.0,0.616,2.794
47324,読谷村,9050,633,915.0,3345,0.3696,5846,612,0.0676,0.1616,1462.0,0.437,2.389
47350,南風原町,8054,446,1156.0,2971,0.3689,6670,954,0.1185,0.1999,1571.0,0.542,1.687
11233,北本市,21141,945,1432.0,7775,0.3678,14539,1743,0.0824,0.217,4596.0,0.59,2.632
12217,柏市,110252,4056,1740.0,40477,0.3671,78653,7466,0.0677,0.2639,29082.0,0.719,3.897
22203,沼津市,60360,2812,1374.0,22152,0.367,43534,7918,0.1312,0.2608,15774.0,0.711,1.988
11214,春日部市,68772,2802,1571.0,25127,0.3654,49003,6090,0.0886,0.2424,16645.0,0.663,2.738
39201,高知市,95899,5172,1187.0,35009,0.3651,72699,15184,0.1583,0.2081,19955.0,0.57,1.314
11237,三郷市,38399,1396,1760.0,13963,0.3636,30228,2156,0.0561,0.2489,9609.0,0.685,4.434
28203,明石市,79205,2267,2236.0,28656,0.3618,58810,5341,0.0674,0.2652,21112.0,0.733,3.932
14401,愛川町,11987,746,1028.0,4329,0.3611,8979,1477,0.1232,0.2698,3223.0,0.747,2.189
14208,逗子市,17910,601,1907.0,6448,0.36,12062,1082,0.0604,0.4222,7578.0,1.173,6.989
12224,鎌ケ谷市,31654,1020,1986.0,11324,0.3577,22814,1699,0.0537,0.2804,8829.0,0.784,5.224
04100,仙台市,256987,11646,1412.0,91828,0.3573,185351,29638,0.1153,0.2791,71785.0,0.781,2.42
27207,高槻市,102590,2436,2695.0,36547,0.3562,67811,12101,0.118,0.2624,26822.0,0.736,2.224
28100,神戸市,418976,12272,2185.0,148020,0.3533,260890,48820,0.1165,0.2601,109028.0,0.736,2.232
37386,宇多津町,3947,331,763.0,1394,0.3532,2892,470,0.1191,0.2854,1131.0,0.808,2.397
04209,多賀城市,15429,720,1371.0,5447,0.353,12396,920,0.0596,0.2527,3914.0,0.716,4.237
40100,北九州市,286082,11191,1636.0,100723,0.3521,201167,31315,0.1095,0.2808,80364.0,0.798,2.565
01202,函館市,89043,4510,1264.0,31211,0.3505,67147,12140,0.1363,0.2331,20807.0,0.665,1.71
27231,大阪狭山市,16360,587,1784.0,5733,0.3504,10787,2474,0.1512,0.3948,6487.0,1.127,2.611
11219,上尾市,61601,2345,1681.0,21525,0.3494,43965,4125,0.067,0.2337,14309.0,0.669,3.491
27217,松原市,34993,832,2692.0,12135,0.3468,23726,901,0.0257,0.2891,10196.0,0.834,11.229
23234,北名古屋市,20718,979,1354.0,7134,0.3443,16626,1138,0.0549,0.2811,5845.0,0.816,5.117
14218,綾瀬市,23183,853,1739.0,7962,0.3434,18909,1511,0.0652,0.3164,7337.0,0.921,4.855
37403,琴平町,3463,325,682.0,1189,0.3433,2568,654,0.1889,0.3003,1042.0,0.875,1.59
27225,高石市,15668,357,2809.0,5353,0.3417,10359,270,0.0172,0.286,4480.0,0.837,16.594
47213,うるま市,27969,2029,882.0,9533,0.3408,21475,2950,0.1055,0.2207,6190.0,0.647,2.092
27204,池田市,27826,716,2487.0,9472,0.3404,19721,3733,0.1342,0.2532,7036.0,0.744,1.887
40219,大野城市,22747,846,1721.0,7740,0.3403,14965,4006,0.1761,0.2509,5615.0,0.738,1.425
14205,藤沢市,106906,3406,2009.0,36050,0.3372,75466,4484,0.0419,0.2759,29393.0,0.818,6.579
38201,松山市,139182,7134,1249.0,45802,0.3291,99525,18143,0.1304,0.2572,35893.0,0.781,1.973
23424,大治町,6707,357,1202.0,2175,0.3243,5690,792,0.1181,0.329,2193.0,1.014,2.786
47212,豊見城市,12952,687,1207.0,4194,0.3238,8785,897,0.0693,0.1284,1634.0,0.396,1.854
13209,町田市,116720,3477,2148.0,37705,0.323,78132,8560,0.0733,0.3201,37283.0,0.991,4.365
11208,所沢市,87050,3076,1811.0,28084,0.3226,61548,6972,0.0801,0.2529,22015.0,0.784,3.158
22342,長泉町,9626,596,1034.0,3095,0.3215,7014,1451,0.1507,0.2318,2215.0,0.721,1.538
26207,城陽市,25175,700,2302.0,8091,0.3214,18932,1511,0.06,0.3223,8091.0,1.003,5.369
28206,芦屋市,27827,644,2765.0,8938,0.3212,20324,2653,0.0953,0.2065,5710.0,0.643,2.166
13224,多摩市,42645,984,2774.0,13692,0.3211,28922,2199,0.0516,0.3453,14703.0,1.075,6.696
17365,内灘町,7131,373,1224.0,2287,0.3207,4618,878,0.1231,0.1974,1397.0,0.615,1.603
26208,向日市,15322,367,2672.0,4861,0.3173,11391,832,0.0543,0.2584,3918.0,0.814,4.758
14215,海老名市,33831,1152,1880.0,10716,0.3168,24154,1213,0.0359,0.3287,11117.0,1.038,9.167
12100,千葉市,250079,9373,1708.0,79201,0.3167,170124,18022,0.0721,0.2531,63275.0,0.799,3.513
08309,大洗町,5263,447,754.0,1665,0.3164,3490,736,0.1398,0.2183,1141.0,0.69,1.561
30207,新宮市,10120,745,869.0,3200,0.3162,7005,1424,0.1407,0.3106,3140.0,0.982,2.207
47326,北谷町,5712,323,1132.0,1805,0.316,3854,341,0.0597,0.1689,973.0,0.534,2.829
22341,清水町,8198,434,1209.0,2572,0.3137,6563,295,0.036,0.2061,1707.0,0.657,5.726
26343,井手町,2528,172,941.0,788,0.3117,2100,219,0.0866,0.4353,1115.0,1.397,5.025
47382,与那国町,360,63,366.0,112,0.3111,227,31,0.0861,0.5296,191.0,1.702,6.15
22100,静岡市,209603,9283,1445.0,65057,0.3104,146216,21348,0.1018,0.2525,52929.0,0.813,2.479
47375,多良間村,323,43,481.0,100,0.3096,108,0,0.0,0.1693,55.0,0.547,
23228,岩倉市,11990,516,1487.0,3697,0.3083,8718,205,0.0171,0.2618,3140.0,0.849,15.313
12221,八千代市,50353,1839,1752.0,15498,0.3078,36494,3493,0.0694,0.2743,13847.0,0.891,3.953
26204,宇治市,53723,1404,2449.0,16419,0.3056,38952,3177,0.0591,0.2758,14838.0,0.902,4.664
47210,糸満市,13473,967,892.0,4080,0.3028,10353,1894,0.1406,0.235,3177.0,0.776,1.671
19201,甲府市,54546,3329,1049.0,16511,0.3027,38830,5123,0.0939,0.2429,13235.0,0.802,2.586
27220,箕面市,35100,1080,2080.0,10590,0.3017,25058,2466,0.0703,0.2278,8032.0,0.755,3.242
17201,金沢市,120705,6128,1261.0,36038,0.2986,88306,10748,0.089,0.1985,24065.0,0.665,2.229
14150,相模原市,185014,6306,1878.0,55161,0.2981,126423,17646,0.0954,0.2767,51247.0,0.928,2.901
19202,富士吉田市,13998,1084,826.0,4104,0.2932,10228,935,0.0668,0.2177,3049.0,0.742,3.259
26209,長岡京市,21969,585,2403.0,6412,0.2919,16567,2375,0.1081,0.3542,7800.0,1.214,3.277
17212,野々市市,11744,671,1120.0,3363,0.2864,8914,335,0.0285,0.1682,1884.0,0.587,5.895
13225,稲城市,20143,684,1885.0,5761,0.286,14774,659,0.0327,0.2704,5432.0,0.946,8.266
11222,越谷市,87079,3039,1834.0,24903,0.286,56845,4123,0.0473,0.2352,20491.0,0.822,4.967
11234,八潮市,21329,924,1477.0,6098,0.2859,17065,1506,0.0706,0.2866,6099.0,1.002,4.058
44202,別府市,39011,1567,1593.0,11051,0.2833,26230,2651,0.068,0.2505,9775.0,0.884,3.686
14100,横浜市,920503,21282,2768.0,259739,0.2822,568661,31387,0.0341,0.2432,223886.0,0.862,7.132
15586,粟島浦村,146,14,667.0,41,0.2808,41,47,0.3219,0.469,68.0,1.67,1.457
27211,茨木市,68457,1975,2218.0,19112,0.2792,44868,5675,0.0829,0.2851,19586.0,1.021,3.439
21421,北方町,4419,254,1113.0,1223,0.2768,3789,22,0.005,0.2579,1149.0,0.932,51.797
47353,渡嘉敷村,146,26,359.0,40,0.274,118,6,0.0411,0.5116,75.0,1.867,12.449
23342,豊山町,3705,211,1124.0,1014,0.2737,2869,3,0.0008,0.2202,758.0,0.805,271.958
13215,国立市,17483,446,2509.0,4769,0.2728,9860,353,0.0202,0.2911,5167.0,1.067,14.418
27140,堺市,232994,6097,2446.0,62875,0.2699,148537,14216,0.061,0.2644,61635.0,0.98,4.333
28204,西宮市,115707,2803,2642.0,30208,0.2611,68786,9400,0.0812,0.2381,27605.0,0.912,2.931
11241,鶴ヶ島市,20590,836,1576.0,5360,0.2603,12649,825,0.0401,0.2074,4197.0,0.797,5.175
12216,習志野市,40258,926,2782.0,10428,0.259,27747,253,0.0063,0.2975,12044.0,1.149,47.34
47325,嘉手納町,3247,115,1807.0,833,0.2565,2514,104,0.032,0.1825,597.0,0.712,5.699
11100,さいたま市,304869,10128,1927.0,77953,0.2557,192860,18385,0.0603,0.2323,70859.0,0.909,3.853
14203,平塚市,72444,2547,1820.0,18443,0.2546,49885,4191,0.0579,0.2694,19537.0,1.058,4.657
27218,大東市,31094,739,2693.0,7655,0.2462,19565,532,0.0171,0.1948,6126.0,0.791,11.384
40218,春日市,24534,732,2145.0,5964,0.2431,15744,574,0.0234,0.1665,4059.0,0.685,7.118
19384,昭和町,4070,423,616.0,982,0.2413,3067,34,0.0084,0.1953,778.0,0.809,23.373
47314,金武町,3011,281,686.0,718,0.2385,2537,461,0.1531,0.3466,1042.0,1.453,2.264
12204,船橋市,153564,3945,2491.0,36397,0.237,95726,7109,0.0463,0.2869,43832.0,1.211,6.198
11235,富士見市,26889,857,2008.0,6299,0.2343,15563,636,0.0237,0.1901,5164.0,0.811,8.036
27224,摂津市,21916,645,2175.0,5097,0.2326,17033,1102,0.0503,0.2929,6472.0,1.259,5.824
01100,札幌市,541415,17000,2038.0,125770,0.2323,357385,23139,0.0427,0.2359,127665.0,1.015,5.519
27212,八尾市,75139,1854,2594.0,17072,0.2272,47289,1948,0.0259,0.2491,18660.0,1.096,9.609
27205,吹田市,89121,1788,3190.0,20162,0.2262,55887,1724,0.0193,0.2226,19698.0,0.984,11.505
11245,ふじみ野市,29302,774,2423.0,6602,0.2253,14699,1002,0.0342,0.141,4134.0,0.626,4.124
12203,市川市,102231,2542,2574.0,22808,0.2231,56810,2776,0.0272,0.2593,26806.0,1.162,9.551
13223,武蔵村山市,19084,680,1796.0,4219,0.2211,13957,298,0.0156,0.3305,6229.0,1.495,21.167
28207,伊丹市,51607,1159,2850.0,11357,0.2201,30224,2304,0.0446,0.2664,13712.0,1.21,5.967
13206,府中市,56730,1373,2644.0,12468,0.2198,37864,1333,0.0235,0.3465,19671.0,1.577,14.748
26100,京都市,394178,10519,2398.0,85694,0.2174,201092,28120,0.0713,0.2421,95488.0,1.114,3.394
47207,石垣市,10452,1086,616.0,2250,0.2153,5644,918,0.0878,0.3156,3308.0,1.466,3.593
13207,昭島市,29993,721,2662.0,6419,0.214,17680,193,0.0064,0.2465,7397.0,1.152,38.311
23100,名古屋市,565144,16246,2226.0,119441,0.2113,364266,11962,0.0212,0.2415,136704.0,1.142,11.408
13213,東村山市,40808,960,2721.0,8544,0.2094,22740,415,0.0102,0.2518,10261.0,1.203,24.761
11230,新座市,41937,1163,2308.0,8735,0.2083,26928,726,0.0173,0.2068,8721.0,0.993,11.943
47354,座間味村,179,42,273.0,37,0.2067,118,21,0.1173,0.6077,114.0,2.94,5.18
27215,寝屋川市,68748,1265,3478.0,14120,0.2054,42243,1591,0.0231,0.2223,15129.0,1.082,9.605
13202,立川市,45596,1167,2501.0,9302,0.204,24967,652,0.0143,0.3014,13723.0,1.478,21.081
12207,松戸市,127637,3244,2518.0,25960,0.2034,77688,1758,0.0138,0.2238,28561.0,1.101,16.252
26303,大山崎町,4280,147,1863.0,863,0.2016,2832,388,0.0907,0.5688,2475.0,2.821,6.274
13219,狛江市,20010,365,3509.0,4027,0.2012,12096,116,0.0058,0.2254,4499.0,1.12,38.883
47205,宜野湾市,18831,713,1690.0,3696,0.1963,11379,27,0.0014,0.1555,2944.0,0.793,108.487
13218,福生市,15238,414,2356.0,2968,0.1948,10065,280,0.0184,0.2289,3469.0,1.175,12.457
13222,東久留米市,32587,757,2755.0,6150,0.1887,16521,1770,0.0543,0.1798,5886.0,0.952,3.309
47348,与那原町,3857,185,1334.0,718,0.1862,1930,59,0.0153,0.131,511.0,0.704,8.563
12227,浦安市,30036,684,2810.0,5589,0.1861,16303,329,0.011,0.2277,6823.0,1.223,20.784
14216,座間市,33371,809,2640.0,6147,0.1842,17930,605,0.0181,0.2251,7571.0,1.222,12.415
13221,清瀬市,21431,561,2445.0,3909,0.1824,15993,439,0.0205,0.4347,9337.0,2.383,21.219
14207,茅ヶ崎市,64930,1721,2415.0,11813,0.1819,41622,2199,0.0339,0.2597,16849.0,1.427,7.668
13210,小金井市,25931,617,2690.0,4559,0.1758,15692,170,0.0066,0.2704,6919.0,1.538,41.241
27206,泉大津市,19022,510,2387.0,3243,0.1705,10900,237,0.0125,0.2165,4100.0,1.27,17.374
14130,川崎市,301183,6376,3023.0,50894,0.169,148951,6044,0.0201,0.1739,52383.0,1.029,8.668
11203,川口市,137970,3491,2529.0,23221,0.1683,74542,3419,0.0248,0.1911,26351.0,1.135,7.71
47355,粟国村,244,51,306.0,41,0.168,244,2,0.0082,0.6207,154.0,3.694,75.724
13227,羽村市,14736,456,2068.0,2468,0.1675,9709,393,0.0267,0.2346,3455.0,1.401,8.797
13220,東大和市,22726,590,2465.0,3800,0.1672,14945,1202,0.0529,0.1984,4548.0,1.187,3.751
27203,豊中市,105132,1909,3525.0,17497,0.1664,57889,1512,0.0144,0.1691,17821.0,1.016,11.758
47211,沖縄市,28945,1331,1392.0,4797,0.1657,17634,450,0.0155,0.1676,4835.0,1.011,10.778
40130,福岡市,338711,10257,2113.0,55915,0.1651,187085,12534,0.037,0.229,77618.0,1.387,6.189
13214,国分寺市,27378,683,2565.0,4449,0.1625,16579,75,0.0027,0.2468,6709.0,1.519,90.092
13208,調布市,50349,1135,2839.0,8055,0.16,27025,87,0.0017,0.2166,10919.0,1.354,125.347
13211,小平市,45491,1156,2519.0,7125,0.1566,27267,110,0.0024,0.2296,10346.0,1.466,94.953
11228,志木市,18743,428,2803.0,2923,0.156,11789,146,0.0078,0.2534,4735.0,1.625,32.526
27223,門真市,35270,679,3324.0,5224,0.1481,23043,256,0.0073,0.2099,7468.0,1.417,28.923
14213,大和市,56526,1437,2518.0,8209,0.1452,30841,711,0.0126,0.2651,15029.0,1.825,21.074
11221,草加市,61652,1530,2579.0,8296,0.1346,34783,86,0.0014,0.2237,13795.0,1.663,160.374
13204,三鷹市,41572,932,2855.0,5311,0.1278,22328,311,0.0075,0.2271,9452.0,1.777,30.354
13120,練馬区,159531,2873,3554.0,20132,0.1262,76539,139,0.0009,0.1622,25830.0,1.285,186.101
11229,和光市,15415,445,2217.0,1925,0.1249,9258,364,0.0236,0.3474,5225.0,2.782,14.713
27209,守口市,41006,641,4094.0,5091,0.1242,17583,394,0.0096,0.1636,6689.0,1.318,17.027
28202,尼崎市,120292,2229,3454.0,14870,0.1236,56366,955,0.0079,0.1768,21235.0,1.43,22.269
13123,江戸川区,145750,2406,3877.0,17583,0.1206,58726,47,0.0003,0.1322,19270.0,1.096,409.961
13121,足立区,170144,2901,3754.0,19662,0.1156,83593,615,0.0036,0.1547,26341.0,1.339,42.801
47201,那覇市,71640,1617,2835.0,8270,0.1154,30486,387,0.0054,0.1453,10503.0,1.259,26.898
11227,朝霞市,27810,792,2247.0,3204,0.1152,14954,422,0.0152,0.1928,5308.0,1.673,12.705
13122,葛飾区,111921,1833,3908.0,11939,0.1067,37962,346,0.0031,0.1477,16530.0,1.385,47.786
27227,東大阪市,135800,2824,3078.0,13559,0.0998,86468,800,0.0059,0.2205,29938.0,2.208,37.425
13203,武蔵野市,31475,617,3265.0,3117,0.099,16481,56,0.0018,0.225,7137.0,2.272,126.444
13112,世田谷区,189398,3385,3581.0,17225,0.0909,84273,856,0.0045,0.1334,25357.0,1.467,29.523
13115,杉並区,117378,2054,3657.0,10587,0.0902,50192,56,0.0005,0.1359,15905.0,1.506,284.767
13117,北区,87980,1110,5073.0,7725,0.0878,29317,0,0.0,0.0876,7652.0,0.997,
47208,浦添市,23303,736,2026.0,2023,0.0868,11260,207,0.0089,0.1373,3183.0,1.582,15.458
13229,西東京市,48333,949,3260.0,3939,0.0815,29003,381,0.0079,0.2429,11767.0,2.98,30.814
11224,戸田市,22826,752,1943.0,1768,0.0775,13172,364,0.0159,0.1989,4587.0,2.567,12.47
27100,大阪市,676534,9922,4364.0,39685,0.0587,275094,3890,0.0057,0.1356,91788.0,2.312,23.586
13111,大田区,162073,2221,4670.0,9086,0.0561,41176,0,0.0,0.0789,12773.0,1.408,
13119,板橋区,132383,1787,4741.0,6619,0.05,43496,16,0.0001,0.0841,11148.0,1.681,695.606
13118,荒川区,49830,555,5746.0,2307,0.0463,9032,0,0.0,0.0508,2561.0,1.098,
13114,中野区,65445,942,4446.0,2226,0.034,18354,0,0.0,0.0584,3846.0,1.716,
13107,墨田区,60009,754,5094.0,1666,0.0278,10672,303,0.005,0.0388,2333.0,1.398,7.686
13108,江東区,110180,1312,5375.0,2830,0.0257,29939,0,0.0,0.0834,9172.0,3.246,
13103,港区,42343,990,2737.0,1080,0.0255,10182,0,0.0,0.0855,3638.0,3.352,
11223,蕨市,17337,311,3568.0,415,0.0239,4069,0,0.0,0.1073,1850.0,4.481,
13105,文京区,41910,646,4152.0,998,0.0238,6545,0,0.0,0.0367,1542.0,1.541,
13109,品川区,79554,1020,4992.0,1549,0.0195,15647,0,0.0,0.0625,4970.0,3.209,
13113,渋谷区,41233,815,3238.0,636,0.0154,6795,0,0.0,0.0517,2135.0,3.354,
13104,新宿区,63282,1008,4018.0,790,0.0125,12807,0,0.0,0.0482,3044.0,3.859,
13110,目黒区,56336,884,4079.0,459,0.0081,16781,0,0.0,0.0507,2831.0,6.226,
13106,台東区,47595,572,5325.0,74,0.0016,2851,0,0.0,0.0386,1835.0,24.847,
13101,千代田区,10841,376,1845.0,13,0.0012,1876,0,0.0,0.0451,490.0,37.626,
13116,豊島区,58357,770,4850.0,68,0.0012,8530,0,0.0,0.026,1519.0,22.274,
13102,中央区,24825,471,3373.0,0,0.0,1333,0,0.0,0.0442,1091.0,,
