市区町村コード,市区町村名,総人口,総65歳以上人口,居住125mメッシュ数,高齢者密度_人per_km2,道路距離対象_65歳以上人口,道路距離対象_総人口,圏外65歳以上人口,圏外率,圏外総人口,圏外率_総人口,スーパー圏外65歳以上人口,スーパー圏外率,農水省_困難人口割合,農水省_困難人口,比_農水省÷本推計
01367,奥尻町,2363,973,193,323.0,950,2322,950,1.0,2322,1.0,950,1.0,0.4681,467.0,0.468
01472,幌加内町,1370,559,177,202.0,559,1370,559,1.0,1370,1.0,559,1.0,0.2929,164.0,0.293
01518,利尻町,1988,812,161,323.0,796,1985,796,1.0,1985,1.0,796,1.0,0.4969,402.0,0.497
01519,利尻富士町,2418,928,192,309.0,928,2418,928,1.0,2418,1.0,928,1.0,0.5339,502.0,0.534
02343,西目屋村,1265,501,105,305.0,501,1265,501,1.0,1265,1.0,501,1.0,0.4401,220.0,0.44
02450,新郷村,2200,1084,254,273.0,1084,2200,1084,1.0,2200,1.0,1084,1.0,0.4039,438.0,0.404
05327,上小阿仁村,2063,1107,172,412.0,1107,2063,1107,1.0,2063,1.0,1107,1.0,0.4423,490.0,0.442
07364,檜枝岐村,504,196,39,322.0,196,504,196,1.0,504,1.0,196,1.0,0.4596,89.0,0.46
07444,三島町,1452,786,138,365.0,786,1452,786,1.0,1452,1.0,786,1.0,0.4023,315.0,0.402
07446,昭和村,1246,693,151,294.0,693,1246,693,1.0,1246,1.0,693,1.0,0.5607,389.0,0.561
07544,川内村,2044,967,366,169.0,967,2044,967,1.0,2025,0.9907,967,1.0,0.2062,201.0,0.206
10367,神流町,1645,1018,210,310.0,1018,1645,1018,1.0,1645,1.0,1018,1.0,0.3881,392.0,0.388
13364,神津島村,1855,587,60,626.0,587,1855,587,1.0,1855,1.0,587,1.0,0.37,217.0,0.37
13382,御蔵島村,323,58,13,286.0,58,323,58,1.0,323,1.0,58,1.0,0.7737,45.0,0.774
13402,青ヶ島村,169,31,17,117.0,31,169,31,1.0,169,1.0,31,1.0,0.7207,22.0,0.721
15586,粟島浦村,353,146,14,667.0,146,351,146,1.0,351,1.0,146,1.0,0.469,68.0,0.469
19364,早川町,1098,446,166,172.0,446,1098,446,1.0,1098,1.0,446,1.0,0.4963,224.0,0.496
19442,小菅村,684,310,70,283.0,310,684,310,1.0,684,1.0,310,1.0,0.5264,163.0,0.526
19443,丹波山村,530,233,40,373.0,233,530,233,1.0,530,1.0,233,1.0,0.5788,137.0,0.579
20306,南相木村,962,392,101,248.0,392,962,392,1.0,962,1.0,392,1.0,0.3117,122.0,0.312
26463,伊根町,1731,855,153,358.0,855,1731,855,1.0,1731,1.0,855,1.0,0.4869,455.0,0.487
27383,千早赤阪村,4851,2153,249,553.0,2153,4851,2153,1.0,4846,0.999,2153,1.0,0.413,922.0,0.413
29322,山添村,3214,1550,374,265.0,1550,3214,1550,1.0,3214,1.0,1550,1.0,0.2043,318.0,0.204
29385,曽爾村,1292,669,191,224.0,669,1292,669,1.0,1292,1.0,669,1.0,0.3131,209.0,0.313
29386,御杖村,1479,891,249,229.0,891,1479,891,1.0,1479,1.0,891,1.0,0.442,394.0,0.442
29447,野迫川村,357,183,75,156.0,183,357,183,1.0,357,1.0,183,1.0,0.4648,84.0,0.465
29450,下北山村,753,366,117,200.0,366,753,366,1.0,753,1.0,366,1.0,0.4265,156.0,0.426
32525,海士町,2215,893,233,245.0,884,2199,884,1.0,2199,1.0,884,1.0,0.5541,501.0,0.554
32526,西ノ島町,2689,1262,161,502.0,1256,2670,1256,1.0,2670,1.0,1256,1.0,0.546,704.0,0.546
33586,新庄村,811,346,101,219.0,346,811,346,1.0,802,0.9889,346,1.0,0.3376,117.0,0.338
33643,西粟倉村,1398,497,158,201.0,497,1398,497,1.0,1398,1.0,497,1.0,0.3688,183.0,0.369
34431,大崎上島町,6947,3244,558,372.0,3244,6945,3244,1.0,6945,1.0,3244,1.0,0.4577,1513.0,0.458
35341,上関町,2205,1274,139,587.0,1257,2165,1257,1.0,2165,1.0,1257,1.0,0.4751,628.0,0.475
36302,上勝町,1380,770,242,204.0,770,1380,770,1.0,1380,1.0,770,1.0,0.5043,389.0,0.504
39304,安田町,2396,1102,207,341.0,1102,2396,1102,1.0,2396,1.0,1102,1.0,0.3448,373.0,0.345
39305,北川村,1146,493,147,215.0,493,1146,493,1.0,1146,1.0,493,1.0,0.3023,153.0,0.302
39427,三原村,1437,683,221,198.0,683,1437,683,1.0,1437,1.0,683,1.0,0.2802,189.0,0.28
43513,球磨村,2438,1066,264,258.0,1066,2438,1066,1.0,2438,1.0,1066,1.0,0.2544,277.0,0.254
45403,西米良村,1000,496,152,209.0,496,1000,496,1.0,1000,1.0,496,1.0,0.3999,175.0,0.4
46303,三島村,405,107,35,196.0,107,405,107,1.0,405,1.0,107,1.0,0.7372,79.0,0.737
46304,十島村,740,204,73,179.0,204,739,204,1.0,739,1.0,204,1.0,0.7215,147.0,0.722
46523,大和村,1321,573,72,509.0,563,1300,563,1.0,1300,1.0,563,1.0,0.5451,319.0,0.545
46524,宇検村,1585,681,106,411.0,660,1524,660,1.0,1524,1.0,660,1.0,0.5831,408.0,0.583
46534,知名町,5757,2170,437,318.0,2170,5757,2170,1.0,5757,1.0,2170,1.0,0.5788,1252.0,0.579
47353,渡嘉敷村,708,146,26,359.0,146,706,146,1.0,706,1.0,146,1.0,0.5116,75.0,0.512
47354,座間味村,851,179,42,273.0,179,842,179,1.0,842,1.0,179,1.0,0.6077,114.0,0.608
47356,渡名喜村,346,143,14,654.0,143,346,143,1.0,346,1.0,143,1.0,0.7448,107.0,0.745
47358,北大東村,590,127,80,102.0,127,590,127,1.0,590,1.0,127,1.0,0.5698,72.0,0.57
47375,多良間村,1058,323,43,481.0,323,1058,323,1.0,1058,1.0,323,1.0,0.1693,55.0,0.169
13362,利島村,327,80,17,301.0,80,327,80,1.0,327,1.0,80,1.0,0.7472,60.0,0.747
13421,小笠原村,2917,413,96,275.0,413,2908,413,1.0,2908,1.0,413,1.0,0.7287,301.0,0.729
29452,川上村,1156,640,174,235.0,640,1156,640,1.0,1156,1.0,640,1.0,0.3931,252.0,0.393
39364,大川村,366,143,82,112.0,143,366,143,1.0,366,1.0,143,1.0,0.4085,61.0,0.408
40609,赤村,2813,1173,292,257.0,1173,2813,1173,1.0,2813,1.0,1173,1.0,0.2084,233.0,0.208
43507,水上村,2045,921,296,199.0,921,2045,921,1.0,2045,1.0,921,1.0,0.3922,354.0,0.392
44322,姫島村,1718,942,78,773.0,942,1718,942,1.0,1718,1.0,942,1.0,0.3566,336.0,0.357
47355,粟国村,667,244,51,306.0,244,667,244,1.0,667,1.0,244,1.0,0.6207,154.0,0.621
47357,南大東村,1285,316,154,131.0,316,1285,316,1.0,1285,1.0,316,1.0,0.3631,115.0,0.363
20307,北相木村,752,270,71,243.0,270,752,270,1.0,752,1.0,270,1.0,0.4177,113.0,0.418
32527,知夫村,576,278,58,307.0,270,562,270,1.0,562,1.0,270,1.0,0.6625,188.0,0.663
42383,小値賀町,2239,1162,169,440.0,1095,2160,1095,1.0,2160,1.0,1095,1.0,0.6975,811.0,0.698
46535,与論町,5108,1782,569,200.0,1782,5108,1782,1.0,5108,1.0,1782,1.0,0.6199,1111.0,0.62
01517,礼文町,2331,843,202,267.0,826,2300,826,1.0,2300,1.0,826,1.0,0.5373,489.0,0.537
03484,田野畑村,3059,1299,462,180.0,1299,3059,1299,1.0,3054,0.9984,1299,1.0,0.2801,363.0,0.28
46533,和泊町,6218,2257,513,282.0,2257,6218,2257,1.0,6210,0.9987,2257,1.0,0.5456,1237.0,0.546
07445,金山町,1862,1131,245,295.0,1131,1862,1131,1.0,1862,1.0,1131,1.0,0.4982,565.0,0.498
07548,葛尾村,420,194,141,88.0,194,420,194,1.0,420,1.0,194,1.0,0.0323,6.0,0.032
37364,直島町,2999,989,123,515.0,985,2982,985,1.0,2982,1.0,985,1.0,0.4062,417.0,0.406
43512,山江村,3265,1182,287,264.0,1182,3265,1181,0.9992,3242,0.993,1182,1.0,0.3294,385.0,0.33
38356,上島町,6318,2881,372,496.0,2867,6277,2857,0.9965,6256,0.9967,2859,0.9972,0.4907,1449.0,0.492
26367,南山城村,2396,1158,282,263.0,1158,2396,1153,0.9957,2387,0.9962,1153,0.9957,0.2846,330.0,0.286
07564,飯舘村,1318,758,438,111.0,758,1318,754,0.9947,1311,0.9947,758,1.0,0.0413,31.0,0.042
39387,仁淀川町,4820,2673,644,266.0,2673,4820,2653,0.9925,4776,0.9909,2673,1.0,0.3893,1045.0,0.392
31403,江府町,2672,1311,209,401.0,1311,2672,1299,0.9908,2654,0.9933,1311,1.0,0.3019,396.0,0.305
02424,東通村,5806,2084,460,290.0,2084,5806,2063,0.9899,5748,0.99,2084,1.0,0.5126,1085.0,0.518
01431,浦臼町,1732,782,233,215.0,782,1732,774,0.9898,1723,0.9948,782,1.0,0.3973,309.0,0.401
07423,柳津町,3081,1391,279,319.0,1391,3081,1375,0.9885,3005,0.9753,1388,0.9978,0.2642,369.0,0.267
10383,南牧村,1610,1043,235,284.0,1043,1610,1030,0.9875,1591,0.9882,1030,0.9875,0.3851,405.0,0.39
11369,東秩父村,2698,1258,326,247.0,1258,2698,1238,0.9841,2632,0.9755,1238,0.9841,0.1573,198.0,0.16
20404,阿南町,4300,1936,568,218.0,1936,4300,1902,0.9824,4206,0.9781,1936,1.0,0.2949,576.0,0.3
26364,笠置町,1146,590,98,385.0,590,1146,579,0.9814,1130,0.986,590,1.0,0.3634,211.0,0.37
13307,檜原村,2003,1049,261,257.0,1049,2003,1028,0.98,1912,0.9546,1028,0.98,0.4528,479.0,0.462
20410,根羽村,854,450,147,196.0,450,854,438,0.9733,822,0.9625,450,1.0,0.3809,170.0,0.391
20451,朝日村,4286,1382,228,388.0,1382,4286,1345,0.9732,4156,0.9697,1382,1.0,0.1301,179.0,0.134
01403,泊村,1545,614,117,336.0,614,1544,597,0.9723,1434,0.9288,614,1.0,0.4429,277.0,0.455
10428,高山村,3511,1309,381,220.0,1309,3511,1272,0.9717,3404,0.9695,1309,1.0,0.1767,230.0,0.182
20543,高山村,6648,2456,379,415.0,2456,6648,2384,0.9707,6457,0.9713,2456,1.0,0.1607,392.0,0.166
29453,東吉野村,1500,880,252,223.0,880,1500,852,0.9682,1440,0.96,880,1.0,0.3848,337.0,0.397
07422,湯川村,3043,1051,189,356.0,1051,3043,1017,0.9676,2926,0.9616,1051,1.0,0.1848,197.0,0.191
03506,九戸村,5378,2383,592,258.0,2383,5378,2300,0.9652,5213,0.9693,2383,1.0,0.2612,621.0,0.271
20414,泰阜村,1545,649,313,133.0,649,1545,625,0.963,1535,0.9935,625,0.963,0.2753,179.0,0.286
28442,市川町,11222,4186,844,317.0,4186,11222,4028,0.9623,10672,0.951,4118,0.9838,0.3714,1554.0,0.386
33681,吉備中央町,10875,4532,1683,172.0,4532,10875,4361,0.9623,10362,0.9528,4420,0.9753,0.3502,1586.0,0.364
23563,豊根村,1017,528,193,175.0,528,1017,508,0.9621,989,0.9725,528,1.0,0.3597,192.0,0.374
07484,鮫川村,3050,1240,491,162.0,1240,3050,1192,0.9613,2915,0.9557,1240,1.0,0.1279,156.0,0.133
08447,河内町,8195,3223,728,283.0,3223,8195,3095,0.9603,7859,0.959,3188,0.9891,0.2164,698.0,0.225
02411,六ヶ所村,10398,2645,689,246.0,2639,10381,2532,0.9595,8980,0.865,2624,0.9943,0.4825,1263.0,0.503
43484,津奈木町,4149,1752,341,329.0,1752,4147,1681,0.9595,3951,0.9527,1734,0.9897,0.308,551.0,0.321
06366,鮭川村,3893,1578,384,263.0,1578,3893,1513,0.9588,3725,0.9568,1578,1.0,0.1955,309.0,0.204
07344,天栄村,5177,1916,431,285.0,1916,5177,1833,0.9567,4877,0.9421,1916,1.0,0.1078,206.0,0.113
40401,小竹町,7117,3006,364,529.0,3006,7117,2873,0.9558,6790,0.9541,3000,0.998,0.3778,1141.0,0.395
13381,三宅村,2273,894,253,226.0,894,2273,854,0.9553,2134,0.9388,875,0.9787,0.5896,527.0,0.617
20350,長和町,5605,2388,511,299.0,2388,5605,2281,0.9552,5320,0.9492,2388,1.0,0.2271,540.0,0.238
36321,佐那河内村,2058,990,273,232.0,990,2058,945,0.9545,1923,0.9344,990,1.0,0.2954,291.0,0.31
43433,南阿蘇村,9851,4202,1015,265.0,4202,9851,4009,0.9541,9409,0.9551,4098,0.9752,0.298,1252.0,0.312
45430,椎葉村,2503,1135,442,164.0,1135,2503,1082,0.9533,2410,0.9628,1115,0.9824,0.3588,410.0,0.376
20486,小谷村,2647,1024,320,205.0,1024,2647,976,0.9531,2482,0.9377,985,0.9619,0.293,297.0,0.307
24561,御浜町,8087,3311,617,343.0,3311,8087,3155,0.9529,7705,0.9528,3223,0.9734,0.3582,1182.0,0.376
44461,九重町,8561,3878,1071,232.0,3878,8561,3691,0.9518,8141,0.9509,3739,0.9642,0.2682,1035.0,0.282
30304,紀美野町,8309,4029,783,329.0,4029,8309,3834,0.9516,7931,0.9545,3943,0.9787,0.393,1576.0,0.413
10444,川場村,3482,1565,279,359.0,1565,3482,1489,0.9514,3303,0.9486,1565,1.0,0.1623,254.0,0.171
06367,戸沢村,4190,1708,346,316.0,1708,4190,1623,0.9502,3880,0.926,1708,1.0,0.2317,395.0,0.244
20425,木祖村,2692,1163,243,306.0,1163,2692,1101,0.9467,2556,0.9495,1101,0.9467,0.2235,261.0,0.236
45442,日之影町,3640,1629,523,199.0,1629,3640,1541,0.946,3439,0.9448,1571,0.9644,0.3362,557.0,0.355
10366,上野村,1128,518,135,246.0,518,1128,490,0.9459,1073,0.9512,490,0.9459,0.4618,239.0,0.488
29451,上北山村,444,234,59,254.0,234,444,221,0.9444,427,0.9617,234,1.0,0.4737,109.0,0.502
20303,小海町,4359,1836,337,349.0,1836,4359,1733,0.9439,4142,0.9502,1818,0.9902,0.2456,450.0,0.26
05349,八峰町,6567,3035,463,420.0,3025,6529,2855,0.9438,6186,0.9475,3000,0.9917,0.4308,1308.0,0.456
24443,大台町,8667,3750,797,301.0,3750,8667,3539,0.9437,8106,0.9353,3634,0.9691,0.2928,1100.0,0.31
29449,十津川村,3061,1313,485,173.0,1313,3061,1235,0.9406,2903,0.9484,1313,1.0,0.4221,551.0,0.449
09384,塩谷町,10359,4187,1205,222.0,4187,10359,3933,0.9393,9740,0.9402,4081,0.9747,0.2133,887.0,0.227
31386,大山町,15328,6184,1069,370.0,6184,15328,5798,0.9376,14123,0.9214,5977,0.9665,0.2596,1608.0,0.277
20363,原村,7658,2661,617,276.0,2661,7658,2494,0.9372,7085,0.9252,2661,1.0,0.1901,507.0,0.203
02443,田子町,4959,2197,497,283.0,2197,4959,2058,0.9367,4590,0.9256,2197,1.0,0.4304,939.0,0.46
07505,古殿町,4817,1901,756,161.0,1901,4817,1776,0.9342,4531,0.9406,1901,1.0,0.1795,340.0,0.192
46527,龍郷町,5724,1880,349,345.0,1880,5714,1756,0.934,5188,0.9079,1779,0.9463,0.4996,952.0,0.535
07322,大玉村,8920,2514,762,211.0,2514,8920,2347,0.9336,8195,0.9187,2514,1.0,0.1535,377.0,0.164
20562,木島平村,4438,1764,358,315.0,1764,4438,1645,0.9325,4130,0.9306,1715,0.9722,0.2087,368.0,0.224
07503,平田村,5826,2076,1050,127.0,2076,5826,1935,0.9321,5343,0.9171,2013,0.9697,0.1532,315.0,0.164
46531,天城町,5499,2046,443,296.0,2046,5499,1907,0.9321,4926,0.8958,2046,1.0,0.5005,1025.0,0.537
04302,七ヶ宿町,1262,586,153,245.0,586,1262,546,0.9317,1176,0.9319,586,1.0,0.4212,246.0,0.452
06403,飯豊町,6626,2572,755,218.0,2572,6626,2394,0.9308,6073,0.9165,2488,0.9673,0.1965,502.0,0.211
33666,美咲町,13072,5419,1741,199.0,5419,13072,5044,0.9308,11986,0.9169,5239,0.9668,0.3205,1737.0,0.344
14402,清川村,3020,1125,145,497.0,1125,3020,1047,0.9307,2750,0.9106,1125,1.0,0.2838,321.0,0.305
32449,邑南町,10166,4584,1565,187.0,4584,10166,4264,0.9302,9215,0.9065,4347,0.9483,0.3778,1731.0,0.406
17324,川北町,6100,1452,187,497.0,1452,6100,1350,0.9298,5857,0.9602,1452,1.0,0.1251,181.0,0.135
15504,刈羽村,4426,1488,286,333.0,1488,4426,1383,0.9294,3852,0.8703,1425,0.9577,0.1595,225.0,0.172
30382,日高町,7584,2257,499,289.0,2257,7584,2097,0.9291,6902,0.9101,2257,1.0,0.3843,890.0,0.414
07402,北塩原村,2551,944,236,256.0,944,2551,877,0.929,2296,0.9,944,1.0,0.2341,222.0,0.252
30392,日高川町,9183,3369,879,245.0,3369,9183,3128,0.9285,8464,0.9217,3273,0.9715,0.3742,1268.0,0.403
20349,青木村,4102,1617,359,288.0,1617,4102,1500,0.9276,3696,0.901,1617,1.0,0.2048,333.0,0.221
29444,黒滝村,623,345,108,204.0,345,623,320,0.9275,587,0.9422,345,1.0,0.3614,124.0,0.39
21506,白川町,7412,3464,1043,213.0,3464,7412,3211,0.927,6824,0.9207,3382,0.9763,0.3506,1217.0,0.378
22429,川根本町,6206,3082,599,329.0,3082,6206,2857,0.927,5774,0.9304,3027,0.9822,0.3725,1146.0,0.402
21504,七宗町,3361,1559,376,265.0,1559,3361,1445,0.9269,3081,0.9167,1501,0.9628,0.3073,482.0,0.332
10448,昭和村,6938,2277,631,231.0,2277,6938,2110,0.9267,6413,0.9243,2277,1.0,0.2238,511.0,0.242
10443,片品村,3996,1634,372,281.0,1634,3996,1514,0.9266,3764,0.9419,1532,0.9376,0.2122,348.0,0.229
40625,みやこ町,18795,7894,1468,344.0,7894,18795,7312,0.9263,17493,0.9307,7691,0.9743,0.3305,2616.0,0.357
39344,大豊町,3251,1897,766,158.0,1897,3251,1757,0.9262,2897,0.8911,1786,0.9415,0.4295,819.0,0.464
39424,大月町,4298,2146,559,246.0,2146,4297,1987,0.9259,3814,0.8876,2021,0.9418,0.3136,682.0,0.339
40602,添田町,8778,3925,662,379.0,3925,8778,3634,0.9259,8023,0.914,3692,0.9406,0.3081,1210.0,0.333
31389,南部町,10325,3893,664,375.0,3893,10325,3597,0.924,9498,0.9199,3812,0.9792,0.2442,947.0,0.264
20583,信濃町,7738,3398,849,256.0,3398,7738,3137,0.9232,7156,0.9248,3398,1.0,0.2421,827.0,0.262
02387,中泊町,9634,4277,568,482.0,4277,9634,3948,0.9231,8848,0.9184,4263,0.9967,0.4604,1975.0,0.499
31401,日南町,4196,2182,722,193.0,2182,4196,2014,0.923,3783,0.9016,2083,0.9546,0.3814,835.0,0.413
43367,南関町,8963,3514,889,253.0,3514,8963,3243,0.9229,8223,0.9174,3404,0.9687,0.3127,1104.0,0.339
41387,玄海町,5546,1766,397,285.0,1766,5535,1628,0.9219,4778,0.8632,1718,0.9728,0.2349,417.0,0.255
20304,川上村,4348,1197,274,280.0,1197,4348,1103,0.9215,3982,0.9158,1188,0.9925,0.0802,96.0,0.087
22304,南伊豆町,7853,3871,783,316.0,3871,7852,3565,0.921,7212,0.9185,3679,0.9504,0.436,1689.0,0.473
07362,下郷町,5264,2355,446,338.0,2355,5264,2167,0.9202,4720,0.8967,2355,1.0,0.2986,705.0,0.325
34462,世羅町,15121,6329,2158,188.0,6329,15121,5820,0.9196,13679,0.9046,6275,0.9915,0.2708,1717.0,0.294
20452,筑北村,4169,1911,463,264.0,1911,4169,1756,0.9189,3808,0.9134,1911,1.0,0.2659,513.0,0.289
03301,雫石町,15862,6128,1600,245.0,6128,15862,5626,0.9181,14598,0.9203,5791,0.945,0.1908,1160.0,0.208
42411,新上五島町,16930,7245,1213,382.0,7227,16856,6630,0.9174,15261,0.9054,6851,0.948,0.6051,4525.0,0.66
02323,深浦町,7056,3605,538,429.0,3593,7018,3295,0.9171,6502,0.9265,3367,0.9371,0.5266,1962.0,0.574
20412,売木村,548,265,127,134.0,265,548,243,0.917,461,0.8412,243,0.917,0.4896,127.0,0.534
20602,栄村,1647,890,211,270.0,890,1647,816,0.9169,1515,0.9199,816,0.9169,0.4098,370.0,0.447
36301,勝浦町,4833,2119,429,316.0,2119,4833,1943,0.9169,4455,0.9218,1988,0.9382,0.33,702.0,0.36
24471,大紀町,7816,3934,680,370.0,3934,7816,3603,0.9159,7092,0.9074,3768,0.9578,0.3313,1303.0,0.362
45429,諸塚村,1486,676,215,201.0,676,1486,619,0.9157,1280,0.8614,639,0.9453,0.3496,237.0,0.382
20588,小川村,2217,1015,327,199.0,1015,2217,929,0.9153,2030,0.9157,986,0.9714,0.3122,318.0,0.341
09344,市貝町,11349,3357,1087,198.0,3357,11349,3071,0.9148,9915,0.8736,3315,0.9875,0.2609,865.0,0.285
32505,吉賀町,6067,2710,726,239.0,2710,6067,2479,0.9148,5366,0.8845,2583,0.9531,0.4045,1100.0,0.442
20305,南牧村,3240,997,313,204.0,997,3240,912,0.9147,2942,0.908,962,0.9649,0.137,136.0,0.15
20417,大鹿村,1023,465,189,157.0,465,1023,425,0.914,842,0.8231,425,0.914,0.4132,192.0,0.452
45404,木城町,4873,1829,413,283.0,1829,4873,1670,0.9131,4285,0.8793,1829,1.0,0.2631,479.0,0.288
02402,七戸町,14555,5935,1273,298.0,5935,14555,5414,0.9122,13334,0.9161,5540,0.9334,0.3899,2317.0,0.427
32448,美郷町,4344,2071,730,182.0,2071,4344,1888,0.9116,3873,0.8916,1888,0.9116,0.3682,767.0,0.404
01437,北竜町,1724,776,228,218.0,776,1724,707,0.9111,1603,0.9298,776,1.0,0.3753,291.0,0.412
04422,大郷町,7859,3029,750,258.0,3029,7859,2758,0.9105,7021,0.8934,3029,1.0,0.1664,502.0,0.183
41423,大町町,6302,2571,239,688.0,2571,6302,2341,0.9105,5720,0.9076,2555,0.9938,0.219,562.0,0.241
19422,道志村,1607,614,196,200.0,614,1607,559,0.9104,1464,0.911,614,1.0,0.2612,160.0,0.287
18382,池田町,2421,1078,248,278.0,1078,2421,981,0.91,2177,0.8992,1015,0.9416,0.425,458.0,0.467
33606,鏡野町,12064,4680,1440,208.0,4680,12064,4257,0.9096,10732,0.8896,4565,0.9754,0.3014,1409.0,0.331
03503,野田村,3921,1506,374,258.0,1506,3921,1369,0.909,3574,0.9115,1369,0.909,0.3078,466.0,0.339
39411,津野町,5300,2390,673,227.0,2390,5300,2172,0.9088,4787,0.9032,2390,1.0,0.2385,570.0,0.262
46501,中種子町,7511,2956,1019,186.0,2953,7487,2681,0.9079,6465,0.8635,2816,0.9536,0.4522,1342.0,0.498
20448,生坂村,1639,713,209,218.0,713,1639,647,0.9074,1499,0.9146,647,0.9074,0.268,187.0,0.295
43423,南小国町,3708,1506,425,227.0,1506,3708,1366,0.907,3283,0.8854,1466,0.9734,0.3641,550.0,0.401
12347,多古町,13724,4954,1171,271.0,4954,13724,4493,0.9069,12290,0.8955,4847,0.9784,0.1534,782.0,0.169
20423,南木曽町,3915,1685,453,238.0,1685,3915,1527,0.9062,3566,0.9109,1567,0.93,0.3375,568.0,0.372
05366,井川町,4558,1969,284,444.0,1969,4558,1783,0.9055,4056,0.8899,1969,1.0,0.3289,650.0,0.363
38484,松野町,3680,1733,422,263.0,1733,3680,1568,0.9048,3186,0.8658,1575,0.9088,0.3603,624.0,0.398
43369,和水町,9353,3972,897,283.0,3972,9353,3594,0.9048,8550,0.9141,3767,0.9484,0.2889,1144.0,0.319
28365,多可町,19276,7305,1328,352.0,7305,19276,6609,0.9047,17280,0.8965,7065,0.9671,0.3151,2302.0,0.348
28501,佐用町,15872,6856,1446,303.0,6856,15872,6201,0.9045,14198,0.8945,6746,0.984,0.3673,2517.0,0.406
02405,六戸町,10470,3536,829,273.0,3536,10470,3198,0.9044,9516,0.9089,3346,0.9463,0.4153,1466.0,0.459
45443,五ヶ瀬町,3514,1532,450,218.0,1532,3514,1385,0.904,3218,0.9158,1391,0.908,0.2665,397.0,0.295
02209,つがる市,30961,12009,1923,400.0,12009,30961,10845,0.9031,27235,0.8797,11623,0.9679,0.3894,4673.0,0.431
01645,豊頃町,3022,1226,408,192.0,1226,3022,1107,0.9029,2666,0.8822,1178,0.9608,0.249,297.0,0.276
07407,磐梯町,3326,1236,258,307.0,1236,3326,1116,0.9029,3042,0.9146,1158,0.9369,0.1895,236.0,0.21
46529,喜界町,6598,2658,447,381.0,2658,6589,2400,0.9029,5893,0.8944,2400,0.9029,0.6068,1616.0,0.672
20386,中川村,4650,1663,510,209.0,1663,4650,1501,0.9026,4229,0.9095,1591,0.9567,0.1748,293.0,0.194
27322,能勢町,9058,3757,798,301.0,3757,9058,3390,0.9023,8123,0.8968,3668,0.9763,0.3395,1279.0,0.376
43531,苓北町,6997,3027,490,395.0,3027,6983,2731,0.9022,6121,0.8766,2824,0.9329,0.3943,1211.0,0.437
43425,産山村,1383,589,218,173.0,589,1383,530,0.8998,1245,0.9002,530,0.8998,0.3204,190.0,0.356
02367,田舎館村,7365,2676,361,474.0,2676,7365,2407,0.8995,6594,0.8953,2676,1.0,0.4095,1081.0,0.455
10425,嬬恋村,8853,3295,882,239.0,3295,8853,2961,0.8986,8031,0.9072,3062,0.9293,0.1735,570.0,0.193
07465,中島村,4844,1460,373,251.0,1460,4844,1312,0.8986,4247,0.8768,1453,0.9952,0.141,209.0,0.157
01571,豊浦町,3815,1525,313,312.0,1525,3815,1370,0.8984,3288,0.8619,1459,0.9567,0.4188,633.0,0.466
43364,玉東町,5030,1762,364,310.0,1762,5030,1581,0.8973,4337,0.8622,1649,0.9359,0.2867,525.0,0.32
01391,島牧村,1342,563,144,250.0,555,1316,498,0.8973,1119,0.8503,555,1.0,0.3895,220.0,0.434
07211,田村市,35192,12620,3951,204.0,12620,35192,11322,0.8971,30914,0.8784,12138,0.9618,0.1888,2381.0,0.21
10424,長野原町,5097,1981,584,217.0,1981,5097,1777,0.897,4547,0.8921,1912,0.9652,0.2134,425.0,0.238
30343,九度山町,3855,1780,247,461.0,1780,3855,1596,0.8966,3492,0.9058,1596,0.8966,0.3317,594.0,0.37
08364,大子町,15736,7282,1938,240.0,7282,15736,6523,0.8958,14104,0.8963,6711,0.9216,0.2971,2159.0,0.332
20590,飯綱町,10306,4223,802,337.0,4223,10306,3783,0.8958,9339,0.9062,4002,0.9477,0.1881,787.0,0.21
08233,行方市,32184,11616,3561,209.0,11616,32184,10398,0.8951,28614,0.8891,11307,0.9734,0.2084,2418.0,0.233
36368,那賀町,7365,3809,973,251.0,3809,7365,3408,0.8947,6634,0.9007,3610,0.9478,0.3784,1441.0,0.423
45361,高原町,8657,3616,887,261.0,3616,8657,3232,0.8938,7850,0.9068,3463,0.9577,0.2916,1052.0,0.326
46468,大崎町,12374,4896,1413,222.0,4896,12374,4373,0.8932,10749,0.8687,4598,0.9391,0.3972,1934.0,0.445
46404,長島町,9474,3493,1036,216.0,3480,9447,3107,0.8928,8289,0.8774,3336,0.9586,0.4,1418.0,0.448
12409,芝山町,6962,2504,714,224.0,2504,6962,2235,0.8926,6130,0.8805,2499,0.998,0.1211,318.0,0.136
11349,ときがわ町,10523,4082,778,336.0,4082,10523,3643,0.8925,9199,0.8742,3930,0.9628,0.1811,741.0,0.203
15581,関川村,5139,2213,415,341.0,2213,5139,1974,0.892,4530,0.8815,2213,1.0,0.2041,453.0,0.229
01333,知内町,4157,1639,410,256.0,1639,4157,1461,0.8914,3437,0.8268,1620,0.9884,0.3336,550.0,0.374
09345,芳賀町,15087,4715,1667,181.0,4715,15087,4201,0.891,13001,0.8617,4474,0.9489,0.203,971.0,0.228
21507,東白川村,2016,906,355,163.0,906,2016,806,0.8896,1808,0.8968,806,0.8896,0.3138,286.0,0.353
33215,美作市,25928,10795,2702,256.0,10795,25928,9602,0.8895,22744,0.8772,10488,0.9716,0.3315,3580.0,0.373
12424,白子町,10298,4187,889,301.0,4187,10298,3724,0.8894,9217,0.895,4056,0.9687,0.2118,882.0,0.238
24441,多気町,14009,4842,838,370.0,4842,14009,4306,0.8893,11955,0.8534,4692,0.969,0.1531,742.0,0.172
40522,大木町,13902,4130,667,396.0,4130,13902,3670,0.8886,11883,0.8548,4032,0.9763,0.2989,1206.0,0.336
33663,久米南町,4512,2025,655,198.0,2025,4512,1798,0.8879,3943,0.8739,1936,0.956,0.3584,729.0,0.404
46491,南大隅町,6449,3183,765,266.0,3174,6418,2817,0.8875,5547,0.8643,2879,0.9071,0.4776,1527.0,0.538
46502,南種子町,5445,1962,612,205.0,1962,5438,1741,0.8874,4780,0.879,1911,0.974,0.4556,894.0,0.513
03210,陸前高田市,18234,7352,1424,330.0,7352,18232,6523,0.8872,15992,0.8771,7036,0.957,0.2657,1955.0,0.299
18483,おおい町,7862,2540,533,305.0,2540,7862,2253,0.887,6541,0.832,2433,0.9579,0.458,1167.0,0.516
32343,奥出雲町,11849,5132,1684,195.0,5132,11849,4545,0.8856,10577,0.8926,5008,0.9758,0.3015,1547.0,0.34
07504,浅川町,6028,2054,477,276.0,2054,6028,1819,0.8856,5333,0.8847,1891,0.9206,0.188,386.0,0.212
08229,稲敷市,38966,14282,2918,313.0,14282,38966,12645,0.8854,34262,0.8793,13713,0.9602,0.2096,3004.0,0.237
18442,美浜町,9133,3265,482,434.0,3265,9133,2890,0.8851,8106,0.8876,3265,1.0,0.4363,1437.0,0.493
46217,曽於市,33311,13759,3466,254.0,13759,33311,12159,0.8837,28460,0.8544,12976,0.9431,0.3669,5062.0,0.415
35213,美祢市,23243,9893,2520,251.0,9893,23243,8731,0.8825,20599,0.8862,9291,0.9391,0.1544,1529.0,0.175
06363,舟形町,5002,2073,360,369.0,2073,5002,1829,0.8823,4485,0.8966,2073,1.0,0.2376,500.0,0.269
43511,五木村,931,458,133,220.0,458,931,404,0.8821,792,0.8507,404,0.8821,0.3997,178.0,0.453
30383,由良町,5328,2082,294,453.0,2082,5327,1836,0.8818,4711,0.8844,1848,0.8876,0.3509,733.0,0.398
20411,下條村,3545,1242,391,203.0,1242,3545,1094,0.8808,3047,0.8595,1191,0.9589,0.1793,223.0,0.204
04606,南三陸町,12128,4619,968,305.0,4619,12128,4065,0.8801,10553,0.8701,4466,0.9669,0.2522,1187.0,0.287
20309,佐久穂町,10159,3926,695,362.0,3926,10159,3455,0.88,9013,0.8872,3749,0.9549,0.1861,737.0,0.211
36342,神山町,4642,2525,760,213.0,2525,4642,2221,0.8796,4065,0.8757,2436,0.9648,0.4069,1027.0,0.463
45431,美郷町,4826,2484,717,222.0,2484,4826,2185,0.8796,4178,0.8657,2185,0.8796,0.3332,829.0,0.379
03501,軽米町,8420,3526,929,243.0,3526,8420,3100,0.8792,7311,0.8683,3500,0.9926,0.3188,1123.0,0.363
46452,湧水町,9126,4037,920,281.0,4037,9126,3546,0.8784,7716,0.8455,3957,0.9802,0.3783,1523.0,0.431
12427,長南町,7253,3250,967,215.0,3250,7253,2850,0.8769,6408,0.8835,3109,0.9566,0.1488,478.0,0.17
44214,国東市,26128,11216,2491,288.0,11202,26090,9819,0.8765,21951,0.8414,10517,0.9389,0.3105,3511.0,0.354
07561,新地町,7924,2599,726,229.0,2599,7924,2275,0.8753,6782,0.8559,2339,0.9,0.2196,570.0,0.251
40610,福智町,21127,7981,955,535.0,7981,21127,6983,0.875,18581,0.8795,7981,1.0,0.3056,2465.0,0.349
40608,大任町,5044,1939,347,358.0,1939,5044,1695,0.8742,4476,0.8874,1857,0.9577,0.2688,524.0,0.307
32386,飯南町,4577,2116,852,159.0,2116,4577,1849,0.8738,3936,0.86,1857,0.8776,0.2904,614.0,0.332
21382,輪之内町,9728,2601,497,335.0,2601,9728,2269,0.8724,8234,0.8464,2480,0.9535,0.2608,671.0,0.299
28222,養父市,22114,8745,1364,410.0,8745,22114,7626,0.872,18872,0.8534,8421,0.963,0.381,3334.0,0.437
20432,木曽町,10588,4425,1022,277.0,4425,10588,3858,0.8719,9093,0.8588,3974,0.8981,0.2985,1321.0,0.342
30424,古座川町,2480,1373,334,263.0,1373,2480,1196,0.8711,2150,0.8669,1196,0.8711,0.4862,666.0,0.558
20409,平谷村,385,124,52,153.0,124,385,108,0.871,352,0.9143,124,1.0,0.4114,54.0,0.472
12422,睦沢町,6858,2870,653,281.0,2870,6858,2497,0.87,5877,0.857,2718,0.947,0.2144,610.0,0.246
46532,伊仙町,6139,2323,686,217.0,2323,6139,2021,0.87,5318,0.8663,2096,0.9023,0.5358,1245.0,0.616
43501,錦町,10310,3439,791,278.0,3439,10310,2990,0.8694,8912,0.8644,3211,0.9337,0.2987,1022.0,0.344
18501,若狭町,13969,5093,933,349.0,5075,13933,4411,0.8692,11936,0.8567,4845,0.9547,0.3736,1907.0,0.43
31364,三朝町,6060,2389,410,373.0,2389,6060,2076,0.869,5351,0.883,2200,0.9209,0.3073,740.0,0.354
19209,北杜市,44039,17615,4549,248.0,17615,44039,15286,0.8678,37747,0.8571,16548,0.9394,0.349,6149.0,0.402
43212,上天草市,23056,9651,1534,403.0,9600,22927,8326,0.8673,19698,0.8592,8935,0.9307,0.3707,3826.0,0.427
42208,松浦市,20991,7715,1671,295.0,7698,20952,6676,0.8672,17827,0.8508,7247,0.9414,0.442,3466.0,0.51
33623,奈義町,5586,1986,574,221.0,1986,5586,1721,0.8666,4420,0.7913,1838,0.9255,0.2482,491.0,0.286
33622,勝央町,10889,3502,788,284.0,3502,10889,3034,0.8664,8823,0.8103,3268,0.9332,0.2965,1027.0,0.342
39405,檮原町,3302,1542,469,210.0,1542,3302,1336,0.8664,2829,0.8568,1336,0.8664,0.3783,579.0,0.437
21403,大野町,22075,6615,862,491.0,6615,22075,5727,0.8658,18939,0.8579,6070,0.9176,0.2273,1502.0,0.263
12441,大多喜町,8873,3878,979,254.0,3878,8873,3357,0.8657,7523,0.8479,3701,0.9544,0.2243,871.0,0.259
19429,鳴沢村,2810,959,198,310.0,959,2810,830,0.8655,2451,0.8722,902,0.9406,0.2129,204.0,0.246
01425,上砂川町,2832,1468,157,598.0,1468,2832,1270,0.8651,2450,0.8651,1468,1.0,0.506,738.0,0.585
05348,三種町,15247,6934,1064,417.0,6934,15247,5997,0.8649,13185,0.8648,6695,0.9655,0.3726,2584.0,0.431
20324,立科町,6589,2424,560,277.0,2424,6589,2096,0.8647,5734,0.8702,2206,0.9101,0.177,432.0,0.205
33346,和気町,13624,5586,1025,349.0,5586,13624,4829,0.8645,11545,0.8474,5148,0.9216,0.317,1775.0,0.367
34369,北広島町,17760,6922,2572,172.0,6922,17760,5978,0.8636,14642,0.8244,6773,0.9785,0.3407,2357.0,0.395
36405,上板町,11383,4037,729,354.0,4037,11383,3485,0.8633,9650,0.8478,3957,0.9802,0.241,974.0,0.279
15405,出雲崎町,4093,1797,404,285.0,1793,4082,1547,0.8628,3449,0.8449,1688,0.9414,0.2808,506.0,0.325
43444,甲佐町,10118,3986,640,399.0,3986,10118,3438,0.8625,8789,0.8686,3574,0.8966,0.2339,933.0,0.271
05464,東成瀬村,2712,1015,259,251.0,1015,2712,875,0.8621,2339,0.8625,1015,1.0,0.3535,356.0,0.41
31329,八頭町,15928,5784,841,440.0,5784,15928,4982,0.8613,13604,0.8541,5302,0.9167,0.1907,1104.0,0.221
43510,相良村,4099,1742,359,311.0,1742,4099,1500,0.8611,3389,0.8268,1574,0.9036,0.316,554.0,0.367
19366,南部町,7157,3118,632,316.0,3118,7157,2683,0.8605,6191,0.865,3046,0.9769,0.3116,973.0,0.362
20362,富士見町,14131,5126,989,332.0,5126,14131,4408,0.8599,11777,0.8334,4679,0.9128,0.2533,1296.0,0.295
35502,阿武町,2965,1494,310,308.0,1494,2965,1284,0.8594,2455,0.828,1313,0.8788,0.307,467.0,0.357
17205,珠洲市,12833,6643,1281,332.0,6643,12826,5706,0.8589,10579,0.8248,6233,0.9383,0.3336,2226.0,0.388
09343,茂木町,11896,5090,1636,199.0,5090,11896,4368,0.8582,10263,0.8627,4595,0.9028,0.2577,1308.0,0.3
15307,聖籠町,14267,3706,591,401.0,3706,14267,3180,0.8581,11753,0.8238,3621,0.9771,0.1482,551.0,0.173
42210,壱岐市,24642,9531,3107,196.0,9485,24544,8134,0.8576,20629,0.8405,8420,0.8877,0.4681,4512.0,0.546
02384,鶴田町,12037,4562,604,483.0,4562,12037,3912,0.8575,10239,0.8506,4211,0.9231,0.4164,1905.0,0.486
07405,西会津町,5781,2717,549,317.0,2717,5781,2328,0.8568,4955,0.8571,2352,0.8657,0.3358,913.0,0.392
08234,鉾田市,45928,15470,4743,209.0,15470,45928,13249,0.8564,39218,0.8539,14420,0.9321,0.2358,3644.0,0.275
10521,板倉町,14028,4724,848,357.0,4724,14027,4042,0.8556,11836,0.8438,4467,0.9456,0.2076,983.0,0.243
02303,今別町,2275,1258,196,411.0,1258,2275,1076,0.8553,1938,0.8519,1258,1.0,0.6002,774.0,0.702
43348,美里町,9396,4395,814,346.0,4395,9396,3759,0.8553,8038,0.8555,4012,0.9129,0.2859,1262.0,0.334
45209,えびの市,17634,7467,1699,281.0,7467,17634,6383,0.8548,14396,0.8164,6878,0.9211,0.3007,2247.0,0.352
10449,みなかみ町,17205,7012,1530,293.0,7012,17205,5991,0.8544,14936,0.8681,6870,0.9797,0.2244,1574.0,0.263
23427,飛島村,4558,1414,282,321.0,1414,4558,1208,0.8543,3897,0.855,1414,1.0,0.1466,208.0,0.172
08521,八千代町,20973,6489,1585,262.0,6489,20973,5543,0.8542,17678,0.8429,6302,0.9712,0.1885,1218.0,0.221
28481,上郡町,13877,5451,866,403.0,5451,13877,4652,0.8534,11781,0.849,4964,0.9107,0.3498,1908.0,0.41
42212,西海市,25306,9905,2144,296.0,9830,25169,8385,0.853,20185,0.802,8568,0.8716,0.4751,4838.0,0.557
44212,豊後大野市,33684,14880,3417,279.0,14880,33684,12688,0.8527,27580,0.8188,13600,0.914,0.2694,4012.0,0.316
45441,高千穂町,11641,5038,1195,270.0,5038,11641,4296,0.8527,9487,0.815,4541,0.9013,0.2876,1443.0,0.337
06341,大石田町,6592,2639,372,454.0,2639,6592,2250,0.8526,5601,0.8497,2446,0.9269,0.2082,548.0,0.244
40448,東峰村,1889,875,226,248.0,875,1889,746,0.8526,1631,0.8634,746,0.8526,0.3386,294.0,0.397
06426,三川町,7627,2677,348,492.0,2677,7627,2282,0.8524,6129,0.8036,2499,0.9335,0.2125,566.0,0.249
41425,白石町,22052,7987,1892,270.0,7987,22052,6807,0.8523,18708,0.8484,7600,0.9515,0.1926,1538.0,0.226
17461,穴水町,7668,3790,687,353.0,3779,7651,3220,0.8521,5941,0.7765,3292,0.8711,0.311,1204.0,0.365
28223,丹波市,61471,21542,3815,361.0,21542,61471,18357,0.8521,50408,0.82,20182,0.9369,0.3638,7833.0,0.427
34214,安芸高田市,26450,11098,3088,230.0,11098,26450,9456,0.852,21899,0.8279,10114,0.9113,0.2698,2998.0,0.317
15385,阿賀町,9965,4944,852,371.0,4944,9965,4212,0.8519,8390,0.8419,4826,0.9761,0.3037,1502.0,0.356
09407,那須町,23515,9687,3407,182.0,9687,23515,8252,0.8519,19916,0.8469,9286,0.9586,0.2548,2469.0,0.299
10429,東吾妻町,12714,5229,1292,259.0,5229,12714,4451,0.8512,10721,0.8432,4853,0.9281,0.2139,1124.0,0.251
46224,伊佐市,24441,10154,2484,262.0,10154,24441,8632,0.8501,19894,0.814,9834,0.9685,0.3899,3964.0,0.459
20450,山形村,8407,2454,343,458.0,2454,8407,2084,0.8492,6878,0.8181,2326,0.9478,0.1593,388.0,0.188
39306,馬路村,745,305,76,257.0,305,745,259,0.8492,616,0.8268,259,0.8492,0.2598,79.0,0.306
08212,常陸太田市,48608,18824,3582,336.0,18824,48608,15966,0.8482,39986,0.8226,17925,0.9522,0.2664,5011.0,0.314
03441,住田町,5045,2288,600,244.0,2288,5045,1940,0.8479,4215,0.8355,2160,0.9441,0.2879,658.0,0.34
26407,京丹波町,12907,5707,1389,263.0,5707,12907,4838,0.8477,10979,0.8506,5083,0.8907,0.3082,1759.0,0.364
01560,滝上町,2421,1077,233,296.0,1077,2421,913,0.8477,2010,0.8302,936,0.8691,0.4254,461.0,0.502
02304,蓬田村,2402,1037,152,437.0,1037,2402,879,0.8476,2031,0.8455,1037,1.0,0.4597,495.0,0.542
10523,千代田町,10875,3395,559,389.0,3395,10875,2877,0.8474,9042,0.8314,3184,0.9378,0.1862,628.0,0.22
39412,四万十町,15607,6990,1834,244.0,6990,15606,5921,0.8471,13026,0.8347,6090,0.8712,0.2755,1923.0,0.325
31372,北栄町,14053,5007,643,498.0,5007,14053,4241,0.847,11785,0.8386,4730,0.9447,0.2314,1171.0,0.273
04341,丸森町,12259,5314,1700,200.0,5314,12259,4501,0.847,10234,0.8348,4943,0.9302,0.2378,1259.0,0.281
01648,陸別町,2264,901,218,265.0,901,2264,763,0.8468,1918,0.8472,784,0.8701,0.2439,216.0,0.288
46206,阿久根市,19232,8032,1517,339.0,8032,19201,6801,0.8467,15672,0.8162,7842,0.9763,0.3428,2760.0,0.405
24461,玉城町,15178,4278,577,475.0,4278,15178,3619,0.846,12586,0.8292,4145,0.9689,0.1797,765.0,0.212
08442,美浦村,14567,4692,850,353.0,4692,14567,3968,0.8457,12006,0.8242,4385,0.9346,0.1616,756.0,0.191
43447,山都町,13461,6777,1753,247.0,6777,13461,5731,0.8457,11541,0.8574,6348,0.9367,0.352,2384.0,0.416
39208,宿毛市,18981,7330,1141,411.0,7228,18848,6112,0.8456,15137,0.8031,6988,0.9668,0.2467,1817.0,0.292
43482,芦北町,15490,6984,1141,392.0,6978,15473,5900,0.8455,12995,0.8399,6361,0.9116,0.3425,2406.0,0.405
07367,只見町,4044,1911,394,310.0,1911,4044,1615,0.8451,3393,0.839,1772,0.9273,0.3882,740.0,0.459
07464,泉崎村,6198,1983,487,261.0,1983,6198,1675,0.8447,5283,0.8524,1845,0.9304,0.1347,267.0,0.159
46213,西之表市,14652,5587,1198,298.0,5585,14622,4716,0.8444,12143,0.8305,5228,0.9361,0.4407,2467.0,0.522
12238,いすみ市,35531,15045,3166,304.0,15045,35531,12701,0.8442,29341,0.8258,13877,0.9224,0.2718,4094.0,0.322
17384,志賀町,18515,8259,1607,329.0,8233,18496,6949,0.844,15464,0.8361,7494,0.9102,0.1997,1660.0,0.237
34210,庄原市,33639,14456,4636,200.0,14456,33639,12198,0.8438,27522,0.8182,12755,0.8823,0.2994,4365.0,0.355
08310,城里町,18091,6787,1585,274.0,6787,18091,5723,0.8432,15267,0.8439,6197,0.9131,0.2181,1478.0,0.259
02423,大間町,4680,1700,256,425.0,1686,4649,1421,0.8428,3705,0.7969,1662,0.9858,0.4495,769.0,0.533
40646,上毛町,7256,2612,548,305.0,2612,7256,2201,0.8426,6080,0.8379,2326,0.8905,0.331,866.0,0.393
03214,八幡平市,24021,9937,2448,260.0,9937,24021,8366,0.8419,19713,0.8207,8914,0.8971,0.2422,2408.0,0.288
37387,綾川町,22614,8152,1856,281.0,8152,22614,6860,0.8415,18386,0.813,7580,0.9298,0.1961,1606.0,0.233
18423,越前町,19819,7100,1074,423.0,7100,19819,5974,0.8414,16454,0.8302,6498,0.9152,0.3081,2212.0,0.366
02446,階上町,13379,4266,989,276.0,4266,13379,3589,0.8413,10863,0.8119,4246,0.9953,0.4686,2006.0,0.557
05434,美郷町,18640,7314,2020,232.0,7314,18640,6151,0.841,15589,0.8363,7153,0.978,0.3017,2223.0,0.359
01394,蘭越町,4568,1817,598,194.0,1817,4568,1528,0.8409,3866,0.8463,1726,0.9499,0.3482,637.0,0.414
09411,那珂川町,15217,6035,1779,217.0,6035,15217,5074,0.8408,12888,0.8469,5483,0.9085,0.2586,1559.0,0.308
32209,雲南市,35992,14418,3666,252.0,14418,35992,12119,0.8405,29503,0.8197,13338,0.9251,0.2238,3228.0,0.266
46482,東串良町,6233,2296,479,307.0,2296,6233,1929,0.8402,4602,0.7383,2230,0.9713,0.4093,936.0,0.487
07542,楢葉町,3706,1388,512,174.0,1388,3706,1166,0.8401,3171,0.8556,1247,0.8984,0.1919,266.0,0.228
45405,川南町,15128,5361,1701,202.0,5361,15122,4503,0.84,12124,0.8017,4988,0.9304,0.2324,1261.0,0.277
03482,山田町,14299,5736,840,437.0,5736,14295,4818,0.84,12162,0.8508,5129,0.8942,0.2761,1586.0,0.329
07502,玉川村,6397,2024,611,212.0,2024,6397,1700,0.8399,5526,0.8638,1866,0.9219,0.1126,228.0,0.134
04301,蔵王町,11410,4377,1275,220.0,4377,11410,3676,0.8398,9513,0.8337,4049,0.9251,0.2242,979.0,0.267
35343,田布施町,14458,5238,1014,331.0,5238,14458,4396,0.8393,11372,0.7866,4870,0.9297,0.1838,961.0,0.219
05206,男鹿市,25116,11797,1507,501.0,11792,25094,9891,0.8388,20624,0.8219,11296,0.9579,0.3914,4622.0,0.467
12426,長柄町,6644,2878,786,234.0,2878,6644,2413,0.8384,6242,0.9395,2878,1.0,0.1772,525.0,0.211
03302,葛巻町,5636,2735,710,247.0,2735,5636,2292,0.838,4757,0.844,2522,0.9221,0.3777,1026.0,0.451
03485,普代村,2492,1073,267,257.0,1073,2492,899,0.8378,2002,0.8034,960,0.8947,0.3397,362.0,0.405
08236,小美玉市,48800,14485,3431,270.0,14485,48800,12132,0.8376,39963,0.8189,13433,0.9274,0.2085,3069.0,0.249
44208,竹田市,20350,9837,2650,238.0,9837,20350,8233,0.8369,16841,0.8276,8626,0.8769,0.2997,2939.0,0.358
07368,南会津町,14451,6045,1137,340.0,6045,14451,5057,0.8366,11509,0.7964,5678,0.9393,0.3059,1850.0,0.366
38506,愛南町,19182,8814,1523,370.0,8814,19177,7371,0.8363,15800,0.8239,8149,0.9246,0.325,2906.0,0.389
07501,石川町,14646,5450,1399,249.0,5450,14646,4556,0.836,12161,0.8303,5173,0.9492,0.2044,1110.0,0.244
03366,西和賀町,5134,2617,712,235.0,2617,5134,2186,0.8353,4354,0.8481,2186,0.8353,0.2801,734.0,0.335
42209,対馬市,27513,10523,1819,370.0,10398,27266,8682,0.835,21447,0.7866,8819,0.8481,0.5007,5502.0,0.6
29441,吉野町,6230,3227,621,333.0,3227,6230,2693,0.8345,5127,0.823,2984,0.9247,0.3338,1080.0,0.4
31328,智頭町,6427,2802,494,363.0,2802,6427,2338,0.8344,5362,0.8343,2516,0.8979,0.2739,767.0,0.328
33210,新見市,28088,11614,2994,248.0,11614,28088,9689,0.8343,22454,0.7994,10472,0.9017,0.3528,4095.0,0.423
31402,日野町,2907,1472,295,319.0,1472,2907,1228,0.8342,2407,0.828,1228,0.8342,0.3569,525.0,0.428
28225,朝来市,28990,10340,1682,393.0,10340,28990,8626,0.8342,23461,0.8093,9192,0.889,0.3767,3899.0,0.452
12423,長生村,13836,4740,1003,302.0,4740,13836,3953,0.834,11594,0.838,4701,0.9918,0.2355,1116.0,0.282
07521,三春町,16920,5918,1100,344.0,5918,16920,4933,0.8336,14555,0.8602,5601,0.9464,0.2115,1244.0,0.254
19206,大月市,22583,9107,1240,470.0,9107,22583,7582,0.8325,18636,0.8252,8442,0.927,0.3438,3126.0,0.413
35344,平生町,11874,5123,650,504.0,5123,11872,4264,0.8323,9236,0.778,4818,0.9405,0.2178,1119.0,0.262
33213,赤磐市,42643,14395,2182,422.0,14395,42643,11977,0.832,35804,0.8396,13365,0.9284,0.2969,4268.0,0.357
20219,東御市,30112,9343,1536,389.0,9343,30112,7768,0.8314,24765,0.8224,8678,0.9288,0.188,1755.0,0.226
26365,和束町,3476,1651,289,366.0,1651,3476,1372,0.831,2837,0.8162,1401,0.8486,0.2549,422.0,0.307
25384,竜王町,11842,3338,418,511.0,3338,11842,2773,0.8307,9994,0.8439,3231,0.9679,0.3151,1045.0,0.379
20384,飯島町,9001,3308,897,236.0,3308,9001,2747,0.8304,7512,0.8346,3308,1.0,0.2139,712.0,0.258
41441,太良町,8051,3150,629,321.0,3145,8024,2611,0.8302,6774,0.8442,2933,0.9326,0.2075,655.0,0.25
07461,西郷村,20833,5131,1162,283.0,5131,20833,4260,0.8302,16528,0.7934,4985,0.9715,0.2126,1103.0,0.256
03507,洋野町,15065,6263,1588,252.0,6263,15065,5199,0.8301,12698,0.8429,5742,0.9168,0.2748,1724.0,0.331
20416,豊丘村,6436,2107,450,300.0,2107,6436,1749,0.8301,5113,0.7944,2027,0.962,0.1665,353.0,0.201
01604,新冠町,5270,1753,478,235.0,1753,5270,1455,0.83,4461,0.8465,1720,0.9812,0.3365,588.0,0.405
28220,加西市,42652,14149,2411,376.0,14149,42652,11741,0.8298,33629,0.7885,12868,0.9095,0.3535,5079.0,0.426
21501,坂祝町,8128,2277,311,469.0,2277,8128,1887,0.8287,6292,0.7741,2254,0.9899,0.2866,646.0,0.346
17407,中能登町,16546,6162,1008,391.0,6162,16546,5102,0.828,13402,0.81,5794,0.9403,0.2097,1289.0,0.253
36206,阿波市,34694,13200,2760,306.0,13200,34694,10926,0.8277,28886,0.8326,12077,0.9149,0.2654,3504.0,0.321
28446,神河町,10618,4055,931,279.0,4055,10618,3351,0.8264,8703,0.8196,3627,0.8945,0.356,1444.0,0.431
33214,真庭市,42728,17084,3690,296.0,17084,42728,14116,0.8263,34504,0.8075,15369,0.8996,0.2603,4441.0,0.315
13308,奥多摩町,4743,2410,378,408.0,2410,4743,1990,0.8257,3816,0.8046,2209,0.9166,0.5383,1297.0,0.652
06382,川西町,14523,5676,1484,245.0,5676,14523,4686,0.8256,11605,0.7991,5195,0.9153,0.1745,991.0,0.211
44209,豊後高田市,22095,8557,1846,297.0,8557,22093,7060,0.8251,17556,0.7946,7793,0.9107,0.3349,2863.0,0.406
43514,あさぎり町,14645,5639,1220,296.0,5639,14645,4652,0.825,11786,0.8048,4872,0.864,0.3048,1717.0,0.369
03524,一戸町,11489,4866,1130,276.0,4866,11489,4010,0.8241,9311,0.8104,4388,0.9018,0.3301,1611.0,0.401
24214,いなべ市,44975,12292,2201,357.0,12292,44975,10124,0.8236,35828,0.7966,12006,0.9767,0.2206,2713.0,0.268
38488,鬼北町,9681,4521,1038,279.0,4521,9681,3722,0.8233,7468,0.7714,3943,0.8722,0.3608,1634.0,0.438
20402,松川町,12520,4339,923,301.0,4339,12520,3572,0.8232,10305,0.8231,3908,0.9007,0.1488,643.0,0.181
28301,猪名川町,29762,9390,796,755.0,9390,29762,7728,0.823,23574,0.7921,9142,0.9736,0.3568,3358.0,0.434
33211,備前市,32117,12666,1690,480.0,12666,32105,10421,0.8228,26561,0.8273,11237,0.8872,0.3337,4248.0,0.406
36468,つるぎ町,7712,3586,860,267.0,3586,7712,2950,0.8226,6193,0.803,3233,0.9016,0.3812,1371.0,0.463
02442,五戸町,16046,6457,1170,353.0,6457,16046,5310,0.8224,13182,0.8215,6120,0.9478,0.4024,2602.0,0.489
02406,横浜町,4202,1678,354,303.0,1678,4202,1378,0.8212,3459,0.8232,1678,1.0,0.5247,887.0,0.639
07547,浪江町,1925,576,364,101.0,576,1925,473,0.8212,1359,0.706,564,0.9792,0.058,33.0,0.071
12234,南房総市,35752,16857,3146,343.0,16849,35720,13835,0.8211,29379,0.8225,15607,0.9263,0.314,5306.0,0.382
30427,北山村,404,184,45,262.0,184,404,151,0.8207,348,0.8614,184,1.0,0.5518,100.0,0.672
46525,瀬戸内町,8380,3221,409,504.0,3213,8360,2637,0.8207,6640,0.7943,2973,0.9253,0.5129,1667.0,0.625
43441,御船町,16256,5626,904,398.0,5626,16256,4614,0.8201,13174,0.8104,5319,0.9454,0.2804,1588.0,0.342
42321,東彼杵町,7474,2922,630,297.0,2922,7469,2394,0.8193,5881,0.7874,2841,0.9723,0.4015,1201.0,0.49
16343,朝日町,11074,4955,713,445.0,4955,11074,4057,0.8188,8896,0.8033,4578,0.9239,0.2602,1285.0,0.318
21341,養老町,26959,9198,1300,453.0,9198,26959,7531,0.8188,22018,0.8167,8868,0.9641,0.2159,1978.0,0.264
01409,赤井川村,1165,364,143,163.0,364,1165,298,0.8187,855,0.7339,364,1.0,0.3721,134.0,0.454
24470,度会町,7847,2835,505,359.0,2835,7847,2321,0.8187,6402,0.8159,2517,0.8878,0.1547,438.0,0.189
21206,中津川市,76635,25022,5555,288.0,25022,76635,20483,0.8186,61331,0.8003,22949,0.9172,0.2996,7485.0,0.366
34368,安芸太田町,5775,3014,821,235.0,3014,5775,2467,0.8185,4755,0.8234,2810,0.9323,0.3596,1075.0,0.439
29401,高取町,6771,2763,344,514.0,2763,6771,2259,0.8176,5542,0.8185,2763,1.0,0.3161,879.0,0.387
38386,久万高原町,7409,3662,1108,212.0,3662,7409,2992,0.817,5775,0.7795,3173,0.8665,0.3665,1340.0,0.449
02307,外ヶ浜町,5158,2616,386,434.0,2606,5137,2128,0.8166,4282,0.8336,2354,0.9033,0.5458,1501.0,0.668
06364,真室川町,7218,3015,658,293.0,3015,7218,2461,0.8163,5825,0.807,2920,0.9685,0.2,601.0,0.245
33209,高梁市,29072,11925,3228,236.0,11925,29072,9731,0.816,22167,0.7625,10916,0.9154,0.4531,5394.0,0.555
09342,益子町,21772,7017,1684,267.0,7017,21772,5721,0.8153,17994,0.8265,6748,0.9617,0.2343,1650.0,0.287
44211,宇佐市,52800,19259,3942,313.0,19259,52800,15702,0.8153,39811,0.754,17480,0.9076,0.2522,4866.0,0.309
05346,藤里町,2896,1411,249,363.0,1411,2896,1150,0.815,2406,0.8308,1411,1.0,0.3631,513.0,0.446
10522,明和町,10860,3300,561,376.0,3300,10860,2689,0.8148,8997,0.8285,3170,0.9606,0.2322,770.0,0.285
43468,氷川町,11046,4278,695,394.0,4278,11046,3485,0.8146,9047,0.819,3710,0.8672,0.3066,1318.0,0.376
19365,身延町,10661,5062,1002,323.0,5062,10661,4123,0.8145,8551,0.8021,4404,0.87,0.34,1722.0,0.417
12342,神崎町,5881,2021,342,378.0,2021,5881,1645,0.814,4908,0.8346,1926,0.953,0.2345,472.0,0.288
35211,長門市,32133,14159,2225,407.0,14143,32105,11502,0.8133,25507,0.7945,12860,0.9093,0.2653,3799.0,0.326
20485,白馬村,8575,2772,688,258.0,2772,8575,2254,0.8131,6907,0.8055,2438,0.8795,0.2237,623.0,0.275
07482,矢祭町,5391,2134,505,270.0,2134,5391,1735,0.813,4576,0.8488,1828,0.8566,0.21,447.0,0.258
21604,白川村,1511,502,114,282.0,502,1511,408,0.8127,1167,0.7723,441,0.8785,0.3231,162.0,0.398
36387,美波町,6163,3035,499,389.0,3015,6126,2450,0.8126,4953,0.8085,2689,0.8919,0.4127,1267.0,0.508
35305,周防大島町,14460,7887,1222,413.0,7875,14400,6395,0.8121,11771,0.8174,7344,0.9326,0.3909,3155.0,0.481
25443,多賀町,7291,2474,389,407.0,2474,7291,2009,0.812,5260,0.7214,2207,0.8921,0.341,840.0,0.42
46490,錦江町,6818,3130,642,312.0,3130,6818,2541,0.8118,5366,0.787,2783,0.8891,0.399,1290.0,0.492
46492,肝付町,14161,5867,1256,299.0,5867,14161,4762,0.8117,10614,0.7495,5490,0.9357,0.3693,2173.0,0.455
16321,舟橋村,2998,551,106,333.0,551,2998,447,0.8113,2439,0.8135,551,1.0,0.2735,173.0,0.337
42213,雲仙市,40555,14572,2474,377.0,14552,40504,11803,0.8111,32987,0.8144,12825,0.8813,0.4198,6162.0,0.518
42323,波佐見町,14293,4600,798,369.0,4600,14293,3731,0.8111,10978,0.7681,4214,0.9161,0.3749,1724.0,0.462
47381,竹富町,3912,899,249,231.0,899,3900,729,0.8109,3182,0.8159,809,0.8999,0.513,464.0,0.633
34545,神石高原町,8247,4065,1635,159.0,4065,8247,3296,0.8108,6735,0.8167,3342,0.8221,0.3054,1239.0,0.377
20481,池田町,9363,3689,560,422.0,3689,9363,2990,0.8105,7450,0.7957,3538,0.9591,0.2028,752.0,0.25
40601,香春町,10455,4427,613,462.0,4427,10455,3587,0.8103,8628,0.8253,4054,0.9157,0.348,1475.0,0.429
44210,杵築市,27885,10389,2392,278.0,10389,27831,8418,0.8103,20879,0.7502,9451,0.9097,0.3024,3138.0,0.373
05463,羽後町,13819,5438,1131,308.0,5438,13819,4403,0.8097,10842,0.7846,4981,0.916,0.3173,1725.0,0.392
24442,明和町,22436,7017,835,538.0,7017,22436,5677,0.809,18186,0.8106,6909,0.9846,0.1982,1389.0,0.245
46220,南さつま市,32751,12960,2297,361.0,12925,32687,10456,0.809,25126,0.7687,11719,0.9067,0.3807,4956.0,0.471
20407,阿智村,6088,2284,608,240.0,2284,6088,1847,0.8087,5213,0.8563,2144,0.9387,0.1633,369.0,0.202
02412,おいらせ町,24211,6677,1175,364.0,6677,24211,5396,0.8081,18715,0.773,6376,0.9549,0.353,2355.0,0.437
06361,金山町,5071,1876,426,282.0,1876,5071,1516,0.8081,4095,0.8075,1846,0.984,0.2172,408.0,0.269
46392,さつま町,20239,8444,2249,240.0,8444,20239,6821,0.8078,15989,0.79,7466,0.8842,0.3899,3293.0,0.483
44341,日出町,27603,8453,1336,405.0,8453,27579,6827,0.8076,20381,0.739,7748,0.9166,0.2581,2196.0,0.32
15224,佐渡市,50652,21531,4435,311.0,21457,50522,17325,0.8074,40126,0.7942,18492,0.8618,0.3268,7166.0,0.405
40604,糸田町,8478,3177,271,750.0,3177,8478,2565,0.8074,6756,0.7969,2864,0.9015,0.3614,1162.0,0.448
01407,仁木町,3182,1276,376,217.0,1276,3182,1030,0.8072,2451,0.7703,1260,0.9875,0.4137,530.0,0.512
08302,茨城町,31285,10953,2484,282.0,10953,31285,8840,0.8071,24803,0.7928,10462,0.9552,0.2245,2466.0,0.278
03303,岩手町,12270,4901,1263,248.0,4901,12270,3955,0.807,9843,0.8022,4540,0.9263,0.2835,1388.0,0.351
43432,西原村,6368,2014,395,326.0,2014,6368,1625,0.8069,4933,0.7747,1850,0.9186,0.1907,386.0,0.236
25214,米原市,37221,11052,1562,453.0,11052,37221,8908,0.806,27617,0.742,10232,0.9258,0.3182,3519.0,0.395
20446,麻績村,2573,1179,246,307.0,1179,2573,950,0.8058,1972,0.7664,985,0.8355,0.234,272.0,0.29
03461,大槌町,11004,4239,502,540.0,4239,11004,3414,0.8054,8804,0.8001,4010,0.946,0.2916,1224.0,0.362
10384,甘楽町,12487,4285,697,393.0,4285,12487,3451,0.8054,9795,0.7844,3968,0.926,0.2042,873.0,0.254
32501,津和野町,6884,3348,758,283.0,3348,6884,2696,0.8053,5525,0.8026,2696,0.8053,0.4121,1375.0,0.512
38214,西予市,35058,15451,2661,372.0,15451,35058,12440,0.8051,26521,0.7565,13689,0.886,0.3573,5566.0,0.444
20323,御代田町,15549,4307,760,363.0,4307,15549,3466,0.8047,12119,0.7794,3893,0.9039,0.2634,1139.0,0.327
01464,和寒町,3192,1411,333,271.0,1411,3192,1135,0.8044,2406,0.7538,1219,0.8639,0.3369,476.0,0.419
36207,美馬市,28037,10933,2366,296.0,10933,28037,8791,0.8041,22264,0.7941,10016,0.9161,0.31,3395.0,0.386
46221,志布志市,29316,10548,2915,232.0,10548,29314,8482,0.8041,22791,0.7775,9564,0.9067,0.3655,3842.0,0.455
38422,内子町,15317,6274,1338,300.0,6274,15317,5038,0.803,11429,0.7462,5634,0.898,0.3054,1914.0,0.38
43506,湯前町,3632,1609,390,264.0,1609,3632,1292,0.803,2858,0.7869,1411,0.8769,0.3209,514.0,0.4
30366,有田川町,25272,8339,1673,319.0,8339,25272,6692,0.8025,18306,0.7244,7416,0.8893,0.3168,2638.0,0.395
42211,五島市,33881,13775,2282,386.0,13669,33635,10967,0.8023,26083,0.7755,12161,0.8897,0.5258,7363.0,0.655
21503,川辺町,10090,3312,511,415.0,3312,10090,2657,0.8022,8419,0.8344,3129,0.9447,0.2703,854.0,0.337
12237,山武市,48408,17360,3309,336.0,17360,48408,13921,0.8019,38474,0.7948,15831,0.9119,0.1908,3307.0,0.238
41210,神埼市,30932,9702,1491,416.0,9702,30932,7780,0.8019,24485,0.7916,9091,0.937,0.2251,2197.0,0.281
47361,久米島町,7170,2140,371,369.0,2140,7170,1716,0.8019,4865,0.6785,1802,0.8421,0.392,841.0,0.489
27366,岬町,14716,5961,432,883.0,5961,14716,4779,0.8017,11532,0.7836,5610,0.9411,0.4188,2498.0,0.522
01575,壮瞥町,2740,1239,246,322.0,1239,2740,993,0.8015,2086,0.7613,1096,0.8846,0.4092,506.0,0.511
01632,士幌町,5855,1959,539,233.0,1959,5855,1570,0.8014,4782,0.8167,1826,0.9321,0.245,475.0,0.306
08215,北茨城市,41771,14335,1931,475.0,14335,41763,11488,0.8014,32435,0.7766,13271,0.9258,0.2883,4133.0,0.36
24472,南伊勢町,10586,5675,693,524.0,5637,10508,4516,0.8011,8357,0.7953,4635,0.8222,0.3523,2067.0,0.44
21210,恵那市,47692,16811,3809,282.0,16811,47692,13462,0.8008,37456,0.7854,15427,0.9177,0.2905,4897.0,0.363
06362,最上町,8080,3260,605,345.0,3260,8080,2607,0.7997,6569,0.813,3163,0.9702,0.2315,755.0,0.29
30406,すさみ町,3653,1782,347,329.0,1782,3643,1425,0.7997,2940,0.807,1583,0.8883,0.4124,740.0,0.516
03402,平泉町,7252,2879,721,256.0,2879,7252,2302,0.7996,5724,0.7893,2700,0.9378,0.1705,487.0,0.213
46223,南九州市,33084,13267,2740,310.0,13267,33080,10595,0.7986,25737,0.778,12457,0.9389,0.3815,5053.0,0.478
45406,都農町,9915,3856,837,295.0,3856,9915,3079,0.7985,7971,0.8039,3243,0.841,0.221,848.0,0.277
38442,伊方町,8213,3934,498,506.0,3934,8207,3138,0.7977,6447,0.7855,3153,0.8015,0.4479,1782.0,0.562
03213,二戸市,25513,9511,1805,337.0,9511,25513,7586,0.7976,19511,0.7647,8794,0.9246,0.2944,2800.0,0.369
21502,富加町,5655,1813,277,419.0,1813,5655,1446,0.7976,4470,0.7905,1670,0.9211,0.2516,457.0,0.315
06402,白鷹町,12886,4986,1115,286.0,4986,12886,3973,0.7968,10033,0.7786,4442,0.8909,0.2085,1041.0,0.262
40226,宮若市,26315,9660,1446,428.0,9660,26315,7694,0.7965,20364,0.7739,9096,0.9416,0.3303,3185.0,0.415
03207,久慈市,33056,11025,2396,294.0,11025,33056,8780,0.7964,25328,0.7662,10119,0.9178,0.3157,3475.0,0.396
01331,松前町,6126,3205,374,548.0,3205,6106,2552,0.7963,4797,0.7856,2977,0.9289,0.4621,1509.0,0.58
21221,海津市,32695,11239,1708,421.0,11239,32695,8950,0.7963,26156,0.8,10145,0.9027,0.2305,2595.0,0.289
06461,遊佐町,13009,5489,874,402.0,5489,13009,4367,0.7956,10183,0.7828,4677,0.8521,0.2227,1227.0,0.28
36208,三好市,23624,10896,2358,296.0,10896,23624,8668,0.7955,18521,0.784,9462,0.8684,0.3613,3927.0,0.454
01601,日高町,11279,4081,1069,244.0,4081,11279,3242,0.7944,8756,0.7763,3880,0.9507,0.3211,1304.0,0.404
45205,小林市,43668,16233,3374,308.0,16233,43668,12891,0.7941,33901,0.7763,15102,0.9303,0.2768,4492.0,0.349
29446,天川村,1176,602,133,290.0,602,1176,478,0.794,866,0.7364,586,0.9734,0.3564,213.0,0.449
01438,沼田町,2909,1242,282,282.0,1242,2909,986,0.7939,2105,0.7236,1021,0.8221,0.3242,402.0,0.408
28227,宍粟市,34819,12646,2426,334.0,12646,34819,10038,0.7938,26787,0.7693,11244,0.8891,0.3317,4195.0,0.418
41346,みやき町,25458,8866,1128,503.0,8866,25458,7035,0.7935,19352,0.7602,8011,0.9036,0.231,2043.0,0.291
27382,河南町,15629,4884,411,761.0,4884,15629,3873,0.793,12120,0.7755,4313,0.8831,0.4566,2238.0,0.576
05215,仙北市,24605,10534,2380,283.0,10534,24605,8352,0.7929,18874,0.7671,9214,0.8747,0.3384,3565.0,0.427
07408,猪苗代町,13546,5372,872,394.0,5372,13546,4258,0.7926,10606,0.783,4848,0.9025,0.2225,1193.0,0.281
28586,新温泉町,13310,5464,658,531.0,5460,13296,4323,0.7918,10511,0.7905,5460,1.0,0.3772,2061.0,0.476
42207,平戸市,28982,11996,2647,290.0,11903,28797,9423,0.7916,22475,0.7805,10479,0.8804,0.4573,5557.0,0.578
05207,湯沢市,42108,16927,2515,431.0,16927,42108,13397,0.7915,32752,0.7778,15547,0.9185,0.3325,5627.0,0.42
15227,胎内市,28518,10267,1254,524.0,10267,28518,8126,0.7915,21088,0.7395,9372,0.9128,0.198,2031.0,0.25
37208,三豊市,61816,22547,4056,356.0,22524,61721,17818,0.7911,48099,0.7793,19890,0.8831,0.1882,4247.0,0.238
17386,宝達志水町,12163,4810,776,397.0,4810,12163,3804,0.7909,9474,0.7789,4361,0.9067,0.1606,770.0,0.203
40229,みやま市,35620,13587,1970,441.0,13587,35620,10743,0.7907,26818,0.7529,12192,0.8973,0.2915,4007.0,0.369
45208,西都市,28719,10829,1911,363.0,10829,28719,8560,0.7905,21872,0.7616,9523,0.8794,0.254,2750.0,0.321
37207,東かがわ市,28174,11939,1771,431.0,11916,28151,9417,0.7903,22303,0.7923,11439,0.96,0.2619,3140.0,0.331
32205,大田市,32742,13196,2886,293.0,13196,32724,10428,0.7902,24409,0.7459,11239,0.8517,0.3334,4422.0,0.422
01395,ニセコ町,5074,1318,541,156.0,1318,5074,1041,0.7898,4174,0.8226,1174,0.8907,0.3547,464.0,0.449
07483,塙町,8299,3171,813,250.0,3171,8299,2503,0.7893,6499,0.7831,2873,0.906,0.2009,642.0,0.255
08225,常陸大宮市,39274,14602,3624,258.0,14602,39274,11525,0.7893,29489,0.7509,13748,0.9415,0.2668,3903.0,0.338
01634,鹿追町,5266,1651,486,217.0,1651,5266,1303,0.7892,4120,0.7824,1450,0.8783,0.227,370.0,0.288
07522,小野町,9466,3390,1120,194.0,3390,9466,2675,0.7891,7656,0.8088,3214,0.9481,0.2032,688.0,0.258
12463,鋸南町,6984,3367,534,404.0,3367,6982,2656,0.7888,5504,0.7883,3231,0.9596,0.3366,1131.0,0.427
33461,矢掛町,13432,5189,1073,310.0,5189,13432,4090,0.7882,10503,0.7819,4402,0.8483,0.2851,1485.0,0.362
03209,一関市,111939,41318,11844,223.0,41318,111939,32553,0.7879,84978,0.7591,36010,0.8715,0.2211,9134.0,0.281
45207,串間市,16803,7187,1208,381.0,7174,16792,5651,0.7877,12654,0.7536,5712,0.7962,0.3103,2232.0,0.394
03208,遠野市,25364,10280,2640,249.0,10280,25364,8096,0.7875,19689,0.7763,8935,0.8692,0.2459,2529.0,0.312
25425,愛荘町,20893,4595,687,428.0,4595,20893,3618,0.7874,15985,0.7651,4157,0.9047,0.3091,1420.0,0.393
29361,川西町,8214,2826,195,928.0,2826,8214,2225,0.7873,6200,0.7548,2372,0.8393,0.3123,877.0,0.397
08231,桜川市,39175,13516,2924,296.0,13516,39175,10641,0.7873,30137,0.7693,12926,0.9563,0.1859,2496.0,0.236
02445,南部町,16834,6715,1076,399.0,6715,16834,5286,0.7872,13435,0.7981,6325,0.9419,0.4104,2760.0,0.521
25212,高島市,46377,16641,2493,427.0,16641,46377,13091,0.7867,35134,0.7576,15387,0.9246,0.383,6375.0,0.487
25383,日野町,21002,6416,855,480.0,6416,21002,5040,0.7855,14560,0.6933,5889,0.9179,0.3124,2007.0,0.398
31371,琴浦町,16343,6028,855,451.0,6028,16343,4735,0.7855,12594,0.7706,5241,0.8694,0.2327,1403.0,0.296
20383,箕輪町,24968,7163,1041,440.0,7163,24968,5625,0.7853,18464,0.7395,6436,0.8985,0.1995,1430.0,0.254
01343,鹿部町,3752,1516,292,332.0,1516,3752,1190,0.785,2813,0.7497,1353,0.8925,0.3396,515.0,0.433
01345,森町,14276,5520,1004,352.0,5515,14260,4327,0.7846,10821,0.7588,4776,0.866,0.278,1538.0,0.354
39202,室戸市,11642,5997,759,506.0,5990,11629,4699,0.7845,9045,0.7778,5220,0.8715,0.3316,2003.0,0.423
40227,嘉麻市,35363,14331,1753,523.0,14331,35363,11242,0.7845,27670,0.7825,13384,0.9339,0.3204,4595.0,0.408
02321,鰺ヶ沢町,8926,4012,621,413.0,4012,8926,3146,0.7841,6869,0.7695,3370,0.84,0.4487,1810.0,0.572
32204,益田市,44927,17014,2810,388.0,17014,44925,13328,0.7834,33445,0.7445,14860,0.8734,0.3179,5410.0,0.406
20212,大町市,26034,9925,1885,337.0,9925,26034,7769,0.7828,20575,0.7903,9095,0.9164,0.2332,2307.0,0.298
07541,広野町,5408,1542,398,248.0,1542,5408,1207,0.7827,4250,0.7859,1422,0.9222,0.3637,567.0,0.465
01667,鶴居村,2558,914,330,177.0,914,2558,715,0.7823,1838,0.7185,788,0.8621,0.271,247.0,0.346
29212,宇陀市,28119,11794,2095,360.0,11794,28119,9226,0.7823,21137,0.7517,10657,0.9036,0.2947,3476.0,0.377
15217,妙高市,30389,11328,1698,427.0,11328,30389,8855,0.7817,23125,0.761,10396,0.9177,0.2241,2537.0,0.287
41327,吉野ヶ里町,16492,4036,541,477.0,4036,16492,3155,0.7817,12239,0.7421,3635,0.9006,0.2132,846.0,0.273
40647,築上町,17173,6564,1120,375.0,6564,17173,5130,0.7815,13166,0.7667,6293,0.9587,0.3552,2332.0,0.454
16342,入善町,23826,8746,1715,326.0,8746,23826,6832,0.7812,18608,0.781,8031,0.9182,0.2419,2124.0,0.31
20213,飯山市,19476,7434,1329,358.0,7434,19476,5807,0.7811,14800,0.7599,6997,0.9412,0.2062,1535.0,0.264
05209,鹿角市,29082,11838,2042,371.0,11838,29082,9239,0.7805,22515,0.7742,10863,0.9176,0.3714,4398.0,0.476
01641,大樹町,5420,1976,464,273.0,1976,5420,1542,0.7804,4200,0.7749,1761,0.8912,0.2798,555.0,0.359
12349,東庄町,13102,5162,760,435.0,5162,13102,4028,0.7803,9899,0.7555,4812,0.9322,0.161,835.0,0.206
39341,本山町,3262,1563,306,327.0,1563,3262,1219,0.7799,2484,0.7615,1275,0.8157,0.3137,489.0,0.402
02210,平川市,30569,10779,1281,539.0,10779,30569,8406,0.7798,23426,0.7663,10384,0.9634,0.3695,3982.0,0.474
24562,紀宝町,10305,3854,560,440.0,3854,10305,3003,0.7792,7476,0.7255,3689,0.9572,0.3246,1255.0,0.417
17463,能登町,15374,7742,1524,325.0,7728,15362,6019,0.7789,11641,0.7578,6404,0.8287,0.2416,1911.0,0.31
11365,小鹿野町,10925,4241,933,291.0,4241,10925,3303,0.7788,8174,0.7482,3844,0.9064,0.218,926.0,0.28
07481,棚倉町,13355,4262,822,332.0,4262,13355,3319,0.7787,10141,0.7593,3776,0.886,0.1776,756.0,0.228
02425,風間浦村,1598,748,110,435.0,721,1569,561,0.7781,1251,0.7973,561,0.7781,0.5751,435.0,0.739
21207,美濃市,19227,6961,922,483.0,6961,19227,5415,0.7779,14437,0.7509,6182,0.8881,0.2576,1796.0,0.331
28228,加東市,40701,10979,2055,342.0,10979,40701,8533,0.7772,28443,0.6988,9879,0.8998,0.3778,4064.0,0.486
17204,輪島市,24442,11255,1941,371.0,11246,24430,8731,0.7764,18347,0.751,10119,0.8998,0.3178,3599.0,0.409
28224,南あわじ市,43946,15969,2882,355.0,15969,43946,12398,0.7764,33598,0.7645,14400,0.9017,0.4053,6467.0,0.522
04424,大衡村,5894,1720,487,226.0,1720,5894,1335,0.7762,4779,0.8108,1720,1.0,0.1886,322.0,0.243
09215,那須烏山市,24844,9306,2481,240.0,9306,24844,7221,0.776,19746,0.7948,8582,0.9222,0.2537,2368.0,0.327
07543,富岡町,2127,480,329,93.0,480,2127,372,0.775,1549,0.7283,452,0.9417,0.1029,50.0,0.133
17207,羽咋市,20348,8208,1003,524.0,8208,20348,6360,0.7749,15322,0.753,7159,0.8722,0.2096,1725.0,0.271
05303,小坂町,4785,2149,368,374.0,2149,4785,1665,0.7748,3560,0.744,1905,0.8865,0.3896,836.0,0.503
01608,様似町,4014,1703,307,355.0,1703,4014,1319,0.7745,3058,0.7618,1449,0.8509,0.2784,476.0,0.359
11363,長瀞町,6795,2698,432,400.0,2698,6795,2088,0.7739,5221,0.7684,2423,0.8981,0.1996,538.0,0.258
20220,安曇野市,94239,29858,4632,413.0,29858,94239,23098,0.7736,72351,0.7677,26707,0.8945,0.2105,6302.0,0.272
21521,御嵩町,17605,5552,720,494.0,5552,17605,4295,0.7736,12662,0.7192,5189,0.9346,0.2794,1555.0,0.361
25209,甲賀市,88371,24938,3447,463.0,24938,88371,19265,0.7725,67206,0.7605,23124,0.9273,0.3324,8279.0,0.43
34215,江田島市,20964,9182,1137,517.0,9160,20938,7075,0.7724,15872,0.758,8107,0.885,0.4216,4036.0,0.546
39410,日高村,4835,2080,409,325.0,2080,4835,1606,0.7721,3779,0.7816,1809,0.8697,0.1775,368.0,0.23
02301,平内町,9956,4111,592,444.0,4103,9926,3167,0.7719,7469,0.7525,3776,0.9203,0.4603,1917.0,0.596
29343,三郷町,23123,7453,289,1650.0,7453,23123,5753,0.7719,16930,0.7322,6355,0.8527,0.426,3208.0,0.552
37341,三木町,26911,8429,1526,354.0,8429,26911,6505,0.7717,20588,0.765,7722,0.9161,0.2428,2050.0,0.315
21220,下呂市,30428,12299,2282,345.0,12299,30428,9490,0.7716,23308,0.766,10556,0.8583,0.3569,4389.0,0.463
40225,うきは市,28009,9863,1371,460.0,9863,28009,7609,0.7715,21174,0.756,8848,0.8971,0.2665,2632.0,0.345
03483,岩泉町,8726,3852,1095,225.0,3852,8726,2970,0.771,6625,0.7592,3203,0.8315,0.3872,1496.0,0.502
24211,鳥羽市,16913,6702,690,622.0,6702,16905,5163,0.7704,12875,0.7616,5871,0.876,0.3087,2125.0,0.401
03381,金ケ崎町,15567,4763,1553,196.0,4763,15567,3669,0.7703,12069,0.7753,4247,0.8917,0.2443,1164.0,0.317
06365,大蔵村,3019,1180,253,298.0,1180,3019,909,0.7703,2391,0.792,1095,0.928,0.2358,280.0,0.306
05212,大仙市,77647,29923,6219,308.0,29923,77647,23046,0.7702,56707,0.7303,26597,0.8888,0.3171,9471.0,0.412
37406,まんのう町,17390,6671,1811,236.0,6671,17390,5138,0.7702,13375,0.7691,5850,0.8769,0.2088,1387.0,0.271
46214,垂水市,13643,5852,699,536.0,5827,13583,4488,0.7702,10073,0.7416,5382,0.9236,0.3933,2320.0,0.511
02381,板柳町,12737,4826,632,489.0,4826,12737,3715,0.7698,9859,0.774,4095,0.8485,0.3717,1792.0,0.483
20214,茅野市,56389,17045,2546,428.0,17045,56389,13120,0.7697,41208,0.7308,15425,0.905,0.2534,4324.0,0.329
06322,西川町,4954,2262,416,348.0,2262,4954,1740,0.7692,3783,0.7636,2023,0.8943,0.2334,528.0,0.303
07303,国見町,8593,3626,588,395.0,3626,8593,2789,0.7692,6207,0.7223,3287,0.9065,0.2247,818.0,0.292
29402,明日香村,5199,2135,291,470.0,2135,5199,1642,0.7691,3953,0.7603,1926,0.9021,0.3199,682.0,0.416
11347,吉見町,18214,6138,999,393.0,6138,18214,4720,0.769,13802,0.7578,5584,0.9097,0.1954,1201.0,0.254
02408,東北町,16405,6365,1484,275.0,6365,16405,4894,0.7689,12474,0.7604,6044,0.9496,0.4025,2536.0,0.523
08542,五霞町,8097,2725,524,333.0,2725,8097,2095,0.7688,6099,0.7532,2725,1.0,0.2306,630.0,0.3
04212,登米市,76024,27022,6039,286.0,27022,76024,20765,0.7684,53956,0.7097,24788,0.9173,0.2047,5518.0,0.266
40447,筑前町,29501,9259,1027,577.0,9259,29501,7113,0.7682,21593,0.7319,8846,0.9554,0.2937,2713.0,0.382
04324,川崎町,8341,3213,851,242.0,3213,8341,2468,0.7681,6263,0.7509,3130,0.9742,0.2015,647.0,0.262
31390,伯耆町,10646,4209,694,388.0,4209,10646,3232,0.7679,8259,0.7758,3802,0.9033,0.2315,982.0,0.301
11361,横瀬町,7974,2626,394,427.0,2626,7974,2015,0.7673,6029,0.7561,2626,1.0,0.2305,625.0,0.3
01427,由仁町,4818,2056,651,202.0,2056,4818,1576,0.7665,3655,0.7586,1825,0.8876,0.2646,541.0,0.345
30362,広川町,6729,2390,391,391.0,2390,6729,1832,0.7665,5145,0.7646,2385,0.9979,0.3671,886.0,0.479
43215,天草市,73983,30138,4986,387.0,29909,73277,22926,0.7665,52222,0.7127,25561,0.8546,0.3836,11897.0,0.501
15482,津南町,9019,3787,687,353.0,3787,9019,2902,0.7663,6887,0.7636,3284,0.8672,0.3171,1194.0,0.414
20429,王滝村,715,308,95,207.0,308,715,236,0.7662,578,0.8084,236,0.7662,0.3894,120.0,0.508
33216,浅口市,32527,11949,1499,510.0,11949,32527,9152,0.7659,23698,0.7286,10405,0.8708,0.3111,3748.0,0.406
12236,香取市,72443,26660,4743,360.0,26660,72443,20412,0.7656,53900,0.744,23875,0.8955,0.1728,4607.0,0.226
20388,宮田村,8577,2529,441,367.0,2529,8577,1936,0.7655,6506,0.7585,2334,0.9229,0.1567,398.0,0.205
01222,三笠市,8014,3808,495,492.0,3808,8014,2912,0.7647,6136,0.7657,3757,0.9866,0.4662,1780.0,0.61
20561,山ノ内町,11352,4766,659,463.0,4766,11352,3644,0.7646,8696,0.766,4338,0.9102,0.2448,1166.0,0.32
41424,江北町,9565,2731,488,358.0,2731,9565,2088,0.7646,6375,0.6665,2608,0.955,0.2113,575.0,0.276
38207,大洲市,40499,14911,2715,351.0,14906,40489,11393,0.7643,29397,0.726,13005,0.8725,0.2849,4261.0,0.373
06212,尾花沢市,14951,6225,1075,371.0,6225,14951,4757,0.7642,10514,0.7032,5095,0.8185,0.1936,1206.0,0.253
42214,南島原市,41978,16954,2940,369.0,16917,41899,12925,0.764,32179,0.768,14040,0.8299,0.4368,7473.0,0.572
21401,揖斐川町,19463,7676,1252,392.0,7676,19463,5863,0.7638,15105,0.7761,6946,0.9049,0.2479,1865.0,0.325
20415,喬木村,5976,2128,397,343.0,2128,5976,1625,0.7636,4521,0.7565,2064,0.9699,0.1704,362.0,0.223
35212,柳井市,30570,11902,1767,431.0,11871,30534,9065,0.7636,21550,0.7058,10666,0.8985,0.2611,3134.0,0.342
02426,佐井村,1775,858,115,477.0,858,1775,655,0.7634,1326,0.747,655,0.7634,0.5713,490.0,0.748
34209,三次市,50664,18556,4694,253.0,18556,50664,14165,0.7634,35374,0.6982,16902,0.9109,0.269,4959.0,0.352
08223,潮来市,27607,9084,1372,424.0,9084,27607,6934,0.7633,21018,0.7613,8380,0.9225,0.2355,2138.0,0.308
39402,佐川町,12294,5039,880,366.0,5039,12294,3846,0.7632,8986,0.7309,4120,0.8176,0.2208,1117.0,0.289
20403,高森町,12822,4176,831,322.0,4176,12822,3186,0.7629,9315,0.7265,3912,0.9368,0.1894,788.0,0.248
16208,砺波市,48041,14514,3235,287.0,14514,48041,11064,0.7623,34183,0.7115,13026,0.8975,0.2119,3093.0,0.278
46208,出水市,51871,17328,3069,361.0,17328,51861,13209,0.7623,38415,0.7407,15395,0.8884,0.3364,5844.0,0.441
44462,玖珠町,14358,5519,1143,309.0,5519,14358,4205,0.7619,10233,0.7127,4896,0.8871,0.2604,1439.0,0.342
01665,弟子屈町,6947,2871,694,265.0,2871,6947,2187,0.7618,5290,0.7615,2565,0.8934,0.3346,955.0,0.439
12410,横芝光町,22184,8317,1549,344.0,8317,22184,6335,0.7617,16946,0.7639,7578,0.9111,0.2045,1696.0,0.268
16323,立山町,24858,8302,1555,342.0,8302,24858,6324,0.7617,18766,0.7549,7796,0.9391,0.2459,2034.0,0.323
26213,南丹市,31610,11142,2160,330.0,11142,31610,8483,0.7614,22699,0.7181,9505,0.8531,0.3756,4183.0,0.493
07447,会津美里町,19051,7528,1036,465.0,7528,19051,5730,0.7612,14167,0.7436,7009,0.9311,0.2033,1530.0,0.267
23562,東栄町,2938,1455,399,233.0,1455,2938,1107,0.7608,2315,0.788,1455,1.0,0.4176,622.0,0.549
39428,黒潮町,10170,4568,703,416.0,4568,10167,3475,0.7607,7972,0.7841,3538,0.7745,0.272,1255.0,0.357
06381,高畠町,22455,7594,1360,357.0,7594,22455,5776,0.7606,16842,0.75,6312,0.8312,0.1939,1473.0,0.255
30381,美浜町,6850,2580,266,621.0,2580,6850,1962,0.7605,5177,0.7558,2470,0.9574,0.3215,825.0,0.423
36489,東みよし町,13637,4986,857,372.0,4986,13637,3791,0.7603,10074,0.7387,4439,0.8903,0.2938,1460.0,0.386
15226,南魚沼市,54851,18394,2875,409.0,18394,54851,13982,0.7601,40310,0.7349,16026,0.8713,0.2289,4209.0,0.301
40214,豊前市,24355,9140,1344,435.0,9140,24355,6946,0.76,18132,0.7445,8323,0.9106,0.3462,3160.0,0.456
09211,矢板市,31182,10323,1862,355.0,10323,31182,7837,0.7592,21868,0.7013,8962,0.8682,0.2499,2583.0,0.329
04581,女川町,6430,2336,255,586.0,2336,6426,1773,0.759,4881,0.7596,2150,0.9204,0.3776,881.0,0.498
15223,阿賀野市,40726,14034,1881,477.0,14034,40726,10640,0.7582,29909,0.7344,13031,0.9285,0.1349,1891.0,0.178
30208,紀の川市,58867,19370,2956,419.0,19370,58867,14683,0.758,44186,0.7506,17557,0.9064,0.3035,5903.0,0.4
36204,阿南市,69194,23026,3748,393.0,22983,69109,17416,0.7578,49662,0.7186,20360,0.8859,0.2825,6535.0,0.373
41345,上峰町,9129,2361,304,497.0,2361,9129,1788,0.7573,6255,0.6852,2051,0.8687,0.2175,527.0,0.287
01549,訓子府町,4692,1817,534,218.0,1817,4692,1375,0.7567,3630,0.7737,1689,0.9296,0.2449,448.0,0.324
46505,屋久島町,11791,4283,1002,274.0,4283,11787,3238,0.756,9161,0.7772,3658,0.8541,0.4741,2046.0,0.627
07466,矢吹町,17332,5451,973,359.0,5451,17332,4117,0.7553,12632,0.7288,4941,0.9064,0.2074,1126.0,0.275
21219,郡上市,38997,14608,3198,292.0,14608,38997,11034,0.7553,30142,0.7729,13470,0.9221,0.2994,4375.0,0.396
12218,勝浦市,16814,7261,1201,387.0,7261,16814,5483,0.7551,12197,0.7254,6722,0.9258,0.381,2777.0,0.504
20422,上松町,4127,1763,317,356.0,1763,4127,1331,0.755,3194,0.7739,1547,0.8775,0.319,559.0,0.423
43206,玉名市,64223,22020,3160,446.0,22020,64223,16625,0.755,45214,0.704,18869,0.8569,0.2886,6345.0,0.382
28229,たつの市,74407,22955,2711,542.0,22955,74396,17322,0.7546,52194,0.7016,20887,0.9099,0.3235,7427.0,0.429
32207,江津市,22954,9012,1557,370.0,9012,22954,6799,0.7544,16502,0.7189,7845,0.8705,0.3404,3067.0,0.451
40348,久山町,9088,2472,304,520.0,2472,9088,1865,0.7544,6482,0.7132,2271,0.9187,0.2901,717.0,0.385
43505,多良木町,9048,3844,913,269.0,3844,9048,2900,0.7544,6626,0.7323,3289,0.8556,0.3159,1225.0,0.419
24303,木曽岬町,6006,2011,262,491.0,2011,6006,1516,0.7539,4439,0.7391,2011,1.0,0.1867,375.0,0.248
40605,川崎町,15204,5917,701,540.0,5917,15204,4461,0.7539,11448,0.753,5162,0.8724,0.328,1946.0,0.435
28218,小野市,47589,13857,1653,537.0,13857,47589,10445,0.7538,32341,0.6796,12878,0.9293,0.3612,5000.0,0.479
43210,菊池市,46291,15728,2195,459.0,15728,46291,11854,0.7537,33874,0.7318,14298,0.9091,0.2802,4429.0,0.372
01485,初山別村,1075,417,128,209.0,417,1075,314,0.753,802,0.746,389,0.9329,0.419,176.0,0.556
29345,安堵町,7124,2331,159,938.0,2331,7124,1755,0.7529,5469,0.7677,2278,0.9773,0.4515,1149.0,0.6
20413,天龍村,1178,752,160,301.0,752,1178,566,0.7527,906,0.7691,636,0.8457,0.4523,331.0,0.601
21215,山県市,25376,9147,1428,410.0,9147,25376,6885,0.7527,18224,0.7182,8373,0.9154,0.2487,2267.0,0.33
01694,羅臼町,4503,1419,295,308.0,1419,4490,1068,0.7526,3363,0.749,1408,0.9922,0.2776,412.0,0.369
12235,匝瑳市,35032,12707,2337,348.0,12707,35032,9559,0.7523,26856,0.7666,11608,0.9135,0.1815,2283.0,0.241
26465,与謝野町,20036,7509,903,532.0,7509,20036,5642,0.7514,14592,0.7283,6034,0.8036,0.2956,2230.0,0.393
07214,本宮市,30210,8582,1812,303.0,8582,30210,6445,0.751,23091,0.7643,7970,0.9287,0.173,1484.0,0.23
43208,山鹿市,49045,18611,2901,411.0,18611,49045,13970,0.7506,34701,0.7075,15619,0.8392,0.2967,5519.0,0.395
13361,大島町,7095,2713,752,231.0,2713,7095,2036,0.7505,5443,0.7672,2233,0.8231,0.5547,1505.0,0.739
15342,弥彦村,7786,2497,351,455.0,2497,7786,1870,0.7489,5720,0.7347,2497,1.0,0.1477,365.0,0.197
10211,安中市,54910,19810,2996,423.0,19810,54910,14817,0.748,39317,0.716,18163,0.9169,0.2188,4323.0,0.293
26212,京丹後市,50697,19245,2856,431.0,19245,50697,14387,0.7476,37143,0.7326,16032,0.833,0.2928,5649.0,0.392
06323,朝日町,6357,2838,497,365.0,2838,6357,2121,0.7474,4476,0.7041,2599,0.9158,0.2666,754.0,0.357
25442,甲良町,6347,2107,257,525.0,2107,6347,1574,0.747,4729,0.7451,1795,0.8519,0.2879,610.0,0.385
20430,大桑村,3439,1476,302,313.0,1476,3439,1102,0.7466,2549,0.7412,1184,0.8022,0.3264,484.0,0.437
01646,本別町,6620,2759,631,280.0,2759,6620,2060,0.7466,4790,0.7236,2257,0.8181,0.2722,750.0,0.365
04362,山元町,12036,4944,940,337.0,4944,12036,3691,0.7466,8861,0.7362,4795,0.9699,0.2718,1344.0,0.364
01457,上川町,3500,1547,270,367.0,1547,3500,1155,0.7466,2426,0.6931,1304,0.8429,0.2958,459.0,0.396
12215,旭市,63796,19841,3095,410.0,19841,63796,14810,0.7464,46821,0.7339,17563,0.8852,0.1984,3936.0,0.266
36404,板野町,13187,4392,594,473.0,4392,13187,3278,0.7464,9728,0.7377,4137,0.9419,0.3021,1322.0,0.405
21361,垂井町,26409,8277,765,692.0,8277,26409,6175,0.746,18956,0.7178,7417,0.8961,0.2638,2184.0,0.354
21362,関ケ原町,6603,2646,309,548.0,2646,6603,1974,0.746,4959,0.751,2646,1.0,0.318,842.0,0.426
01649,浦幌町,4387,1844,487,242.0,1844,4387,1375,0.7457,3173,0.7233,1548,0.8395,0.1801,336.0,0.241
29443,下市町,5045,2352,441,341.0,2352,5045,1754,0.7457,3808,0.7548,2278,0.9685,0.3417,806.0,0.458
20482,松川村,9615,3298,623,339.0,3298,9615,2459,0.7456,7168,0.7455,2999,0.9093,0.1945,643.0,0.261
04213,栗原市,64685,26139,6468,259.0,26139,64685,19483,0.7454,47141,0.7288,23558,0.9013,0.2297,6018.0,0.308
13401,八丈町,7041,2801,601,298.0,2801,7041,2087,0.7451,5099,0.7242,2093,0.7472,0.521,1459.0,0.699
26203,綾部市,31845,12316,2122,371.0,12316,31845,9171,0.7446,21748,0.6829,11100,0.9013,0.3552,4374.0,0.477
20385,南箕輪村,15808,3712,618,384.0,3712,15808,2763,0.7443,11805,0.7468,3567,0.9609,0.1957,724.0,0.263
33207,井原市,38351,14335,2614,351.0,14335,38351,10665,0.744,26932,0.7023,12019,0.8384,0.3062,4396.0,0.412
41205,伊万里市,52594,16922,2648,409.0,16868,52429,12548,0.7439,35990,0.6865,15324,0.9085,0.2159,3653.0,0.29
08226,那珂市,53652,17234,2893,381.0,17234,53652,12818,0.7438,38597,0.7194,15751,0.9139,0.255,4385.0,0.343
35204,萩市,44183,19372,2748,451.0,19356,44164,14382,0.743,30935,0.7005,16516,0.8533,0.2666,5229.0,0.359
11381,美里町,10948,3710,685,347.0,3710,10948,2756,0.7429,8091,0.739,3426,0.9235,0.1834,682.0,0.247
01642,広尾町,6385,2519,402,401.0,2519,6385,1871,0.7428,4605,0.7212,2346,0.9313,0.2845,716.0,0.383
41204,多久市,18283,6743,989,436.0,6743,18283,5008,0.7427,13098,0.7164,5934,0.88,0.2285,1543.0,0.308
01430,月形町,3688,1374,363,242.0,1374,3688,1020,0.7424,2992,0.8113,1276,0.9287,0.3116,429.0,0.42
04444,色麻町,6711,2339,607,247.0,2339,6711,1736,0.7422,4888,0.7284,2174,0.9295,0.1791,420.0,0.241
05213,北秋田市,30198,13440,1904,452.0,13440,30198,9975,0.7422,22223,0.7359,12114,0.9013,0.4026,5410.0,0.542
18404,南越前町,9921,3747,593,404.0,3747,9918,2780,0.7419,7915,0.798,3543,0.9456,0.296,1115.0,0.399
01691,別海町,14336,3974,1422,179.0,3974,14328,2948,0.7418,10941,0.7636,3474,0.8742,0.1987,793.0,0.268
40544,広川町,20093,5999,670,573.0,5999,20093,4450,0.7418,14187,0.7061,5761,0.9603,0.318,1909.0,0.429
01401,共和町,5731,1816,584,199.0,1816,5731,1347,0.7417,4089,0.7135,1745,0.9609,0.3733,682.0,0.503
32206,安来市,37080,13834,2418,366.0,13834,37080,10255,0.7413,26491,0.7144,12387,0.8954,0.2208,3055.0,0.298
07210,二本松市,53545,18377,4668,252.0,18377,53545,13611,0.7407,38423,0.7176,16433,0.8942,0.2031,3739.0,0.274
08230,かすみがうら市,40151,12836,2370,347.0,12836,40151,9504,0.7404,27003,0.6725,11493,0.8954,0.2367,3025.0,0.32
45402,新富町,16532,5223,986,339.0,5223,16532,3866,0.7402,11505,0.6959,4757,0.9108,0.1994,1048.0,0.269
44213,由布市,32731,11177,2180,328.0,11177,32731,8273,0.7402,23268,0.7109,9728,0.8704,0.2565,2872.0,0.347
31384,日吉津村,3470,980,104,603.0,980,3470,725,0.7398,2719,0.7836,889,0.9071,0.2011,198.0,0.272
05361,五城目町,8555,4099,558,470.0,4099,8555,3032,0.7397,5996,0.7009,3291,0.8029,0.4078,1647.0,0.551
19207,韮崎市,28976,8880,1356,419.0,8880,28976,6568,0.7396,20374,0.7031,7719,0.8693,0.2729,2430.0,0.369
33205,笠岡市,45854,16998,2228,488.0,16926,45672,12516,0.7395,31998,0.7006,14264,0.8427,0.3198,5457.0,0.432
08216,笠間市,73077,23406,4368,343.0,23406,73077,17300,0.7391,52536,0.7189,21346,0.912,0.261,6114.0,0.353
46530,徳之島町,9977,3317,449,473.0,3310,9928,2443,0.7381,7013,0.7064,2961,0.8946,0.475,1600.0,0.644
28221,丹波篠山市,39601,13870,2836,313.0,13870,39601,10232,0.7377,27961,0.7061,12367,0.8916,0.3885,5385.0,0.527
01362,上ノ国町,4266,1859,325,366.0,1859,4266,1371,0.7375,2780,0.6517,1495,0.8042,0.4079,762.0,0.553
39211,香南市,32122,10513,1540,437.0,10513,32122,7749,0.7371,23212,0.7226,8887,0.8453,0.2298,2402.0,0.312
01609,えりも町,4319,1432,336,273.0,1432,4314,1055,0.7367,3148,0.7297,1241,0.8666,0.2813,405.0,0.382
24216,伊賀市,89016,29010,4231,439.0,29010,89016,21362,0.7364,62272,0.6996,26213,0.9036,0.2474,7157.0,0.336
30390,印南町,7693,2849,620,294.0,2849,7693,2098,0.7364,5590,0.7266,2580,0.9056,0.38,1085.0,0.516
29442,大淀町,16713,5783,644,575.0,5783,16713,4256,0.736,13084,0.7829,5039,0.8713,0.2607,1508.0,0.354
07205,白河市,59451,17597,2774,406.0,17597,59451,12950,0.7359,41943,0.7055,15880,0.9024,0.2219,3893.0,0.302
23561,設楽町,4433,2268,611,238.0,2268,4433,1669,0.7359,3259,0.7352,1978,0.8721,0.349,790.0,0.474
41206,武雄市,47921,15076,2541,380.0,15076,47921,11092,0.7357,33419,0.6974,12459,0.8264,0.2066,3112.0,0.281
21218,本巣市,33190,9842,1481,425.0,9842,33190,7235,0.7351,23377,0.7043,8808,0.8949,0.2477,2487.0,0.337
28585,香美町,16001,6507,891,467.0,6507,15998,4782,0.7349,11304,0.7066,5186,0.797,0.3892,2542.0,0.53
01585,安平町,7340,2717,623,279.0,2717,7340,1996,0.7346,5547,0.7557,2564,0.9437,0.295,800.0,0.402
08222,鹿嶋市,66926,20718,2900,457.0,20718,66926,15213,0.7343,45622,0.6817,19112,0.9225,0.2993,6207.0,0.408
32202,浜田市,54555,19395,3794,327.0,19384,54466,14216,0.7334,38556,0.7079,16572,0.8549,0.3446,6702.0,0.47
29342,平群町,18009,7055,451,1001.0,7055,18009,5172,0.7331,12889,0.7157,5824,0.8255,0.3509,2445.0,0.479
39307,芸西村,3689,1401,210,427.0,1401,3689,1027,0.733,2524,0.6842,1066,0.7609,0.2648,394.0,0.361
28381,稲美町,30245,9717,1185,525.0,9717,30245,7121,0.7328,21370,0.7066,9018,0.9281,0.3489,3390.0,0.476
41401,有田町,19000,6718,930,462.0,6718,19000,4921,0.7325,13646,0.7182,5828,0.8675,0.2352,1580.0,0.321
39302,奈半利町,3001,1404,173,519.0,1399,2984,1024,0.732,2102,0.7044,1281,0.9157,0.3658,519.0,0.5
01436,雨竜町,2389,1015,257,253.0,1015,2389,743,0.732,1820,0.7618,1015,1.0,0.2476,250.0,0.338
21505,八百津町,10211,4118,856,308.0,4118,10211,3013,0.7317,7314,0.7163,3632,0.882,0.2777,1138.0,0.379
01559,湧別町,8270,3246,845,246.0,3246,8270,2373,0.7311,6273,0.7585,2999,0.9239,0.279,906.0,0.382
01511,猿払村,2604,617,225,176.0,617,2601,451,0.731,1875,0.7209,491,0.7958,0.2933,180.0,0.401
16209,小矢部市,29062,10841,2284,304.0,10841,29062,7923,0.7308,20856,0.7176,10053,0.9273,0.1928,2086.0,0.264
21381,神戸町,18488,6010,624,616.0,6010,18488,4392,0.7308,12260,0.6631,5489,0.9133,0.2727,1629.0,0.373
43214,阿蘇市,24919,10032,1813,354.0,10032,24919,7329,0.7306,18530,0.7436,8985,0.8956,0.305,3065.0,0.417
11383,神川町,13242,4409,781,361.0,4409,13242,3218,0.7299,9561,0.722,3704,0.8401,0.2009,880.0,0.275
37322,土庄町,12486,5453,707,494.0,5427,12391,3961,0.7299,8899,0.7182,4347,0.801,0.3266,1805.0,0.447
21383,安八町,14443,4112,584,451.0,4112,14443,2999,0.7293,9678,0.6701,3624,0.8813,0.1973,811.0,0.27
46216,日置市,47188,16604,3068,346.0,16604,47188,12101,0.7288,32473,0.6882,14853,0.8945,0.3346,5563.0,0.459
44207,津久見市,15895,7097,557,815.0,7063,15745,5144,0.7283,11124,0.7065,6171,0.8737,0.3112,2252.0,0.427
11362,皆野町,9302,3575,640,358.0,3575,9302,2603,0.7281,6660,0.716,2668,0.7463,0.1804,645.0,0.248
33445,里庄町,11164,3537,411,551.0,3537,11164,2572,0.7272,8042,0.7204,3087,0.8728,0.3312,1144.0,0.455
43428,高森町,5785,2498,589,271.0,2498,5785,1816,0.727,3814,0.6593,1921,0.769,0.3346,837.0,0.46
46215,薩摩川内市,92312,29684,5599,339.0,29672,92294,21571,0.727,61460,0.6659,26772,0.9023,0.3634,10793.0,0.5
24208,名張市,76135,24768,1918,826.0,24768,76135,18004,0.7269,54240,0.7124,22987,0.9281,0.2519,6257.0,0.347
01581,厚真町,4432,1618,609,170.0,1618,4432,1176,0.7268,3096,0.6986,1363,0.8424,0.323,521.0,0.444
06428,庄内町,20143,7590,905,537.0,7590,20143,5516,0.7267,14389,0.7143,6641,0.875,0.2049,1553.0,0.282
36205,吉野川市,38734,14661,2081,451.0,14661,38734,10642,0.7259,27852,0.7191,13197,0.9001,0.3087,4528.0,0.425
01304,新篠津村,3038,1134,360,202.0,1134,3038,823,0.7257,2158,0.7103,989,0.8721,0.226,258.0,0.311
02361,藤崎町,14483,4766,631,483.0,4766,14483,3458,0.7256,10624,0.7335,4212,0.8838,0.3751,1799.0,0.517
43205,水俣市,23344,9519,1157,527.0,9519,23344,6904,0.7253,16522,0.7078,7237,0.7603,0.3304,3180.0,0.456
20209,伊那市,66143,20668,3513,377.0,20668,66143,14974,0.7245,45706,0.691,18604,0.9001,0.1978,4087.0,0.273
20321,軽井沢町,19223,6163,1661,237.0,6163,19223,4464,0.7243,14128,0.735,5461,0.8861,0.2401,1476.0,0.331
01456,愛別町,2605,1206,285,271.0,1206,2605,873,0.7239,1830,0.7025,899,0.7454,0.3009,363.0,0.416
08228,坂東市,52314,15781,3516,287.0,15781,52314,11423,0.7238,36675,0.7011,14008,0.8876,0.1934,3050.0,0.267
35321,和木町,5931,1622,122,851.0,1622,5931,1174,0.7238,3993,0.6732,1494,0.9211,0.2578,424.0,0.356
03203,大船渡市,34713,13050,1980,422.0,13050,34701,9443,0.7236,24617,0.7094,11238,0.8611,0.2456,3206.0,0.339
33212,瀬戸内市,35878,12378,1751,452.0,12356,35858,8941,0.7236,25180,0.7022,11224,0.9084,0.3186,3957.0,0.44
34203,竹原市,23853,10026,1182,543.0,10026,23853,7253,0.7234,17356,0.7276,8727,0.8704,0.3188,3215.0,0.441
40212,大川市,33006,11659,1191,627.0,11659,33006,8430,0.723,23765,0.72,10565,0.9062,0.2977,3511.0,0.412
10208,渋川市,74669,26290,3682,457.0,26290,74669,19004,0.7229,53623,0.7181,24176,0.9196,0.1868,4910.0,0.258
22461,森町,17439,6162,941,419.0,6162,17439,4452,0.7225,12588,0.7218,5168,0.8387,0.2704,1622.0,0.374
23221,新城市,44365,16026,2899,354.0,16026,44365,11571,0.722,30775,0.6937,14473,0.9031,0.2648,4245.0,0.367
36341,石井町,24908,8195,1037,506.0,8195,24908,5910,0.7212,17292,0.6942,7180,0.8761,0.2834,2324.0,0.393
15210,十日町市,49820,19842,2598,489.0,19842,49820,14305,0.7209,34703,0.6966,17375,0.8757,0.2425,4810.0,0.336
24210,亀山市,49865,12762,1616,505.0,12762,49865,9200,0.7209,35934,0.7206,10919,0.8556,0.2322,2966.0,0.322
10421,中之条町,15404,6302,1260,320.0,6302,15404,4541,0.7206,10530,0.6836,5312,0.8429,0.2516,1584.0,0.349
01363,厚沢部町,3592,1535,421,233.0,1535,3592,1106,0.7205,2524,0.7027,1203,0.7837,0.295,454.0,0.409
06208,村山市,22418,8892,1165,488.0,8892,22418,6407,0.7205,14915,0.6653,8111,0.9122,0.2184,1945.0,0.303
08564,利根町,15270,6876,522,843.0,6876,15270,4954,0.7205,10528,0.6895,5756,0.8371,0.2912,2010.0,0.404
39206,須崎市,20565,8368,1141,469.0,8294,20447,5973,0.7202,14398,0.7042,6889,0.8306,0.263,2198.0,0.365
45382,国富町,18385,6861,1100,399.0,6861,18385,4935,0.7193,12648,0.688,5366,0.7821,0.2377,1629.0,0.33
04406,利府町,35354,8624,688,802.0,8624,35352,6202,0.7192,23901,0.6761,7495,0.8691,0.21,1816.0,0.292
12223,鴨川市,31993,12310,2142,368.0,12290,31945,8837,0.719,22572,0.7066,10855,0.8832,0.3432,4247.0,0.477
15225,魚沼市,34483,12898,1977,418.0,12898,34483,9274,0.719,23821,0.6908,10588,0.8209,0.2383,3074.0,0.331
34212,東広島市,196457,45688,8434,347.0,45668,196410,32822,0.7187,115524,0.5882,39480,0.8645,0.3309,15134.0,0.46
36383,牟岐町,3716,2008,272,472.0,2008,3708,1443,0.7186,2623,0.7074,1557,0.7754,0.3859,778.0,0.537
39203,安芸市,16226,6643,814,522.0,6632,16194,4764,0.7183,11185,0.6907,5302,0.7995,0.2816,1869.0,0.392
16322,上市町,19353,7210,1051,439.0,7210,19353,5178,0.7182,13741,0.71,6460,0.896,0.2271,1635.0,0.316
15208,小千谷市,34096,12072,1366,566.0,12072,34096,8668,0.718,22807,0.6689,10066,0.8338,0.199,2406.0,0.277
06302,中山町,10747,3828,346,708.0,3828,10747,2744,0.7168,7085,0.6593,3701,0.9668,0.1767,678.0,0.246
09206,日光市,77674,27850,4782,373.0,27850,77674,19954,0.7165,55446,0.7138,23860,0.8567,0.2768,7709.0,0.386
22219,下田市,20079,8489,1106,491.0,8478,20057,6072,0.7162,14386,0.7173,6741,0.7951,0.3778,3224.0,0.527
01370,今金町,5072,2078,494,269.0,2078,5072,1488,0.7161,3736,0.7366,1844,0.8874,0.3674,767.0,0.513
03321,紫波町,32060,10110,2490,260.0,10110,32060,7240,0.7161,21116,0.6586,9300,0.9199,0.1676,1691.0,0.234
01454,当麻町,6317,2669,678,252.0,2669,6317,1910,0.7156,4201,0.665,2029,0.7602,0.2834,754.0,0.396
44206,臼杵市,35703,14664,1969,477.0,14648,35680,10482,0.7156,24149,0.6768,12181,0.8316,0.2483,3682.0,0.347
45383,綾町,6920,2542,459,354.0,2542,6920,1819,0.7156,4617,0.6672,2115,0.832,0.2266,579.0,0.317
01586,むかわ町,7651,3110,846,235.0,3110,7651,2223,0.7148,5221,0.6824,2687,0.864,0.2758,861.0,0.386
05211,潟上市,31702,11220,1330,540.0,11220,31702,8019,0.7147,22290,0.7031,10509,0.9366,0.3696,4147.0,0.517
39209,土佐清水市,12262,6133,780,503.0,6133,12261,4382,0.7145,8756,0.7141,5037,0.8213,0.3198,2002.0,0.448
24215,志摩市,45718,18709,2487,481.0,18673,45588,13342,0.7145,32737,0.7181,16567,0.8872,0.2871,5403.0,0.402
46203,鹿屋市,101116,29906,5674,337.0,29900,101082,21356,0.7142,64244,0.6356,26439,0.8842,0.3647,10916.0,0.511
10382,下仁田町,6576,3336,606,352.0,3336,6576,2380,0.7134,4703,0.7152,2931,0.8786,0.1895,633.0,0.266
11408,寄居町,32200,10839,1618,429.0,10839,32200,7733,0.7134,23077,0.7167,9720,0.8968,0.2202,2401.0,0.309
32528,隠岐の島町,13211,5517,941,375.0,5467,13100,3900,0.7134,9674,0.7385,4696,0.859,0.4601,2563.0,0.645
37324,小豆島町,13553,6007,733,524.0,5973,13480,4261,0.7134,9636,0.7148,5029,0.842,0.3476,2127.0,0.487
41209,嬉野市,25853,9203,1538,383.0,9203,25853,6557,0.7125,17531,0.6781,7425,0.8068,0.2263,2086.0,0.318
07213,伊達市,58122,20901,3663,365.0,20901,58122,14885,0.7122,38706,0.6659,17815,0.8524,0.2008,4219.0,0.282
01663,浜中町,5476,1755,574,196.0,1749,5459,1245,0.7118,3950,0.7236,1492,0.8531,0.2347,413.0,0.33
24324,東員町,25892,8101,621,835.0,8101,25892,5764,0.7115,17766,0.6862,7054,0.8708,0.1778,1424.0,0.25
40210,八女市,60585,22022,3245,434.0,22022,60585,15663,0.7112,40266,0.6646,18720,0.8501,0.2796,6162.0,0.393
01463,占冠村,1306,308,108,183.0,308,1306,219,0.711,1020,0.781,308,1.0,0.5478,167.0,0.77
41341,基山町,17356,5524,449,787.0,5524,17356,3924,0.7104,11782,0.6788,5208,0.9428,0.2748,1469.0,0.387
16210,南砺市,47878,18795,4146,290.0,18795,47878,13344,0.71,34724,0.7253,16240,0.8641,0.207,3881.0,0.292
01405,積丹町,1829,859,180,305.0,854,1827,606,0.7096,1295,0.7088,854,1.0,0.454,390.0,0.64
43213,宇城市,57249,19992,2922,438.0,19864,56987,14086,0.7091,37640,0.6605,17828,0.8975,0.285,5677.0,0.402
40402,鞍手町,15080,5932,696,545.0,5932,15080,4205,0.7089,10617,0.704,4893,0.8248,0.2871,1698.0,0.405
07208,喜多方市,44756,16482,2485,424.0,16482,44756,11681,0.7087,30790,0.688,14534,0.8818,0.2168,3572.0,0.306
09386,高根沢町,29272,7434,1724,276.0,7434,29272,5268,0.7086,16224,0.5542,6145,0.8266,0.2653,1966.0,0.374
08211,常総市,60824,18333,3033,387.0,18333,60824,12985,0.7083,40096,0.6592,15575,0.8496,0.2201,4032.0,0.311
09210,大田原市,72710,20792,4745,280.0,20792,72710,14725,0.7082,49194,0.6766,17929,0.8623,0.2852,5910.0,0.403
12403,九十九里町,14719,5958,873,437.0,5958,14719,4215,0.7075,10525,0.7151,5266,0.8839,0.2202,1304.0,0.311
02441,三戸町,9068,3760,726,331.0,3760,9068,2659,0.7072,6187,0.6823,3410,0.9069,0.4004,1515.0,0.566
01227,歌志内市,2990,1589,183,556.0,1589,2990,1123,0.7067,1951,0.6525,1476,0.9289,0.4301,685.0,0.609
05204,大館市,69238,26996,3051,566.0,26996,69238,19078,0.7067,47297,0.6831,24834,0.9199,0.3731,10074.0,0.528
43424,小国町,6621,2781,654,272.0,2781,6621,1963,0.7059,4631,0.6994,2324,0.8357,0.2811,780.0,0.398
32441,川本町,3257,1458,398,234.0,1458,3257,1029,0.7058,2428,0.7455,1187,0.8141,0.3667,525.0,0.52
31302,岩美町,10757,4036,521,496.0,4036,10757,2848,0.7056,7289,0.6776,3271,0.8105,0.2587,1049.0,0.367
30344,高野町,2970,1202,230,334.0,1202,2970,848,0.7055,1971,0.6636,953,0.7928,0.4931,602.0,0.699
04361,亘理町,33097,10389,1401,475.0,10389,33097,7324,0.705,22570,0.6819,9252,0.8906,0.2355,2446.0,0.334
01647,足寄町,6566,2603,580,287.0,2603,6566,1834,0.7046,4375,0.6663,2235,0.8586,0.2873,752.0,0.408
35210,光市,49627,17773,1793,634.0,17772,49613,12523,0.7046,32408,0.6532,16145,0.9085,0.2223,3965.0,0.315
04208,角田市,27974,9980,2166,295.0,9980,27974,7030,0.7044,18478,0.6605,8649,0.8666,0.2144,2147.0,0.304
01433,妹背牛町,2689,1274,262,311.0,1274,2689,897,0.7041,1962,0.7296,1040,0.8163,0.3838,487.0,0.545
40228,朝倉市,50294,17505,2448,458.0,17505,50294,12319,0.7037,34030,0.6766,15017,0.8579,0.2928,5130.0,0.416
10464,玉村町,35900,9176,894,657.0,9176,35900,6451,0.703,24545,0.6837,8492,0.9255,0.2116,1949.0,0.301
43368,長洲町,15324,5486,571,615.0,5486,15319,3856,0.7029,10982,0.7169,4230,0.7711,0.3201,1758.0,0.455
40384,遠賀町,18774,6513,546,763.0,6513,18774,4570,0.7017,13260,0.7063,6274,0.9633,0.2849,1851.0,0.406
43211,宇土市,35936,10833,1291,537.0,10833,35929,7602,0.7017,24948,0.6944,9434,0.8709,0.276,3004.0,0.393
01578,白老町,16202,7438,926,514.0,7438,16202,5218,0.7015,11026,0.6805,6630,0.8914,0.361,2682.0,0.515
40383,岡垣町,30988,10295,826,798.0,10295,30988,7221,0.7014,19983,0.6449,8964,0.8707,0.3494,3601.0,0.498
06324,大江町,7632,3035,467,416.0,3035,7632,2128,0.7012,5355,0.7017,3035,1.0,0.225,683.0,0.321
23445,南知多町,16439,6377,556,734.0,6321,16307,4428,0.7005,11366,0.697,5729,0.9063,0.3104,2002.0,0.443
29208,御所市,24377,10170,1096,594.0,10170,24377,7112,0.6993,16562,0.6794,8687,0.8542,0.3272,3305.0,0.468
31370,湯梨浜町,16030,5138,618,532.0,5138,16030,3592,0.6991,10421,0.6501,4158,0.8093,0.2593,1333.0,0.371
01550,置戸町,2763,1255,303,265.0,1255,2763,877,0.6988,1974,0.7144,981,0.7817,0.2935,365.0,0.42
09214,さくら市,44470,11715,2312,324.0,11715,44470,8187,0.6988,30959,0.6962,10971,0.9365,0.2781,3263.0,0.398
39210,四万十市,32688,12010,2132,361.0,12010,32688,8391,0.6987,22528,0.6892,9606,0.7998,0.251,3017.0,0.359
29362,三宅町,6404,2306,170,868.0,2306,6404,1610,0.6982,4410,0.6886,2306,1.0,0.4132,963.0,0.592
11346,川島町,19366,6965,893,499.0,6965,19366,4861,0.6979,13346,0.6891,6597,0.9472,0.2153,1501.0,0.309
25203,長浜市,113640,32353,3715,557.0,32353,113640,22537,0.6966,72374,0.6369,27469,0.849,0.3068,9925.0,0.44
02362,大鰐町,8679,3778,408,593.0,3778,8679,2631,0.6964,6171,0.711,2930,0.7755,0.3717,1402.0,0.534
01461,中富良野町,4733,1746,523,214.0,1746,4733,1216,0.6964,3342,0.7061,1492,0.8545,0.276,478.0,0.396
19204,都留市,30950,8765,1079,520.0,8765,30950,6103,0.6963,20850,0.6737,7542,0.8605,0.3619,3174.0,0.52
20210,駒ヶ根市,32208,9953,1734,367.0,9953,32208,6927,0.696,21689,0.6734,8873,0.8915,0.2029,2013.0,0.292
40204,直方市,56224,19085,1589,769.0,19085,56224,13283,0.696,36900,0.6563,16617,0.8707,0.325,6176.0,0.467
07301,桑折町,11517,4358,586,476.0,4358,11517,3027,0.6946,7844,0.6811,4111,0.9433,0.198,861.0,0.285
20521,坂城町,14004,5054,591,547.0,5054,14004,3510,0.6945,9659,0.6897,4353,0.8613,0.1884,945.0,0.271
01215,美唄市,20460,8691,1290,431.0,8691,20460,6034,0.6943,13590,0.6642,8025,0.9234,0.3789,3275.0,0.546
39204,南国市,46686,14857,2067,460.0,14857,46686,10314,0.6942,29398,0.6297,13379,0.9005,0.2081,3091.0,0.3
01602,平取町,4770,1657,593,179.0,1657,4770,1150,0.694,3499,0.7335,1331,0.8033,0.3071,516.0,0.442
06401,小国町,7107,2882,587,314.0,2882,7107,2000,0.694,5035,0.7085,2311,0.8019,0.3347,965.0,0.482
16205,氷見市,43755,17333,2428,457.0,17333,43751,12025,0.6938,30334,0.6933,14110,0.8141,0.2124,3694.0,0.306
07308,川俣町,12158,5064,1117,290.0,5064,12158,3512,0.6935,8564,0.7044,4523,0.8932,0.2128,1085.0,0.307
12443,御宿町,6872,3567,392,582.0,3567,6863,2472,0.693,4600,0.6703,3088,0.8657,0.3717,1327.0,0.536
19368,富士川町,14258,4942,577,548.0,4942,14258,3423,0.6926,9276,0.6506,4269,0.8638,0.2783,1372.0,0.402
12421,一宮町,11784,3860,650,380.0,3860,11784,2672,0.6922,8336,0.7074,3257,0.8438,0.3002,1168.0,0.434
17361,津幡町,36766,9006,998,578.0,9006,36766,6231,0.6919,23786,0.647,8047,0.8935,0.1557,1407.0,0.225
03205,花巻市,93207,32251,7355,281.0,32251,93207,22273,0.6906,59719,0.6407,27345,0.8479,0.1974,6361.0,0.286
20382,辰野町,18500,6969,877,509.0,6969,18500,4812,0.6905,12385,0.6695,5582,0.801,0.1917,1342.0,0.278
40207,柳川市,64379,21560,2399,575.0,21560,64379,14887,0.6905,44305,0.6882,19189,0.89,0.2875,6203.0,0.416
28205,洲本市,41178,15087,2547,379.0,15080,41153,10410,0.6903,28274,0.687,12799,0.8487,0.4248,6444.0,0.615
08214,高萩市,27714,9916,1040,610.0,9916,27714,6843,0.6901,18701,0.6748,8593,0.8666,0.2918,2889.0,0.423
18322,永平寺町,18921,5624,723,498.0,5624,18921,3877,0.6894,12685,0.6704,4639,0.8249,0.4179,2357.0,0.606
26205,宮津市,16551,7180,766,600.0,7159,16513,4935,0.6893,10823,0.6554,5435,0.7592,0.3634,2633.0,0.527
26201,福知山市,77303,22944,3501,419.0,22944,77303,15812,0.6892,47730,0.6174,18893,0.8234,0.3174,7292.0,0.461
20217,佐久市,98242,30208,4304,449.0,30208,98242,20815,0.6891,64979,0.6614,25390,0.8405,0.2291,6912.0,0.332
27361,熊取町,43619,12428,573,1388.0,12428,43619,8555,0.6884,27854,0.6386,11477,0.9235,0.3909,4865.0,0.568
40220,宗像市,96936,28248,2241,807.0,28248,96936,19434,0.688,62722,0.647,23892,0.8458,0.3466,9801.0,0.504
21204,多治見市,106608,33320,2263,942.0,33320,106608,22913,0.6877,70093,0.6575,28888,0.867,0.2829,9428.0,0.411
42391,佐々町,13901,3918,513,489.0,3918,13901,2694,0.6876,9588,0.6897,3055,0.7797,0.3859,1514.0,0.561
07209,相馬市,34857,10790,2050,337.0,10790,34857,7418,0.6875,22931,0.6579,9632,0.8927,0.2348,2533.0,0.341
34204,三原市,90485,32173,4426,465.0,32119,90318,22074,0.6873,56222,0.6225,25407,0.791,0.2965,9541.0,0.431
36202,鳴門市,54470,19000,1977,615.0,18945,54230,13018,0.6871,36180,0.6672,15226,0.8037,0.2988,5714.0,0.435
15212,村上市,57218,22540,2541,568.0,22488,57133,15446,0.6869,37418,0.6549,19039,0.8466,0.2277,5149.0,0.331
01639,更別村,3080,977,303,206.0,977,3080,670,0.6858,2271,0.7373,846,0.8659,0.2421,235.0,0.353
45204,日南市,50737,19556,2547,491.0,19552,50709,13408,0.6858,32845,0.6477,16522,0.845,0.2943,5769.0,0.429
03215,奥州市,112936,39989,9409,272.0,39989,112936,27416,0.6856,71553,0.6336,34933,0.8736,0.2069,8275.0,0.302
37206,さぬき市,46835,17336,2789,398.0,17329,46830,11873,0.6852,31590,0.6746,14331,0.827,0.2545,4420.0,0.371
30428,串本町,14850,6881,862,511.0,6870,14833,4706,0.685,10226,0.6894,5612,0.8169,0.4796,3324.0,0.7
08227,筑西市,100646,31888,5056,404.0,31888,100646,21830,0.6846,65940,0.6552,27411,0.8596,0.2159,6909.0,0.315
03216,滝沢市,55481,14155,1826,496.0,14155,55481,9689,0.6845,33976,0.6124,12425,0.8778,0.2519,3567.0,0.368
33208,総社市,69037,19426,2408,516.0,19426,69037,13297,0.6845,40882,0.5922,16526,0.8507,0.3119,6052.0,0.456
01429,栗山町,11272,4616,794,372.0,4616,11272,3157,0.6839,7526,0.6677,3867,0.8377,0.2483,1151.0,0.363
04205,気仙沼市,61060,23398,3883,386.0,23398,61058,15997,0.6837,40416,0.6619,20200,0.8633,0.2876,6741.0,0.421
10525,邑楽町,25688,8268,1023,517.0,8268,25688,5653,0.6837,16678,0.6493,7446,0.9006,0.1806,1488.0,0.264
01607,浦河町,12017,4080,896,291.0,4065,12001,2777,0.6831,7867,0.6555,3853,0.9478,0.3375,1383.0,0.494
41208,小城市,43953,12600,1650,489.0,12600,43953,8606,0.683,30025,0.6831,10235,0.8123,0.1888,2379.0,0.276
01459,美瑛町,9665,3763,784,307.0,3763,9665,2569,0.6827,6727,0.696,2744,0.7292,0.2851,1069.0,0.418
23231,田原市,59354,16707,2526,423.0,16707,59336,11405,0.6826,38191,0.6436,14381,0.8608,0.2694,4498.0,0.395
05203,横手市,85524,33397,4990,428.0,33397,85524,22769,0.6818,56377,0.6592,29917,0.8958,0.335,11188.0,0.491
03202,宮古市,50369,19010,2615,465.0,19003,50350,12952,0.6816,33694,0.6692,15824,0.8327,0.3188,6070.0,0.468
08235,つくばみらい市,50096,13176,1724,489.0,13176,50096,8978,0.6814,29976,0.5984,12002,0.9109,0.3095,4071.0,0.454
08220,つくば市,241488,45669,7082,413.0,45669,241488,31097,0.6809,127184,0.5267,41594,0.9108,0.3785,17297.0,0.556
20563,野沢温泉村,3279,1256,152,529.0,1256,3279,855,0.6807,2135,0.6511,1256,1.0,0.2874,361.0,0.422
01584,洞爺湖町,8427,3663,541,433.0,3663,8427,2490,0.6798,5662,0.6719,3466,0.9462,0.4112,1513.0,0.605
12239,大網白里市,48070,15743,1952,516.0,15743,48070,10701,0.6797,30187,0.628,13041,0.8284,0.2639,4162.0,0.388
46210,指宿市,38953,15409,1803,547.0,15400,38922,10467,0.6797,25064,0.644,13028,0.846,0.3799,5855.0,0.559
47328,中城村,22845,4341,474,586.0,4341,22841,2949,0.6793,11469,0.5021,3683,0.8484,0.2719,1118.0,0.4
25213,東近江市,112754,30175,3194,605.0,30175,112754,20480,0.6787,70907,0.6289,26496,0.8781,0.3229,9754.0,0.476
04206,白石市,32768,11663,2130,350.0,11663,32768,7908,0.678,20646,0.6301,9737,0.8349,0.2405,2802.0,0.355
05363,八郎潟町,5566,2417,243,637.0,2417,5566,1638,0.6777,3872,0.6957,2395,0.9909,0.39,966.0,0.575
07421,会津坂下町,15044,5520,739,478.0,5520,15044,3739,0.6774,9384,0.6238,5062,0.917,0.2024,1118.0,0.299
01218,赤平市,9700,4661,509,586.0,4661,9700,3157,0.6773,6389,0.6587,4006,0.8595,0.3811,1779.0,0.563
04501,涌谷町,15364,5767,1207,306.0,5767,15364,3903,0.6768,10277,0.6689,4977,0.863,0.226,1310.0,0.334
01664,標茶町,7238,2465,770,205.0,2465,7238,1668,0.6767,4974,0.6872,2114,0.8576,0.2185,541.0,0.323
01544,津別町,4373,1981,388,327.0,1981,4373,1340,0.6764,2938,0.6718,1679,0.8476,0.3586,709.0,0.53
05210,由利本荘市,74702,27786,4345,409.0,27786,74698,18791,0.6763,46945,0.6285,23843,0.8581,0.3162,8785.0,0.468
19212,上野原市,22660,8252,1077,490.0,8252,22660,5580,0.6762,14108,0.6226,6498,0.7874,0.3461,2857.0,0.512
11348,鳩山町,13659,6260,535,749.0,6260,13659,4228,0.6754,8845,0.6476,4789,0.765,0.2604,1621.0,0.386
19425,山中湖村,5257,1767,459,246.0,1767,5257,1193,0.6752,3507,0.6671,1669,0.9445,0.1925,333.0,0.285
29207,五條市,27865,10388,1776,374.0,10388,27865,7010,0.6748,18586,0.667,8606,0.8285,0.2507,2597.0,0.371
23232,愛西市,61475,19481,2051,608.0,19481,61475,13144,0.6747,39928,0.6495,16627,0.8535,0.2981,5721.0,0.442
01520,幌延町,2371,682,186,235.0,682,2371,460,0.6745,1483,0.6255,492,0.7214,0.2622,179.0,0.389
21214,可児市,100011,27843,2294,777.0,27843,100011,18776,0.6744,60965,0.6096,23320,0.8376,0.2729,7576.0,0.405
35216,山陽小野田市,60216,20438,2193,596.0,20433,60182,13780,0.6744,38693,0.6429,16831,0.8237,0.2066,4225.0,0.306
04322,村田町,10612,3762,918,262.0,3762,10612,2533,0.6733,7178,0.6764,3243,0.862,0.2386,903.0,0.354
41207,鹿島市,27844,9124,1265,462.0,9116,27836,6138,0.6733,17937,0.6444,7754,0.8506,0.2024,1850.0,0.301
42204,諫早市,133468,40772,4528,576.0,40772,133464,27448,0.6732,85741,0.6424,33513,0.822,0.3777,15448.0,0.561
01465,剣淵町,2926,1199,399,192.0,1199,2926,807,0.6731,1878,0.6418,1066,0.8891,0.3441,412.0,0.511
21212,土岐市,55379,17699,1766,641.0,17699,55379,11914,0.6731,35910,0.6484,15061,0.851,0.2746,4858.0,0.408
08205,石岡市,72991,24109,4084,378.0,24109,72991,16222,0.6729,47874,0.6559,20925,0.8679,0.2486,5960.0,0.369
25211,湖南市,54385,13347,1002,853.0,13347,54385,8981,0.6729,33888,0.6231,11406,0.8546,0.3137,4200.0,0.466
30391,みなべ町,11816,3932,711,354.0,3920,11787,2637,0.6727,8060,0.6838,3150,0.8036,0.3082,1211.0,0.458
01346,八雲町,15748,5509,902,391.0,5496,15732,3696,0.6725,9740,0.6191,4946,0.8999,0.3204,1773.0,0.476
01483,苫前町,2930,1190,291,262.0,1190,2930,800,0.6723,1905,0.6502,1190,1.0,0.4327,513.0,0.644
24341,菰野町,40397,10516,1456,462.0,10516,40397,7061,0.6715,25978,0.6431,9423,0.8961,0.208,2211.0,0.31
05368,大潟村,3011,954,97,629.0,954,3011,640,0.6709,1939,0.644,693,0.7264,0.2943,281.0,0.439
01432,新十津川町,6484,2653,556,305.0,2653,6484,1779,0.6706,4193,0.6467,2207,0.8319,0.3422,912.0,0.51
01662,厚岸町,8892,3178,629,323.0,3178,8887,2130,0.6702,6189,0.6964,2790,0.8779,0.2782,885.0,0.415
01552,佐呂間町,4875,1921,562,219.0,1921,4875,1286,0.6694,3414,0.7003,1822,0.9485,0.3212,618.0,0.48
46218,霧島市,122999,33781,5442,397.0,33781,122999,22613,0.6694,74313,0.6042,28351,0.8393,0.3271,11090.0,0.489
28212,赤穂市,45767,15039,1235,779.0,15029,45750,10056,0.6691,27647,0.6043,12097,0.8049,0.4014,6059.0,0.6
07207,須賀川市,74907,21153,3318,408.0,21153,74907,14148,0.6688,47543,0.6347,18981,0.8973,0.1884,3992.0,0.282
01547,小清水町,4623,1765,466,242.0,1765,4623,1180,0.6686,3121,0.6751,1437,0.8142,0.2336,414.0,0.349
26366,精華町,36588,9088,576,1010.0,9088,36588,6071,0.668,23840,0.6516,7944,0.8741,0.3576,3231.0,0.535
22223,御前崎市,31065,9559,1560,392.0,9559,31065,6384,0.6679,20244,0.6517,7426,0.7769,0.2422,2310.0,0.363
04505,美里町,24081,8568,1186,462.0,8568,24081,5722,0.6678,16484,0.6845,7526,0.8784,0.2642,2258.0,0.396
02208,むつ市,53899,18155,2255,515.0,18146,53844,12109,0.6673,35528,0.6598,16071,0.8856,0.3752,6847.0,0.562
28226,淡路市,41508,16120,2958,349.0,16120,41500,10755,0.6672,26732,0.6441,13600,0.8437,0.4573,7439.0,0.685
40213,行橋市,71231,21612,2165,639.0,21612,71230,14413,0.6669,46504,0.6529,18214,0.8428,0.3317,7180.0,0.497
12226,富津市,42340,16068,2601,395.0,16068,42334,10713,0.6667,26588,0.6281,13911,0.8658,0.2714,4375.0,0.407
15205,柏崎市,81485,27312,3450,507.0,27302,81463,18196,0.6665,50648,0.6217,24951,0.9139,0.2431,6661.0,0.365
28213,西脇市,38658,12971,1557,533.0,12971,38658,8643,0.6663,24453,0.6325,11443,0.8822,0.3176,4120.0,0.477
47306,今帰仁村,8868,3020,689,281.0,3020,8806,2010,0.6656,5277,0.5993,2360,0.7815,0.2564,774.0,0.385
30341,かつらぎ町,15980,6515,1016,410.0,6515,15980,4336,0.6655,10422,0.6522,4986,0.7653,0.328,2108.0,0.493
01514,枝幸町,7543,2687,547,314.0,2687,7543,1788,0.6654,4749,0.6296,2160,0.8039,0.2659,717.0,0.4
14361,中井町,9310,3294,348,606.0,3294,9310,2191,0.6651,5806,0.6236,2995,0.9092,0.2906,960.0,0.437
28208,相生市,28288,10401,830,802.0,10401,28288,6917,0.665,17686,0.6252,9075,0.8725,0.3574,3722.0,0.537
39363,土佐町,3752,1802,423,273.0,1802,3752,1197,0.6643,2581,0.6879,1211,0.672,0.2306,415.0,0.347
18481,高浜町,10181,3266,442,473.0,3266,10181,2169,0.6641,7186,0.7058,2762,0.8457,0.4283,1407.0,0.645
44205,佐伯市,66340,27134,3342,520.0,27085,66249,17968,0.6634,39150,0.591,21750,0.803,0.2764,7560.0,0.417
15461,湯沢町,7767,2958,412,459.0,2958,7767,1958,0.6619,4860,0.6257,2840,0.9601,0.3162,935.0,0.478
01399,京極町,2941,1110,227,313.0,1110,2941,734,0.6613,1846,0.6277,863,0.7775,0.2714,302.0,0.41
20211,中野市,42313,13651,1716,509.0,13651,42313,9026,0.6612,26383,0.6235,12128,0.8884,0.186,2542.0,0.281
09301,上三川町,31123,7373,1417,333.0,7373,31123,4874,0.6611,18913,0.6077,6508,0.8827,0.234,1699.0,0.354
35208,岩国市,129110,46094,5230,564.0,46034,128978,30434,0.6611,76426,0.5926,37371,0.8118,0.2457,11332.0,0.372
22344,小山町,18600,5586,772,463.0,5586,18600,3692,0.6609,11127,0.5982,4718,0.8446,0.252,1404.0,0.381
33204,玉野市,56367,21731,1716,810.0,21669,56258,14322,0.6609,35837,0.637,18654,0.8609,0.2872,6254.0,0.435
31325,若桜町,2863,1393,205,435.0,1393,2863,920,0.6604,1984,0.693,920,0.6604,0.2863,399.0,0.433
15216,糸魚川市,40566,16242,1854,561.0,16242,40543,10720,0.66,24761,0.6107,13607,0.8378,0.2581,4206.0,0.391
30401,白浜町,20120,7978,1057,483.0,7969,20111,5258,0.6598,13509,0.6717,6129,0.7691,0.3979,3190.0,0.603
22302,河津町,6828,2932,494,380.0,2926,6809,1930,0.6596,4209,0.6182,2598,0.8879,0.3907,1156.0,0.592
40421,桂川町,12924,4526,448,647.0,4526,12924,2978,0.658,8507,0.6582,3693,0.816,0.3352,1516.0,0.509
12213,東金市,58059,17091,2278,480.0,17091,58059,11221,0.6565,35808,0.6168,14806,0.8663,0.2432,4174.0,0.37
13305,日の出町,17055,6422,435,945.0,6422,17055,4216,0.6565,10407,0.6102,5527,0.8606,0.4308,2816.0,0.656
18210,坂井市,88290,25366,2714,598.0,25366,88290,16639,0.656,57414,0.6503,21453,0.8457,0.3148,8007.0,0.48
01392,寿都町,2775,1159,215,345.0,1159,2775,760,0.6557,1588,0.5723,1159,1.0,0.455,531.0,0.694
22222,伊豆市,28172,11988,1850,415.0,11988,28172,7860,0.6557,18077,0.6417,9788,0.8165,0.333,3996.0,0.508
40642,吉富町,6486,2094,222,604.0,2094,6486,1373,0.6557,4015,0.619,1869,0.8926,0.3162,669.0,0.482
10210,富岡市,47503,16323,2189,477.0,16323,47503,10700,0.6555,30951,0.6516,14202,0.8701,0.1978,3230.0,0.302
32203,出雲市,172668,51880,8283,401.0,51880,172665,33982,0.655,104201,0.6035,42554,0.8202,0.2499,12980.0,0.381
21208,瑞浪市,37145,11640,1775,420.0,11640,37145,7622,0.6548,21540,0.5799,10462,0.8988,0.2857,3326.0,0.436
01371,せたな町,7328,3449,742,297.0,3449,7323,2255,0.6538,4705,0.6425,2495,0.7234,0.4309,1500.0,0.659
12211,成田市,132463,31394,3830,525.0,31394,132463,20521,0.6537,72871,0.5501,27723,0.8831,0.2986,9360.0,0.457
01434,秩父別町,2329,981,235,267.0,981,2329,641,0.6534,1443,0.6196,834,0.8502,0.2372,234.0,0.363
22305,松崎町,6038,2948,373,506.0,2920,5992,1908,0.6534,3869,0.6457,2475,0.8476,0.4035,1190.0,0.618
01546,清里町,3887,1497,357,268.0,1497,3887,977,0.6526,2496,0.6421,1335,0.8918,0.2503,371.0,0.383
29211,葛城市,36659,10286,852,773.0,10286,36659,6711,0.6524,22216,0.606,8628,0.8388,0.3121,3227.0,0.478
02206,十和田市,60385,20312,3087,421.0,20312,60385,13243,0.652,37099,0.6144,17567,0.8649,0.3569,7253.0,0.547
39301,東洋町,2154,1110,165,431.0,1103,2140,719,0.6519,1397,0.6528,770,0.6981,0.4459,498.0,0.684
16206,滑川市,32255,9695,1467,423.0,9695,32255,6309,0.6507,21112,0.6545,8487,0.8754,0.231,2251.0,0.355
19424,忍野村,9097,1766,358,316.0,1766,9097,1149,0.6506,6613,0.7269,1375,0.7786,0.2508,454.0,0.386
28443,福崎町,19038,5296,706,480.0,5296,19038,3445,0.6505,11511,0.6046,4534,0.8561,0.3373,1840.0,0.519
30422,太地町,2777,1253,127,631.0,1253,2771,815,0.6504,1964,0.7088,872,0.6959,0.4981,623.0,0.766
40211,筑後市,49070,13547,1393,622.0,13547,49070,8807,0.6501,29981,0.611,11938,0.8812,0.2822,3762.0,0.434
33203,津山市,99905,30482,5294,369.0,30482,99905,19759,0.6482,60145,0.602,25235,0.8279,0.2939,8978.0,0.453
08546,境町,24226,7018,1309,343.0,7018,24226,4543,0.6473,15487,0.6393,6276,0.8943,0.1898,1332.0,0.293
14364,山北町,9772,3882,406,612.0,3882,9772,2512,0.6471,6468,0.6619,3417,0.8802,0.2948,1142.0,0.456
27321,豊能町,18223,8626,444,1243.0,8626,18223,5580,0.6469,11937,0.6551,6049,0.7013,0.2968,2572.0,0.459
38402,砥部町,20371,6966,621,718.0,6966,20371,4503,0.6464,12146,0.5962,5944,0.8533,0.2549,1781.0,0.394
11327,越生町,11022,3983,582,438.0,3983,11022,2571,0.6455,7100,0.6442,3598,0.9033,0.2856,1138.0,0.442
11341,滑川町,19975,4687,782,384.0,4687,19975,3024,0.6452,11713,0.5864,4452,0.9499,0.3211,1481.0,0.498
18208,あわら市,27591,9382,1119,537.0,9382,27591,6045,0.6443,17754,0.6435,8737,0.9313,0.3,2805.0,0.466
01633,上士幌町,4775,1686,369,292.0,1686,4775,1086,0.6441,3475,0.7277,1290,0.7651,0.2571,435.0,0.399
01516,豊富町,3974,1354,330,263.0,1354,3974,871,0.6433,2704,0.6804,953,0.7038,0.274,372.0,0.426
37404,多度津町,22200,7182,757,607.0,7182,22192,4617,0.6429,14395,0.6487,5834,0.8123,0.255,1847.0,0.397
02205,五所川原市,51385,18351,2237,525.0,18351,51385,11795,0.6427,31446,0.612,16009,0.8724,0.3773,6928.0,0.587
17209,かほく市,34859,10308,1107,596.0,10308,34859,6624,0.6426,21320,0.6116,8676,0.8417,0.1686,1739.0,0.262
42322,川棚町,13129,4342,548,507.0,4342,13129,2788,0.6421,8284,0.631,3474,0.8001,0.3718,1640.0,0.579
10344,榛東村,14210,3784,685,354.0,3784,14210,2428,0.6416,9168,0.6452,3276,0.8658,0.1544,583.0,0.241
30203,橋本市,60811,20133,2017,639.0,20133,60811,12911,0.6413,39577,0.6508,16966,0.8427,0.3303,6644.0,0.515
43204,荒尾市,50815,18252,1633,715.0,18252,50815,11703,0.6412,32295,0.6355,14553,0.7973,0.2872,5240.0,0.448
43403,大津町,35181,7626,1000,488.0,7626,35181,4886,0.6407,18580,0.5281,6512,0.8539,0.283,2160.0,0.442
05214,にかほ市,23390,9137,910,643.0,9137,23388,5850,0.6403,14349,0.6135,7711,0.8439,0.3116,2848.0,0.487
09213,那須塩原市,115030,31959,6094,336.0,31959,115030,20417,0.6388,72090,0.6267,27615,0.8641,0.2371,7591.0,0.371
08210,下妻市,42528,12052,1994,387.0,12052,42528,7692,0.6382,25878,0.6085,11228,0.9316,0.1644,1980.0,0.258
27216,河内長野市,101661,36027,1564,1474.0,36027,101661,22991,0.6382,61036,0.6004,30762,0.8539,0.381,13723.0,0.597
01347,長万部町,5109,2091,418,320.0,2091,5109,1334,0.638,3271,0.6402,1562,0.747,0.3999,835.0,0.627
01482,小平町,2974,1201,273,282.0,1201,2974,766,0.6378,2032,0.6833,1201,1.0,0.4315,518.0,0.676
15218,五泉市,47597,17131,2083,526.0,17131,47597,10922,0.6376,29722,0.6245,15297,0.8929,0.1702,2918.0,0.267
12329,栄町,20068,7820,684,732.0,7820,20068,4981,0.637,13141,0.6548,7008,0.8962,0.2411,1890.0,0.379
03206,北上市,93003,25214,4715,342.0,25214,93003,16055,0.6367,51484,0.5536,22829,0.9054,0.2452,6189.0,0.385
24212,熊野市,15941,7072,1102,411.0,7072,15938,4501,0.6365,9828,0.6166,5535,0.7827,0.3806,2707.0,0.598
28209,豊岡市,77350,26473,3484,486.0,26473,77350,16846,0.6363,46454,0.6006,23006,0.869,0.3458,9170.0,0.543
01455,比布町,3520,1462,382,245.0,1462,3520,930,0.6361,2274,0.646,1102,0.7538,0.2887,422.0,0.454
19423,西桂町,4028,1229,141,558.0,1229,4028,781,0.6355,2742,0.6807,1229,1.0,0.2814,346.0,0.443
40503,大刀洗町,15524,4445,565,504.0,4445,15524,2823,0.6351,9137,0.5886,3951,0.8889,0.2891,1258.0,0.455
36388,海陽町,8269,3829,699,351.0,3829,8269,2431,0.6349,5545,0.6706,2884,0.7532,0.4382,1697.0,0.69
01638,中札内村,3884,1118,301,238.0,1118,3884,709,0.6342,2528,0.6509,997,0.8918,0.2618,293.0,0.413
17206,加賀市,63198,22677,2205,658.0,22677,63193,14374,0.6339,40889,0.647,18329,0.8083,0.179,4059.0,0.282
01555,遠軽町,19241,7236,1047,442.0,7236,19241,4583,0.6334,11985,0.6229,6319,0.8733,0.3184,2302.0,0.503
01364,乙部町,3334,1531,215,456.0,1531,3332,969,0.6329,1910,0.5732,1531,1.0,0.4095,635.0,0.647
47302,大宜味村,3051,1124,252,285.0,1111,3032,703,0.6328,2053,0.6771,912,0.8209,0.3529,404.0,0.558
20541,小布施町,10673,3746,351,683.0,3746,10673,2367,0.6319,6691,0.6269,3472,0.9269,0.2121,795.0,0.336
27381,太子町,13073,3865,243,1018.0,3865,13073,2442,0.6318,7626,0.5833,3354,0.8678,0.3792,1458.0,0.6
20208,小諸市,41027,13774,1902,463.0,13774,41027,8695,0.6313,26320,0.6415,10786,0.7831,0.2045,2816.0,0.324
47311,恩納村,10701,2587,390,425.0,2587,10701,1633,0.6312,6906,0.6454,2227,0.8608,0.2798,733.0,0.443
01637,芽室町,18049,5528,997,355.0,5528,18049,3488,0.631,11387,0.6309,4774,0.8636,0.1804,998.0,0.286
16207,黒部市,39587,12506,1890,423.0,12489,39561,7879,0.6309,23840,0.6026,10582,0.8473,0.2462,3081.0,0.39
35203,山口市,193836,56284,7445,484.0,56253,193819,35475,0.6306,108049,0.5575,46216,0.8216,0.2197,12343.0,0.348
37205,観音寺市,57355,19418,2520,493.0,19418,57355,12228,0.6297,35363,0.6166,15343,0.7901,0.2174,4225.0,0.345
24201,津市,274408,80708,7486,690.0,80708,274406,50813,0.6296,162664,0.5928,67611,0.8377,0.2413,19485.0,0.383
39386,いの町,21371,8413,1175,458.0,8413,21371,5295,0.6294,12441,0.5821,7124,0.8468,0.193,1622.0,0.307
08443,阿見町,48817,13402,1578,544.0,13402,48817,8433,0.6292,28040,0.5744,11743,0.8762,0.2822,3770.0,0.448
01209,夕張市,7334,3839,628,391.0,3839,7334,2415,0.6291,4567,0.6227,2766,0.7205,0.4126,1579.0,0.656
01545,斜里町,11414,3834,685,358.0,3834,11414,2412,0.6291,7423,0.6503,2804,0.7314,0.2618,1005.0,0.416
37204,善通寺市,31785,9733,1286,484.0,9733,31785,6114,0.6282,20431,0.6428,8284,0.8511,0.2583,2497.0,0.411
12230,八街市,67136,20879,2612,512.0,20879,67136,13104,0.6276,41311,0.6153,17793,0.8522,0.2143,4481.0,0.341
01424,奈井江町,5104,2169,336,413.0,2169,5104,1361,0.6275,3199,0.6268,1767,0.8147,0.259,567.0,0.413
01397,留寿都村,1911,499,183,175.0,499,1911,313,0.6273,1014,0.5306,381,0.7635,0.3795,187.0,0.605
10345,吉岡町,21794,5223,708,472.0,5223,21794,3275,0.627,14292,0.6558,4690,0.898,0.2029,1058.0,0.324
19213,甲州市,29192,10721,1664,412.0,10721,29192,6720,0.6268,17537,0.6007,9011,0.8405,0.2785,2985.0,0.444
01668,白糠町,7286,3038,519,375.0,3035,7268,1902,0.6267,4583,0.6306,2759,0.9091,0.2794,856.0,0.446
46225,姶良市,76299,23932,2490,615.0,23932,76299,14978,0.6259,43075,0.5646,20868,0.872,0.3201,7664.0,0.511
01404,神恵内村,846,441,68,415.0,441,844,276,0.6259,456,0.5403,276,0.6259,0.4733,212.0,0.756
41202,唐津市,116971,38150,4653,525.0,38120,116867,23856,0.6258,68032,0.5821,30648,0.804,0.2415,9266.0,0.386
22224,菊川市,47965,12865,1971,418.0,12865,47965,8048,0.6256,27168,0.5664,9692,0.7534,0.2628,3381.0,0.42
39205,土佐市,25638,9413,1189,507.0,9413,25638,5888,0.6255,16049,0.626,7525,0.7994,0.1855,1755.0,0.297
01220,士別市,17858,7344,1233,381.0,7344,17858,4588,0.6247,10778,0.6035,5620,0.7653,0.3282,2412.0,0.525
30204,有田市,26538,9263,804,737.0,9263,26538,5787,0.6247,16179,0.6097,7973,0.8607,0.3226,2991.0,0.516
01471,中川町,1528,586,148,253.0,586,1528,365,0.6229,963,0.6302,491,0.8379,0.3365,200.0,0.54
30209,岩出市,53409,12742,984,829.0,12742,53409,7935,0.6227,29742,0.5569,11243,0.8824,0.2765,3553.0,0.444
47308,本部町,12400,4091,771,340.0,4091,12400,2546,0.6223,7555,0.6093,3011,0.736,0.2958,1215.0,0.475
01693,標津町,5002,1569,413,243.0,1569,5002,976,0.6221,3134,0.6265,1419,0.9044,0.2616,411.0,0.421
21205,関市,85366,26047,3250,513.0,26047,85366,16205,0.6221,51519,0.6035,22280,0.8554,0.2629,6836.0,0.423
22226,牧之原市,43382,13773,2054,429.0,13773,43382,8568,0.6221,26275,0.6057,10580,0.7682,0.2319,3208.0,0.373
44204,日田市,62676,22382,3226,444.0,22382,62676,13911,0.6215,35557,0.5673,17985,0.8035,0.2465,5517.0,0.397
20203,上田市,154041,47117,5268,572.0,47117,154041,29257,0.6209,93530,0.6072,40572,0.8611,0.2162,10191.0,0.348
10209,藤岡市,63263,20506,2380,551.0,20506,63263,12727,0.6206,37431,0.5917,17996,0.8776,0.2005,4108.0,0.323
40381,芦屋町,13613,4336,270,1028.0,4336,13613,2690,0.6204,8426,0.619,3404,0.7851,0.3332,1454.0,0.537
06207,上山市,29135,11500,1200,613.0,11500,29135,7134,0.6203,16968,0.5824,9881,0.8592,0.2118,2411.0,0.341
47359,伊平屋村,1106,329,70,301.0,329,1102,204,0.6201,705,0.6397,251,0.7629,0.3918,130.0,0.632
01636,清水町,9092,3388,763,284.0,3388,9092,2100,0.6198,5786,0.6364,3030,0.8943,0.243,823.0,0.392
24204,松阪市,159204,47815,5145,595.0,47815,159202,29616,0.6194,90952,0.5713,40882,0.855,0.2161,10326.0,0.349
01216,芦別市,12555,6007,776,495.0,6007,12555,3712,0.6179,7333,0.5841,5053,0.8412,0.3381,2027.0,0.547
38210,伊予市,35081,11938,1621,471.0,11929,35069,7365,0.6174,19839,0.5657,9768,0.8188,0.2668,3200.0,0.432
01460,上富良野町,10345,3311,585,362.0,3311,10345,2044,0.6173,6017,0.5816,2677,0.8085,0.2736,907.0,0.443
02204,黒石市,31904,10906,1075,649.0,10906,31904,6726,0.6167,20074,0.6292,9133,0.8374,0.3284,3593.0,0.532
15222,上越市,188009,61444,7571,519.0,61436,187995,37873,0.6165,108573,0.5775,51027,0.8306,0.2197,13500.0,0.356
06301,山辺町,13747,4676,469,638.0,4676,13747,2881,0.6161,8024,0.5837,3982,0.8516,0.1756,828.0,0.285
09205,鹿沼市,93966,28475,4732,385.0,28475,93966,17535,0.6158,52501,0.5587,23403,0.8219,0.2375,6770.0,0.386
12210,茂原市,86807,28788,3377,546.0,28788,86807,17722,0.6156,50529,0.5821,24747,0.8596,0.2411,6937.0,0.392
03322,矢巾町,28175,7365,1205,391.0,7365,28175,4533,0.6155,15094,0.5357,6248,0.8483,0.2033,1498.0,0.33
18209,越前市,80567,23708,2704,561.0,23708,80567,14586,0.6152,48821,0.606,19122,0.8066,0.304,7216.0,0.494
09203,栃木市,155549,49199,6899,456.0,49199,155549,30251,0.6149,91429,0.5878,41947,0.8526,0.2557,12576.0,0.416
01423,南幌町,7319,2552,544,300.0,2552,7319,1568,0.6144,4422,0.6042,2391,0.9369,0.2059,526.0,0.335
38206,西条市,104798,34396,4050,544.0,34396,104792,21128,0.6143,59433,0.5672,28297,0.8227,0.2734,9406.0,0.445
31203,倉吉市,46672,16080,1993,516.0,16080,46672,9870,0.6138,27329,0.5856,12612,0.7843,0.2419,3879.0,0.394
12205,館山市,45100,17744,2166,524.0,17731,45080,10881,0.6137,26743,0.5932,14310,0.8071,0.2813,4988.0,0.458
19208,南アルプス市,69517,19304,2353,525.0,19304,69517,11843,0.6135,43574,0.6268,16882,0.8745,0.2532,4887.0,0.413
40205,飯塚市,126429,39746,3620,703.0,39746,126429,24375,0.6133,74515,0.5894,32737,0.8237,0.319,12675.0,0.52
02401,野辺地町,12343,4713,533,566.0,4713,12343,2890,0.6132,7344,0.595,4140,0.8784,0.3994,1883.0,0.651
38215,東温市,34127,10246,1398,469.0,10246,34127,6278,0.6127,18432,0.5401,9115,0.8896,0.3186,3255.0,0.52
01512,浜頓別町,3439,1285,250,329.0,1285,3439,787,0.6125,1938,0.5635,951,0.7401,0.3942,510.0,0.644
45202,都城市,160610,50725,6786,478.0,50725,160610,31060,0.6123,90587,0.564,40848,0.8053,0.2285,11576.0,0.373
19205,山梨市,33520,11421,1608,455.0,11421,33520,6986,0.6117,20132,0.6006,9882,0.8652,0.2974,3389.0,0.486
30202,海南市,48256,17670,1710,661.0,17606,48137,10770,0.6117,28982,0.6021,14473,0.822,0.3336,5912.0,0.545
11210,加須市,111848,33302,4176,510.0,33302,111848,20363,0.6115,67340,0.6021,29774,0.8941,0.2465,8205.0,0.403
22216,袋井市,87844,21133,2491,543.0,21133,87844,12922,0.6115,49915,0.5682,17633,0.8344,0.2701,5756.0,0.442
01303,当別町,15931,5578,991,360.0,5578,15931,3408,0.611,9597,0.6024,4973,0.8915,0.3511,1950.0,0.575
04445,加美町,21949,8142,1635,319.0,8142,21949,4973,0.6108,12481,0.5686,6825,0.8382,0.2007,1633.0,0.329
44203,中津市,82736,24804,3654,434.0,24804,82731,15140,0.6104,49412,0.5973,20977,0.8457,0.2945,7313.0,0.483
43216,合志市,62161,15162,1235,786.0,15162,62161,9248,0.6099,34758,0.5592,12127,0.7998,0.2607,3899.0,0.427
01233,伊達市,32802,12594,1422,567.0,12594,32798,7678,0.6097,18714,0.5706,10899,0.8654,0.3386,4267.0,0.555
34208,府中市,37675,14406,1794,514.0,14406,37675,8773,0.609,21794,0.5785,10241,0.7109,0.2386,3429.0,0.392
28219,三田市,109151,28831,2555,722.0,28831,109151,17537,0.6083,63948,0.5859,22815,0.7913,0.3666,10577.0,0.603
30404,上富田町,15107,4081,636,411.0,4081,15107,2482,0.6082,9326,0.6173,3273,0.802,0.3362,1383.0,0.553
11216,羽生市,52887,15840,1974,514.0,15840,52887,9633,0.6081,31491,0.5954,12529,0.791,0.2354,3724.0,0.387
47360,伊是名村,1307,408,85,307.0,408,1307,248,0.6078,815,0.6236,328,0.8039,0.4244,173.0,0.698
39212,香美市,26440,10100,1558,415.0,10100,26440,6131,0.607,14130,0.5344,7850,0.7772,0.325,3290.0,0.535
36203,小松島市,36311,12588,1341,601.0,12581,36289,7631,0.6065,22550,0.6214,11191,0.8895,0.2749,3444.0,0.453
42202,佐世保市,242263,76909,7041,699.0,76689,241268,46429,0.6054,142604,0.5911,62156,0.8105,0.3857,29763.0,0.637
40206,田川市,46042,15819,1504,673.0,15819,46042,9574,0.6052,27889,0.6057,13740,0.8686,0.3447,5494.0,0.57
18204,小浜市,28793,9207,1196,493.0,9207,28793,5572,0.6052,17112,0.5943,7413,0.8051,0.3676,3411.0,0.607
17202,七尾市,49934,19220,2778,443.0,19183,49815,11605,0.605,29876,0.5997,14592,0.7607,0.2229,4317.0,0.368
24543,紀北町,14459,6633,728,583.0,6633,14459,4012,0.6049,8699,0.6016,5157,0.7775,0.3136,2097.0,0.518
20205,飯田市,98129,31959,4407,464.0,31959,98129,19319,0.6045,58649,0.5977,25432,0.7958,0.2059,6586.0,0.341
01458,東川町,8318,2752,668,264.0,2752,8318,1663,0.6043,4973,0.5979,2106,0.7653,0.2971,820.0,0.492
07204,いわき市,332954,102301,11351,577.0,102292,332917,61660,0.6028,189773,0.57,89550,0.8754,0.2517,25755.0,0.418
06211,東根市,47757,13435,1510,569.0,13435,47757,8096,0.6026,27672,0.5794,10992,0.8182,0.234,3145.0,0.388
26214,木津川市,77781,19182,1355,906.0,19182,77781,11556,0.6024,46316,0.5955,14174,0.7389,0.3089,5927.0,0.513
01228,深川市,20043,8528,1338,408.0,8528,20043,5136,0.6023,11721,0.5848,7391,0.8667,0.3482,2975.0,0.578
43203,人吉市,31076,11629,1432,520.0,11629,31076,7003,0.6022,18094,0.5822,9308,0.8004,0.2711,3158.0,0.45
24343,朝日町,11118,2134,195,700.0,2134,11118,1285,0.6022,7245,0.6516,1636,0.7666,0.277,583.0,0.46
20215,塩尻市,67267,19157,2142,572.0,19157,67267,11525,0.6016,36292,0.5395,16602,0.8666,0.2397,4592.0,0.398
35215,周南市,137612,44783,4609,622.0,44729,137505,26888,0.6011,74188,0.5395,35769,0.7997,0.2298,10280.0,0.382
01453,東神楽町,10094,2932,491,382.0,2932,10094,1762,0.601,7155,0.7088,2449,0.8353,0.1529,448.0,0.255
29363,田原本町,31219,9998,702,911.0,9998,31219,6004,0.6005,17099,0.5477,7744,0.7746,0.2704,2693.0,0.45
15361,田上町,11260,4219,437,618.0,4219,11260,2531,0.5999,6775,0.6017,3582,0.849,0.1931,817.0,0.322
07212,南相馬市,58998,20778,3879,343.0,20778,58998,12463,0.5998,34556,0.5857,17726,0.8531,0.2405,5002.0,0.401
09209,真岡市,78283,21226,4058,335.0,21226,78283,12730,0.5997,43634,0.5574,18169,0.856,0.2138,4535.0,0.356
24344,川越町,14790,2773,283,627.0,2773,14790,1660,0.5986,9304,0.6291,2611,0.9416,0.2769,789.0,0.462
16211,射水市,90734,27724,2541,698.0,27717,90706,16581,0.5982,50540,0.5572,23184,0.8365,0.217,6021.0,0.363
03211,釜石市,32072,12778,1280,639.0,12778,32069,7643,0.5981,19712,0.6147,10761,0.8422,0.3258,4164.0,0.545
01644,池田町,6294,2725,572,305.0,2725,6294,1629,0.5978,3673,0.5836,2066,0.7582,0.2652,727.0,0.444
45401,高鍋町,19898,6502,905,460.0,6502,19898,3886,0.5977,11020,0.5538,4973,0.7648,0.236,1534.0,0.395
01563,雄武町,4171,1407,316,285.0,1407,4171,841,0.5977,2564,0.6147,1203,0.855,0.3231,459.0,0.541
21203,高山市,84423,28096,3937,457.0,28096,84423,16779,0.5972,51221,0.6067,21314,0.7586,0.2641,7420.0,0.442
01564,大空町,6775,2502,637,251.0,2502,6775,1494,0.5971,4368,0.6447,2073,0.8285,0.1369,343.0,0.229
01428,長沼町,10273,3964,998,254.0,3964,10273,2364,0.5964,6287,0.612,3588,0.9051,0.2311,917.0,0.387
11343,小川町,28489,11083,1185,599.0,11083,28489,6608,0.5962,17304,0.6074,10052,0.907,0.2568,2848.0,0.431
43202,八代市,122989,42099,4805,561.0,42099,122989,25068,0.5955,70744,0.5752,32860,0.7805,0.3271,13781.0,0.549
47327,北中城村,18139,4297,328,838.0,4297,18132,2558,0.5953,9304,0.5131,3505,0.8157,0.2766,1188.0,0.465
22208,伊東市,65459,27965,2519,711.0,27958,65447,16643,0.5953,36891,0.5637,20310,0.7264,0.3602,10072.0,0.605
01334,木古内町,3774,1895,318,381.0,1880,3750,1118,0.5947,2321,0.6189,1272,0.6766,0.3021,576.0,0.508
07342,鏡石町,12387,3418,582,376.0,3418,12387,2032,0.5945,6631,0.5353,2898,0.8479,0.1607,553.0,0.27
21404,池田町,23370,6934,885,501.0,6934,23370,4117,0.5937,14533,0.6219,5682,0.8194,0.2459,1699.0,0.414
12225,君津市,82326,26378,2948,573.0,26378,82326,15657,0.5936,43736,0.5313,22720,0.8613,0.2486,6554.0,0.419
22213,掛川市,115013,32091,4311,476.0,32091,115013,19049,0.5936,64441,0.5603,26394,0.8225,0.2631,8431.0,0.443
38401,松前町,29643,9282,758,784.0,9282,29643,5508,0.5934,16581,0.5594,7937,0.8551,0.2868,2658.0,0.483
08232,神栖市,95464,22162,3642,389.0,22162,95464,13145,0.5931,51516,0.5396,19714,0.8895,0.2654,5882.0,0.447
01332,福島町,3663,1791,233,492.0,1775,3636,1052,0.5927,2177,0.5987,1554,0.8755,0.3866,716.0,0.652
13363,新島村,2433,967,139,445.0,967,2433,573,0.5926,1370,0.5631,573,0.5926,0.5058,489.0,0.854
38203,宇和島市,69415,27623,2961,597.0,27571,69277,16337,0.5925,39191,0.5657,20846,0.7561,0.3281,9251.0,0.554
17211,能美市,48400,12659,1273,636.0,12659,48400,7495,0.5921,27809,0.5746,10522,0.8312,0.1783,2262.0,0.301
46204,枕崎市,20027,8175,933,561.0,8167,20006,4833,0.5918,11784,0.589,5860,0.7175,0.3261,2671.0,0.551
12233,富里市,50131,14177,1527,594.0,14177,50131,8388,0.5917,27082,0.5402,12866,0.9075,0.2542,3568.0,0.43
21217,飛騨市,22523,9098,1280,455.0,9098,22523,5381,0.5914,13385,0.5943,6467,0.7108,0.3184,2898.0,0.538
08207,結城市,50494,15155,2023,479.0,15155,50494,8961,0.5913,28089,0.5563,13081,0.8631,0.2459,3784.0,0.416
01469,美深町,4145,1696,365,297.0,1696,4145,1001,0.5902,2555,0.6164,1188,0.7005,0.2637,448.0,0.447
28215,三木市,75822,26761,2642,648.0,26761,75822,15760,0.5889,43239,0.5703,22501,0.8408,0.3324,8777.0,0.564
01234,北広島市,58273,19264,1173,1051.0,19264,58273,11325,0.5879,32729,0.5616,16409,0.8518,0.2957,5730.0,0.503
34307,熊野町,22768,8132,603,863.0,8132,22768,4781,0.5879,13412,0.5891,6178,0.7597,0.2424,1972.0,0.412
32201,松江市,203378,59428,6421,592.0,59411,203339,34891,0.5873,108179,0.532,46480,0.7823,0.2661,15831.0,0.453
19211,笛吹市,66882,19838,2717,467.0,19838,66882,11643,0.5869,38757,0.5795,15133,0.7628,0.2827,5618.0,0.482
01631,音更町,43567,12886,1537,537.0,12886,43567,7563,0.5869,25056,0.5751,11533,0.895,0.241,3111.0,0.411
34205,尾道市,130379,47342,4845,625.0,47178,129895,27679,0.5867,73451,0.5655,38746,0.8213,0.3134,14930.0,0.534
01398,喜茂別町,2156,802,193,266.0,802,2156,470,0.586,1072,0.4972,548,0.6833,0.3893,313.0,0.664
22325,函南町,37021,12147,991,784.0,12147,37021,7112,0.5855,18911,0.5108,10887,0.8963,0.2985,3602.0,0.51
08341,東海村,37941,9494,1157,525.0,9494,37941,5540,0.5835,19254,0.5075,8672,0.9134,0.2881,2741.0,0.494
11385,上里町,30424,8320,930,573.0,8320,30424,4851,0.5831,17107,0.5623,6949,0.8352,0.1943,1617.0,0.333
20218,千曲市,58822,19589,1856,675.0,19589,58822,11408,0.5824,33409,0.568,16500,0.8423,0.1867,3664.0,0.321
04215,大崎市,127242,38725,7116,348.0,38725,127242,22548,0.5823,66767,0.5247,32816,0.8474,0.2492,9654.0,0.428
34213,廿日市市,113570,34832,2497,893.0,34832,113556,20283,0.5823,58980,0.5194,27844,0.7994,0.2592,9061.0,0.445
19346,市川三郷町,14638,5521,625,565.0,5521,14638,3214,0.5821,8703,0.5945,4581,0.8297,0.305,1685.0,0.524
11464,杉戸町,43851,14442,1068,865.0,14442,43851,8402,0.5818,24441,0.5574,10517,0.7282,0.2561,3689.0,0.44
11207,秩父市,59696,20435,2734,478.0,20435,59696,11876,0.5812,34310,0.5747,17821,0.8721,0.2186,4447.0,0.376
18206,勝山市,22150,8274,1038,510.0,8274,22150,4807,0.581,12459,0.5625,6345,0.7669,0.317,2624.0,0.546
06209,長井市,26540,9435,1560,387.0,9435,26540,5476,0.5804,13946,0.5255,8302,0.8799,0.2249,2125.0,0.387
06213,南陽市,30439,10339,1305,507.0,10339,30439,6001,0.5804,16518,0.5427,8465,0.8187,0.1833,1895.0,0.316
40224,福津市,67058,18897,1190,1016.0,18897,67058,10966,0.5803,33395,0.498,15948,0.8439,0.3277,6190.0,0.565
45341,三股町,25625,7245,827,561.0,7245,25625,4202,0.58,13668,0.5334,6021,0.8311,0.2245,1627.0,0.387
25210,野洲市,50647,13210,977,865.0,13210,50647,7659,0.5798,25787,0.5092,11169,0.8455,0.3327,4388.0,0.574
42203,島原市,42891,15326,1681,584.0,15266,42767,8850,0.5797,24904,0.5823,10896,0.7137,0.3952,6135.0,0.682
14217,南足柄市,41010,13461,912,945.0,13461,41010,7800,0.5795,22067,0.5381,11125,0.8265,0.2796,3757.0,0.482
35207,下松市,55805,16476,1292,816.0,16433,55725,9516,0.5791,30082,0.5398,14990,0.9122,0.2175,3593.0,0.376
15213,燕市,77043,24029,2162,711.0,24029,77043,13904,0.5786,42640,0.5535,18762,0.7808,0.1661,3996.0,0.287
40216,小郡市,59475,16689,1234,866.0,16689,59475,9646,0.578,35253,0.5927,12500,0.749,0.3481,5859.0,0.602
05202,能代市,49959,20769,2007,662.0,20769,49959,11999,0.5777,27803,0.5565,17457,0.8405,0.3384,7028.0,0.586
23215,犬山市,73042,21397,1419,965.0,21397,73042,12333,0.5764,41503,0.5682,18833,0.8802,0.3422,7329.0,0.594
29204,天理市,63922,16885,1508,717.0,16885,63922,9719,0.5756,33736,0.5278,15542,0.9205,0.3612,6096.0,0.627
25204,近江八幡市,80916,22471,1700,846.0,22471,80916,12927,0.5753,42638,0.5269,18854,0.839,0.322,7244.0,0.56
15209,加茂市,25485,9398,879,684.0,9398,25485,5403,0.5749,14907,0.5849,7875,0.8379,0.1898,1776.0,0.33
40230,糸島市,98927,29553,2764,684.0,29536,98843,16971,0.5746,49488,0.5007,22968,0.7776,0.3134,9270.0,0.545
01393,黒松内町,2791,1085,270,257.0,1085,2791,623,0.5742,1386,0.4966,802,0.7392,0.4028,444.0,0.702
40344,須惠町,28521,7788,437,1141.0,7788,28521,4466,0.5734,15357,0.5384,6658,0.8549,0.2356,1848.0,0.411
17203,小松市,106386,30477,2846,685.0,30477,106386,17473,0.5733,59295,0.5574,24503,0.804,0.1764,5370.0,0.308
35202,宇部市,162595,53846,4490,768.0,53832,162569,30841,0.5729,91224,0.5611,43189,0.8023,0.2077,11217.0,0.363
24207,鈴鹿市,195491,47978,4438,692.0,47969,195448,27440,0.572,103779,0.531,41630,0.8679,0.2265,10867.0,0.396
26344,宇治田原町,8911,2681,355,483.0,2681,8911,1533,0.5718,5179,0.5812,2019,0.7531,0.2447,657.0,0.428
39403,越知町,5200,2448,329,476.0,2448,5200,1399,0.5715,2829,0.544,1403,0.5731,0.2633,643.0,0.461
24209,尾鷲市,16138,7040,504,894.0,7040,16138,4020,0.571,8579,0.5316,5627,0.7993,0.2859,2036.0,0.501
34202,呉市,212733,74806,4347,1101.0,74708,212305,42657,0.571,105521,0.497,56427,0.7553,0.3365,25477.0,0.589
01361,江差町,7349,2798,372,481.0,2798,7349,1597,0.5708,4049,0.551,2442,0.8728,0.3721,1059.0,0.652
02202,弘前市,168451,53921,4570,755.0,53921,168451,30749,0.5703,87753,0.5209,46718,0.8664,0.3532,19047.0,0.619
21209,羽島市,65687,18151,1891,614.0,18151,65687,10348,0.5701,34001,0.5176,15363,0.8464,0.2513,4558.0,0.441
30205,御坊市,23559,7350,833,565.0,7350,23559,4180,0.5687,13929,0.5912,5884,0.8005,0.3092,2267.0,0.544
35206,防府市,113956,35014,3155,710.0,34995,113899,19887,0.5683,62378,0.5477,27866,0.7963,0.1787,6260.0,0.314
15204,三条市,94692,31251,3132,639.0,31251,94692,17752,0.568,52777,0.5574,24243,0.7758,0.1585,4955.0,0.279
20207,須坂市,49515,16002,1480,692.0,16002,49515,9057,0.566,26517,0.5355,13593,0.8495,0.1952,3127.0,0.345
01396,真狩村,2045,698,226,198.0,698,2045,395,0.5659,1149,0.5619,490,0.702,0.2859,202.0,0.505
08219,牛久市,84541,24559,1647,954.0,24559,84541,13897,0.5659,42453,0.5022,18619,0.7581,0.2616,6426.0,0.462
33423,早島町,12419,3602,279,826.0,3602,12419,2038,0.5658,6254,0.5036,2790,0.7746,0.3328,1143.0,0.588
22205,熱海市,34116,16341,921,1136.0,16312,34083,9221,0.5653,18286,0.5365,11741,0.7198,0.4409,7220.0,0.78
37202,丸亀市,109448,31404,3477,578.0,31393,109394,17744,0.5652,60830,0.5561,24041,0.7658,0.2283,7178.0,0.404
29427,河合町,17628,6769,336,1289.0,6769,17628,3824,0.5649,10554,0.5987,5496,0.8119,0.3861,2538.0,0.683
47303,東村,1593,585,182,206.0,585,1593,330,0.5641,1006,0.6315,430,0.735,0.2803,165.0,0.497
01635,新得町,5817,2185,458,305.0,2185,5817,1230,0.5629,3488,0.5996,1833,0.8389,0.2955,650.0,0.525
01643,幕別町,25774,8653,1209,458.0,8653,25774,4869,0.5627,13716,0.5322,6859,0.7927,0.1962,1699.0,0.349
41201,佐賀市,233312,64863,5876,706.0,64863,233312,36464,0.5622,120657,0.5171,53124,0.819,0.2428,15735.0,0.432
11218,深谷市,141508,41020,4750,553.0,41020,141508,23042,0.5617,75776,0.5355,33170,0.8086,0.2192,8961.0,0.39
36403,藍住町,35140,9043,768,754.0,9043,35140,5071,0.5608,20467,0.5824,7303,0.8076,0.256,2302.0,0.457
40382,水巻町,27888,9263,448,1323.0,9263,27888,5195,0.5608,16865,0.6047,7645,0.8253,0.3345,3113.0,0.597
40341,宇美町,37549,10322,599,1103.0,10322,37549,5788,0.5607,20116,0.5357,7347,0.7118,0.2374,2471.0,0.423
02207,三沢市,39178,10294,1297,508.0,10294,39178,5756,0.5592,20868,0.5326,8574,0.8329,0.344,3573.0,0.615
18205,大野市,31286,11680,1539,486.0,11680,31286,6528,0.5589,16971,0.5424,8476,0.7257,0.2869,3351.0,0.513
39303,田野町,2472,1039,127,524.0,1039,2472,580,0.5582,1480,0.5987,862,0.8296,0.2095,222.0,0.375
16204,魚津市,40368,13799,1632,541.0,13787,40350,7695,0.5581,23649,0.5861,11394,0.8264,0.2215,3080.0,0.397
04421,大和町,29062,6577,1025,411.0,6577,29062,3668,0.5577,12920,0.4446,5710,0.8682,0.2583,1679.0,0.463
23235,弥富市,42816,11172,1217,588.0,11172,42816,6231,0.5577,21989,0.5136,9842,0.881,0.315,3547.0,0.565
38202,今治市,150958,53714,5594,615.0,53662,150814,29916,0.5575,78457,0.5202,43488,0.8104,0.2995,16164.0,0.537
30421,那智勝浦町,14016,6155,717,549.0,6112,13910,3400,0.5563,7908,0.5685,4255,0.6962,0.4668,2894.0,0.839
15202,長岡市,266820,83365,8218,649.0,83365,266820,46362,0.5561,136732,0.5125,65144,0.7814,0.2234,18621.0,0.402
47315,伊江村,4108,1419,269,338.0,1419,4108,789,0.556,2219,0.5402,970,0.6836,0.2653,378.0,0.477
01561,興部町,3620,1213,291,267.0,1213,3620,674,0.5556,1972,0.5448,850,0.7007,0.3541,428.0,0.637
17210,白山市,110695,30854,2626,752.0,30854,110695,17141,0.5556,57044,0.5153,25108,0.8138,0.1428,4413.0,0.257
34211,大竹市,26058,9331,606,985.0,9331,26058,5182,0.5554,12425,0.4768,8190,0.8777,0.3188,2999.0,0.574
19430,富士河口湖町,26093,6878,1030,427.0,6878,26093,3819,0.5552,14786,0.5667,5987,0.8705,0.2622,1799.0,0.472
29209,生駒市,116693,33372,1635,1306.0,33372,116693,18527,0.5552,60978,0.5226,25516,0.7646,0.331,11065.0,0.596
01226,砂川市,16504,6415,716,573.0,6415,16504,3555,0.5542,9195,0.5571,5638,0.8789,0.3189,2042.0,0.576
12322,酒々井町,21048,6704,493,870.0,6704,21048,3711,0.5536,10870,0.5164,5550,0.8279,0.2647,1803.0,0.478
15211,見附市,39279,12944,1106,749.0,12944,39279,7152,0.5525,20839,0.5305,10355,0.8,0.17,2199.0,0.308
31201,鳥取市,188429,54985,4977,707.0,54985,188420,30324,0.5515,95090,0.5047,41655,0.7576,0.243,13360.0,0.441
22220,裾野市,51038,13680,1307,670.0,13680,51038,7533,0.5507,25982,0.5091,11928,0.8719,0.2741,3746.0,0.498
35201,下関市,254744,90264,7472,773.0,89926,254181,49455,0.55,132561,0.5215,68125,0.7576,0.2498,22561.0,0.454
11202,熊谷市,194466,57348,5021,731.0,57348,194466,31476,0.5489,99089,0.5095,45716,0.7972,0.2364,13536.0,0.431
23216,常滑市,58462,14658,1218,770.0,14650,58426,8020,0.5474,28745,0.492,12247,0.836,0.3456,5092.0,0.631
37203,坂出市,50628,18173,1889,616.0,18150,50544,9911,0.5461,26285,0.52,13969,0.7696,0.2299,4177.0,0.421
20202,松本市,241137,66723,6481,659.0,66723,241137,36430,0.546,123363,0.5116,54704,0.8199,0.2495,16631.0,0.457
09204,佐野市,116105,35517,4297,529.0,35517,116105,19370,0.5454,56996,0.4909,27002,0.7603,0.2745,9776.0,0.503
45206,日向市,59704,19298,1969,627.0,19298,59702,10512,0.5447,30278,0.5072,14795,0.7667,0.2061,3971.0,0.378
06202,米沢市,81270,25270,3035,533.0,25270,81270,13735,0.5435,41142,0.5062,19875,0.7865,0.2333,5894.0,0.429
21213,各務原市,144721,41007,2716,966.0,41007,144721,22283,0.5434,72331,0.4998,34181,0.8335,0.2747,11250.0,0.506
08202,日立市,174395,56480,3686,981.0,56475,174374,30649,0.5427,84774,0.4862,46841,0.8294,0.2813,15898.0,0.518
09216,下野市,59296,14844,1929,492.0,14844,59296,8047,0.5421,29921,0.5046,12387,0.8345,0.2817,4201.0,0.52
19214,中央市,31318,7543,750,644.0,7543,31318,4086,0.5417,15427,0.4926,5896,0.7817,0.2892,2183.0,0.534
38213,四国中央市,82650,26613,3000,568.0,26613,82650,14414,0.5416,42186,0.5104,22538,0.8469,0.2477,6602.0,0.457
11238,蓮田市,61469,19911,1149,1109.0,19911,61469,10776,0.5412,31762,0.5167,16764,0.8419,0.3105,6179.0,0.574
11242,日高市,54615,17965,1485,774.0,17965,54615,9721,0.5411,28665,0.5249,13739,0.7648,0.28,5031.0,0.518
09361,壬生町,39487,11446,1806,406.0,11446,39487,6186,0.5405,21957,0.5561,8943,0.7813,0.2574,2946.0,0.476
11206,行田市,78087,24782,2189,725.0,24782,78087,13348,0.5386,40742,0.5218,20490,0.8268,0.2295,5739.0,0.426
10212,みどり市,49981,14925,1886,506.0,14925,49981,8030,0.538,25701,0.5142,12616,0.8453,0.1777,2636.0,0.33
29206,桜井市,54542,17416,1409,791.0,17416,54542,9367,0.5378,26933,0.4938,13777,0.7911,0.3065,5361.0,0.57
39401,中土佐町,5972,2882,519,355.0,2882,5967,1549,0.5375,3265,0.5472,1771,0.6145,0.2755,798.0,0.513
23501,幸田町,42349,9168,953,616.0,9168,42349,4925,0.5372,19353,0.457,8069,0.8801,0.2875,2644.0,0.535
47214,宮古島市,52880,14058,2032,443.0,14053,52843,7547,0.537,26296,0.4976,9594,0.6827,0.3186,4485.0,0.593
47215,南城市,44277,11498,1230,598.0,11477,44112,6161,0.5368,22048,0.4998,8734,0.761,0.2419,2759.0,0.451
07201,福島市,282815,84407,8228,657.0,84407,282815,45229,0.5358,141645,0.5008,66706,0.7903,0.2561,21590.0,0.478
20206,諏訪市,48666,15050,1223,788.0,15050,48666,8054,0.5351,25179,0.5174,12568,0.8351,0.2112,3175.0,0.395
22211,磐田市,166654,47577,4727,644.0,47577,166654,25456,0.535,86291,0.5178,38389,0.8069,0.2685,12775.0,0.502
01223,根室市,24610,8646,1132,489.0,8646,24602,4620,0.5344,13161,0.535,7455,0.8622,0.2792,2414.0,0.522
22221,湖西市,57512,16029,1530,670.0,16029,57512,8556,0.5338,28252,0.4912,11690,0.7293,0.2563,4118.0,0.48
46219,いちき串木野市,27437,10168,1262,516.0,10168,27437,5426,0.5336,13970,0.5092,7894,0.7764,0.3098,3152.0,0.581
06203,鶴岡市,122216,42957,4641,592.0,42906,122123,22881,0.5333,62322,0.5103,32973,0.7685,0.2232,9597.0,0.418
18207,鯖江市,68346,18778,1971,610.0,18778,68346,10014,0.5333,35564,0.5204,15015,0.7996,0.2808,5268.0,0.527
01337,七飯町,27719,9732,1170,532.0,9732,27719,5187,0.533,14631,0.5278,8386,0.8617,0.2544,2472.0,0.477
23446,美浜町,22366,6797,704,618.0,6797,22366,3623,0.533,11185,0.5001,5663,0.8332,0.3732,2545.0,0.7
21216,瑞穂市,56544,11886,1162,655.0,11886,56544,6323,0.532,26822,0.4744,10602,0.892,0.2988,3535.0,0.562
46222,奄美市,41194,13378,1045,819.0,13374,41118,7115,0.532,19528,0.4749,8158,0.61,0.3824,5140.0,0.719
29203,大和郡山市,83495,27523,1343,1312.0,27523,83495,14637,0.5318,41318,0.4949,22015,0.7999,0.2895,7904.0,0.544
28217,川西市,151476,48975,1483,2114.0,48975,151476,26003,0.5309,79182,0.5227,35746,0.7299,0.3568,17553.0,0.672
21211,美濃加茂市,56456,12737,1858,439.0,12737,56456,6751,0.53,28528,0.5053,11326,0.8892,0.2591,3346.0,0.489
10206,沼田市,45324,15498,2281,435.0,15498,45324,8209,0.5297,24320,0.5366,12354,0.7971,0.2071,3208.0,0.391
12231,印西市,102639,23730,2372,640.0,23730,102639,12564,0.5295,49594,0.4832,17812,0.7506,0.2584,6124.0,0.488
16201,富山市,413928,122794,11082,709.0,122794,413925,64859,0.5282,210383,0.5083,99516,0.8104,0.2462,30223.0,0.466
43443,益城町,32674,9734,735,848.0,9734,32674,5136,0.5276,17058,0.5221,7780,0.7993,0.2282,2223.0,0.433
01692,中標津町,23006,6151,1084,363.0,6151,23006,3244,0.5274,11305,0.4914,5354,0.8704,0.2595,1596.0,0.492
11209,飯能市,80496,25282,2029,797.0,25282,80496,13313,0.5266,38749,0.4814,21697,0.8582,0.3196,8054.0,0.607
23211,豊田市,422939,97455,10285,606.0,97455,422939,51321,0.5266,199072,0.4707,81250,0.8337,0.2594,25264.0,0.493
25441,豊郷町,7133,1994,238,536.0,1994,7133,1050,0.5266,4076,0.5714,1623,0.8139,0.3147,624.0,0.598
24203,伊勢市,122565,39044,2996,834.0,39044,122565,20548,0.5263,66658,0.5439,29939,0.7668,0.2173,8496.0,0.413
08204,古河市,138932,39732,4342,586.0,39732,138932,20901,0.526,70194,0.5052,34125,0.8589,0.2623,10411.0,0.499
45421,門川町,17260,5915,564,671.0,5906,17238,3104,0.5256,8753,0.5078,3927,0.6649,0.199,1183.0,0.379
01481,増毛町,3864,1723,298,370.0,1723,3863,905,0.5252,1737,0.4497,1452,0.8427,0.3639,629.0,0.693
01406,古平町,2711,1147,144,510.0,1144,2695,600,0.5245,1456,0.5403,732,0.6399,0.4637,535.0,0.884
01400,倶知安町,15129,3735,685,349.0,3735,15129,1958,0.5242,7654,0.5059,3021,0.8088,0.3027,1130.0,0.578
40215,中間市,40459,15194,638,1524.0,15194,40459,7964,0.5242,21305,0.5266,13030,0.8576,0.3044,4598.0,0.581
15206,新発田市,94913,30644,3289,596.0,30644,94913,16044,0.5236,44306,0.4668,24995,0.8157,0.193,5916.0,0.369
08203,土浦市,142169,40955,3518,745.0,40955,142169,21434,0.5234,71405,0.5023,33114,0.8085,0.2698,11035.0,0.515
28464,太子町,33729,9131,729,802.0,9131,33729,4773,0.5227,16475,0.4885,7786,0.8527,0.2946,2665.0,0.564
01210,岩見沢市,79287,28846,3100,596.0,28846,79287,15073,0.5225,41410,0.5223,23441,0.8126,0.3404,9831.0,0.651
01221,名寄市,27282,8756,1308,428.0,8756,27282,4568,0.5217,13547,0.4966,7889,0.901,0.3307,2892.0,0.634
47362,八重瀬町,30744,6757,675,641.0,6757,30744,3511,0.5196,13567,0.4413,4852,0.7181,0.2463,1705.0,0.474
26206,亀岡市,86156,25966,2138,777.0,25966,86156,13486,0.5194,38875,0.4512,19885,0.7658,0.2575,6684.0,0.496
23204,瀬戸市,127492,38110,2164,1127.0,38110,127492,19786,0.5192,63166,0.4955,30757,0.8071,0.333,12720.0,0.641
42307,長与町,41275,11216,734,978.0,11216,41275,5821,0.519,20000,0.4846,8605,0.7672,0.3526,3916.0,0.679
45203,延岡市,118059,40465,3536,732.0,40465,118059,21000,0.519,56630,0.4797,29024,0.7173,0.2655,10808.0,0.512
04214,東松島市,39209,11608,1499,496.0,11608,39207,6025,0.519,18007,0.4593,9568,0.8243,0.2627,3044.0,0.506
24205,桑名市,138413,37029,2825,839.0,37029,138413,19217,0.519,70580,0.5099,29338,0.7923,0.2506,9293.0,0.483
01212,留萌市,20092,7406,621,763.0,7391,20079,3833,0.5186,10252,0.5106,5108,0.6911,0.3345,2484.0,0.645
12212,佐倉市,169223,55261,2638,1341.0,55261,169223,28648,0.5184,78662,0.4648,43551,0.7881,0.2987,16429.0,0.576
01452,鷹栖町,6635,2293,539,272.0,2293,6635,1187,0.5177,3810,0.5742,1940,0.8461,0.2716,617.0,0.525
04323,柴田町,38213,11001,1077,654.0,11001,38213,5675,0.5159,17774,0.4651,8222,0.7474,0.2327,2567.0,0.451
11342,嵐山町,17929,5879,651,578.0,5879,17929,3032,0.5157,8298,0.4628,5367,0.9129,0.3095,1816.0,0.6
06321,河北町,17635,6654,655,650.0,6654,17635,3430,0.5155,8540,0.4843,4976,0.7478,0.1966,1305.0,0.381
34207,福山市,460321,132011,10288,821.0,131955,460121,67918,0.5147,212465,0.4618,98473,0.7463,0.2287,30228.0,0.444
09202,足利市,144916,47103,4092,737.0,47103,144916,24235,0.5145,71435,0.4929,36391,0.7726,0.2772,13037.0,0.539
30206,田辺市,69827,23434,3124,480.0,23434,69824,12015,0.5127,37021,0.5302,16009,0.6832,0.3402,7971.0,0.664
20361,下諏訪町,19195,7341,394,1192.0,7341,19195,3761,0.5123,9227,0.4807,5361,0.7303,0.2231,1642.0,0.435
22207,富士宮市,128062,37931,4337,560.0,37931,128062,19357,0.5103,62010,0.4842,30289,0.7985,0.2625,9955.0,0.514
16202,高岡市,166498,54985,4884,721.0,54985,166494,28052,0.5102,80950,0.4862,43487,0.7909,0.2151,11822.0,0.422
10207,館林市,75406,22132,2097,675.0,22132,75406,11290,0.5101,37553,0.498,18388,0.8308,0.2141,4732.0,0.42
01562,西興部村,1053,377,87,277.0,377,1053,192,0.5093,695,0.66,197,0.5225,0.4215,157.0,0.828
43404,菊陽町,43662,9034,791,731.0,9034,43662,4599,0.5091,19285,0.4417,7528,0.8333,0.2685,2428.0,0.527
10205,太田市,223365,58046,6338,586.0,58046,223365,29545,0.509,113042,0.5061,47915,0.8255,0.2143,12441.0,0.421
23230,日進市,92031,18248,1339,872.0,18248,92031,9283,0.5087,37365,0.406,15106,0.8278,0.2948,5319.0,0.579
23442,東浦町,49417,12797,763,1073.0,12797,49417,6507,0.5085,23832,0.4823,10355,0.8092,0.2836,3640.0,0.558
10202,高崎市,373365,105143,9331,721.0,105143,373365,53400,0.5079,177830,0.4763,83533,0.7945,0.2401,25214.0,0.473
01219,紋別市,21215,7700,911,541.0,7700,21211,3905,0.5071,10955,0.5165,6016,0.7813,0.3124,2405.0,0.616
04404,七ヶ浜町,18134,5666,416,872.0,5655,18091,2866,0.5068,9247,0.5111,5427,0.9597,0.2545,1436.0,0.502
42205,大村市,94832,23846,2412,633.0,23813,94684,12048,0.5059,46366,0.4897,18735,0.7868,0.3407,8189.0,0.673
12206,木更津市,136013,37386,3058,782.0,37374,135986,18905,0.5058,60636,0.4459,30910,0.827,0.2834,10592.0,0.56
06205,新庄市,34440,11402,1445,505.0,11402,34440,5760,0.5052,16029,0.4654,9065,0.795,0.2218,2522.0,0.439
24202,四日市市,306070,78808,5651,893.0,78808,306070,39810,0.5052,145568,0.4756,61585,0.7815,0.2322,18259.0,0.46
29425,王寺町,23976,6731,294,1465.0,6731,23976,3386,0.503,11504,0.4798,4661,0.6925,0.334,2249.0,0.664
38205,新居浜市,115922,37337,2581,926.0,37331,115866,18777,0.503,53764,0.464,28341,0.7592,0.247,9218.0,0.491
01229,富良野市,21137,7229,1191,388.0,7229,21137,3633,0.5026,10022,0.4741,5903,0.8166,0.2587,1877.0,0.515
33202,倉敷市,474726,125582,9782,822.0,125497,474410,62836,0.5007,222801,0.4696,101646,0.8099,0.2743,34432.0,0.548
01610,新ひだか町,21445,7580,1312,370.0,7571,21427,3775,0.4986,10395,0.4851,5939,0.7844,0.3033,2308.0,0.608
26343,井手町,7301,2528,172,941.0,2528,7301,1260,0.4984,3610,0.4945,1863,0.7369,0.4353,1115.0,0.873
12229,袖ケ浦市,63892,17024,1758,620.0,17024,63892,8480,0.4981,30851,0.4829,12859,0.7553,0.2321,3960.0,0.466
38204,八幡浜市,31562,12931,1139,727.0,12931,31561,6435,0.4976,15133,0.4795,8414,0.6507,0.3097,4056.0,0.622
26202,舞鶴市,80308,25432,2310,705.0,25384,80087,12620,0.4972,37411,0.4671,17723,0.6982,0.2972,7559.0,0.598
23302,東郷町,43875,10473,679,987.0,10473,43875,5203,0.4968,18197,0.4147,9543,0.9112,0.2671,2726.0,0.538
22209,島田市,95594,30148,2782,694.0,30148,95594,14969,0.4965,46732,0.4889,20981,0.6959,0.2429,7331.0,0.489
40621,苅田町,37896,8913,780,731.0,8913,37893,4417,0.4956,16371,0.432,7648,0.8581,0.3613,3208.0,0.729
01462,南富良野町,2376,767,211,233.0,767,2376,380,0.4954,1217,0.5122,417,0.5437,0.2886,221.0,0.583
08224,守谷市,68110,15767,1111,908.0,15767,68110,7798,0.4946,28769,0.4224,13094,0.8305,0.2958,4687.0,0.598
14382,箱根町,11240,4120,639,413.0,4120,11240,2035,0.4939,5507,0.4899,3189,0.774,0.4139,1705.0,0.838
29426,広陵町,34204,8789,637,883.0,8789,34204,4341,0.4939,16374,0.4787,6789,0.7724,0.3191,2824.0,0.646
11246,白岡市,51998,14543,933,998.0,14543,51998,7179,0.4936,22114,0.4253,11178,0.7686,0.3235,4722.0,0.655
23441,阿久比町,28472,7618,609,801.0,7618,28472,3756,0.493,14825,0.5207,6818,0.895,0.2824,2122.0,0.573
12219,市原市,268875,78622,6627,759.0,78622,268875,38697,0.4922,116346,0.4327,65021,0.827,0.2878,22639.0,0.585
27228,泉南市,60155,17750,886,1282.0,17750,60155,8721,0.4913,27904,0.4639,15074,0.8492,0.4074,7242.0,0.829
11326,毛呂山町,35221,11545,823,898.0,11545,35221,5658,0.4901,17737,0.5036,8736,0.7567,0.3162,3666.0,0.645
22306,西伊豆町,6879,3557,333,684.0,3557,6879,1742,0.4897,3428,0.4983,2078,0.5842,0.4508,1647.0,0.921
23220,稲沢市,134868,37247,3126,763.0,37247,134868,18229,0.4894,62762,0.4654,30317,0.8139,0.3298,12296.0,0.674
01225,滝川市,39489,13831,1400,632.0,13831,39489,6750,0.488,18632,0.4718,11412,0.8251,0.3277,4529.0,0.671
01236,北斗市,44329,13328,1412,604.0,13320,44276,6491,0.4873,20938,0.4729,10261,0.7703,0.2162,2883.0,0.444
09364,野木町,25475,8282,781,679.0,8282,25475,4036,0.4873,12515,0.4913,7312,0.8829,0.2706,2191.0,0.555
12202,銚子市,58191,22009,1824,772.0,22009,58191,10670,0.4848,28050,0.482,14982,0.6807,0.2443,5389.0,0.504
22215,御殿場市,86567,22154,2478,572.0,22154,86567,10734,0.4845,38531,0.4451,17894,0.8077,0.2562,5683.0,0.529
37201,高松市,417234,115196,10147,727.0,114976,416740,55678,0.4843,187372,0.4496,84208,0.7324,0.2657,30623.0,0.549
06210,天童市,62168,18778,1722,698.0,18778,62168,9091,0.4841,25308,0.4071,14162,0.7542,0.1722,3231.0,0.356
26211,京田辺市,74044,17358,863,1287.0,17358,74044,8402,0.484,30624,0.4136,12800,0.7374,0.3264,5650.0,0.674
08217,取手市,104701,36092,1941,1190.0,36092,104701,17442,0.4833,49869,0.4763,29438,0.8156,0.3224,11621.0,0.667
40223,古賀市,58583,15854,908,1117.0,15854,58583,7657,0.483,26604,0.4541,12214,0.7704,0.3005,4883.0,0.622
40217,筑紫野市,103381,26465,1563,1084.0,26465,103381,12767,0.4824,43209,0.418,20996,0.7933,0.2978,7867.0,0.617
14210,三浦市,42027,17144,905,1212.0,17116,41954,8255,0.4823,20154,0.4804,12767,0.7459,0.3535,6066.0,0.733
23237,あま市,85882,22772,1319,1105.0,22772,85882,10984,0.4823,38554,0.4489,19505,0.8565,0.2904,6689.0,0.602
11442,宮代町,34273,10986,681,1032.0,10986,34273,5291,0.4816,14805,0.432,8616,0.7843,0.3567,3914.0,0.741
20204,岡谷市,47790,16545,1039,1019.0,16545,47790,7966,0.4815,22919,0.4796,13398,0.8098,0.1853,3062.0,0.385
04202,石巻市,139925,46478,4926,604.0,46478,139911,22370,0.4813,62702,0.4482,37084,0.7979,0.2411,11213.0,0.501
22225,伊豆の国市,46853,15735,1515,665.0,15735,46853,7567,0.4809,20853,0.4451,12425,0.7896,0.3246,5112.0,0.675
04401,松島町,13287,5189,706,470.0,5189,13287,2495,0.4808,6325,0.476,4376,0.8433,0.2977,1552.0,0.619
08221,ひたちなか市,156432,40236,3475,741.0,40232,156423,19325,0.4803,67884,0.434,32304,0.8029,0.2653,10673.0,0.552
08208,龍ケ崎市,76580,22199,1804,788.0,22199,76580,10616,0.4782,34907,0.4558,18512,0.8339,0.297,6568.0,0.621
23213,西尾市,169058,43386,4286,648.0,43382,169047,20701,0.4772,74101,0.4383,33427,0.7705,0.23,9977.0,0.482
04207,名取市,79625,18105,1720,674.0,18105,79625,8630,0.4767,34655,0.4352,14112,0.7795,0.2264,4048.0,0.475
25202,彦根市,113703,28311,2194,826.0,28311,113703,13467,0.4757,51021,0.4487,21244,0.7504,0.3073,8696.0,0.646
01205,室蘭市,82265,30325,1868,1039.0,30325,82265,14402,0.4749,36211,0.4402,24233,0.7991,0.3516,10663.0,0.74
42201,長崎市,406798,131704,6660,1266.0,131432,406037,62422,0.4749,178535,0.4397,89922,0.6842,0.4091,54245.0,0.861
41203,鳥栖市,74351,18007,1359,848.0,18007,74351,8550,0.4748,31723,0.4267,14225,0.79,0.2719,4877.0,0.573
31202,米子市,147377,42375,3252,834.0,42373,147362,20107,0.4745,65368,0.4436,33876,0.7995,0.2425,10266.0,0.511
09208,小山市,166826,41774,4741,564.0,41774,166822,19817,0.4744,68205,0.4088,32504,0.7781,0.282,11781.0,0.594
11465,松伏町,28288,8451,566,956.0,8451,28288,4008,0.4743,12754,0.4509,6899,0.8164,0.254,2135.0,0.536
01661,釧路町,18877,5644,615,587.0,5644,18877,2674,0.4738,8905,0.4717,4232,0.7498,0.1786,1019.0,0.377
02203,八戸市,223545,69359,5598,793.0,69359,223545,32849,0.4736,99040,0.443,55469,0.7997,0.3381,23437.0,0.714
11212,東松山市,91693,25963,2190,759.0,25963,91693,12289,0.4733,39384,0.4295,19736,0.7602,0.2497,6490.0,0.527
01543,美幌町,18697,6709,857,501.0,6709,18697,3173,0.4729,9001,0.4814,5076,0.7566,0.2358,1583.0,0.499
10204,伊勢崎市,211896,53124,5497,619.0,53124,211896,25109,0.4726,95605,0.4512,42890,0.8074,0.1927,10227.0,0.408
22301,東伊豆町,11418,5489,535,657.0,5489,11418,2588,0.4715,5292,0.4635,3421,0.6232,0.4524,2496.0,0.96
12208,野田市,152573,47075,3497,862.0,47075,152573,22182,0.4712,65377,0.4285,35300,0.7499,0.2391,11250.0,0.507
40203,久留米市,302953,79971,6178,828.0,79971,302953,37678,0.4711,129577,0.4277,58359,0.7298,0.3177,25432.0,0.674
27214,富田林市,108968,32956,1349,1564.0,32956,108968,15504,0.4704,50156,0.4603,23146,0.7023,0.3567,11694.0,0.758
20201,長野市,372805,108233,9203,753.0,108233,372805,50908,0.4704,157911,0.4236,85405,0.7891,0.231,25004.0,0.491
25201,大津市,344964,90523,4761,1217.0,90523,344964,42545,0.47,153118,0.4439,65637,0.7251,0.3503,31730.0,0.745
05201,秋田市,307701,95945,6374,963.0,95945,307701,45066,0.4697,132890,0.4319,74549,0.777,0.314,30131.0,0.669
21202,大垣市,158188,43357,3503,792.0,43357,158188,20327,0.4688,70730,0.4471,34915,0.8053,0.2623,11402.0,0.56
14383,真鶴町,6665,2915,171,1091.0,2915,6665,1366,0.4686,3230,0.4846,2157,0.74,0.348,1017.0,0.743
27232,阪南市,50914,17047,759,1437.0,17047,50914,7980,0.4681,23574,0.463,15009,0.8804,0.3979,6793.0,0.85
14366,開成町,18209,4748,300,1013.0,4748,18209,2222,0.468,7596,0.4172,3723,0.7841,0.2633,1256.0,0.563
07203,郡山市,327836,86476,8750,633.0,86476,327836,40360,0.4667,135981,0.4148,68738,0.7949,0.2254,19490.0,0.483
29202,大和高田市,61367,19187,846,1451.0,19187,61367,8954,0.4667,27380,0.4462,14964,0.7799,0.3002,5800.0,0.643
10201,前橋市,331869,96170,9765,630.0,96170,331869,44800,0.4658,149752,0.4512,75448,0.7845,0.2179,21007.0,0.468
01230,登別市,46434,17262,1037,1065.0,17262,46434,8039,0.4657,20928,0.4507,13349,0.7733,0.255,4408.0,0.548
45201,宮崎市,401303,110580,8227,860.0,110580,401293,51462,0.4654,165466,0.4123,76588,0.6926,0.2337,25849.0,0.502
33100,岡山市,724586,185457,15273,777.0,185406,724348,86268,0.4653,299425,0.4134,135165,0.729,0.311,57755.0,0.668
47329,西原町,35629,7600,479,1015.0,7600,35629,3535,0.4651,15262,0.4284,5865,0.7717,0.224,1683.0,0.482
11240,幸手市,50410,17769,1182,962.0,17769,50410,8226,0.4629,22915,0.4546,11733,0.6603,0.2239,3948.0,0.484
36402,北島町,22588,5771,420,879.0,5771,22588,2671,0.4628,9903,0.4384,4506,0.7808,0.2159,1252.0,0.467
47350,南風原町,40603,8054,446,1156.0,8054,40603,3725,0.4625,16258,0.4004,6829,0.8479,0.1999,1571.0,0.432
22206,三島市,107474,31578,1527,1324.0,31578,107474,14597,0.4623,46147,0.4294,22507,0.7127,0.2884,9134.0,0.624
01214,稚内市,33538,11027,1080,653.0,11014,33490,5076,0.4609,15732,0.4698,8111,0.7364,0.3433,3785.0,0.745
14342,二宮町,27689,9739,387,1611.0,9739,27689,4457,0.4576,11916,0.4304,7242,0.7436,0.3128,3028.0,0.683
29344,斑鳩町,27328,8339,419,1274.0,8339,27328,3811,0.457,11363,0.4158,6156,0.7382,0.3062,2570.0,0.67
01484,羽幌町,6547,2817,369,489.0,2817,6545,1281,0.4547,2928,0.4474,2218,0.7874,0.2873,814.0,0.632
01203,小樽市,111229,45382,2297,1264.0,45382,111229,20591,0.4537,50860,0.4573,31642,0.6972,0.3553,16141.0,0.783
40202,大牟田市,111292,41240,2292,1152.0,41240,111292,18641,0.452,46905,0.4215,30853,0.7481,0.297,12263.0,0.657
14362,大井町,17071,4944,364,869.0,4944,17071,2230,0.4511,7383,0.4325,4114,0.8321,0.259,1285.0,0.574
29201,奈良市,354538,110273,5114,1380.0,110273,354538,49678,0.4505,150203,0.4237,82008,0.7437,0.3312,36501.0,0.735
42308,時津町,29824,8177,505,1036.0,8171,29810,3681,0.4505,12563,0.4214,5822,0.7125,0.2994,2353.0,0.665
02201,青森市,275167,84797,5130,1058.0,84667,274872,38075,0.4497,118823,0.4323,67348,0.7954,0.349,29593.0,0.776
06206,寒河江市,40207,12857,1230,669.0,12857,40207,5775,0.4492,15758,0.3919,10261,0.7981,0.1749,2249.0,0.389
28201,姫路市,530097,142302,9061,1005.0,142302,530097,63719,0.4478,221982,0.4188,106497,0.7484,0.3343,47612.0,0.747
07202,会津若松市,117401,36325,2870,810.0,36325,117401,16226,0.4467,48090,0.4096,25633,0.7057,0.2332,8465.0,0.522
28210,加古川市,260181,72178,3731,1238.0,72178,260181,32216,0.4463,108198,0.4159,55748,0.7724,0.3085,22316.0,0.691
08201,水戸市,270798,70883,7192,631.0,70883,270798,31628,0.4462,112991,0.4173,55363,0.781,0.2633,18676.0,0.59
22214,藤枝市,141524,42621,3090,883.0,42621,141524,18969,0.4451,58904,0.4162,32054,0.7521,0.2577,10980.0,0.579
01211,網走市,35748,11256,1412,510.0,11256,35748,5002,0.4444,17044,0.4768,7728,0.6866,0.318,3580.0,0.716
11232,久喜市,149924,45910,3178,925.0,45910,149924,20377,0.4438,64541,0.4305,34452,0.7504,0.2556,11781.0,0.576
06204,酒田市,100273,36096,3236,714.0,36096,100273,16021,0.4438,40396,0.4029,24592,0.6813,0.2026,7314.0,0.457
29205,橿原市,121240,34616,1691,1310.0,34616,121240,15356,0.4436,47765,0.394,26188,0.7565,0.2526,8716.0,0.569
10203,桐生市,106018,38266,3320,738.0,38266,106018,16969,0.4434,47767,0.4506,29178,0.7625,0.2153,8267.0,0.486
47213,うるま市,125202,27969,2029,882.0,27960,125151,12379,0.4427,52365,0.4184,20179,0.7217,0.2207,6190.0,0.498
14211,秦野市,162294,48499,2144,1448.0,48499,162294,21446,0.4422,66190,0.4078,38706,0.7981,0.3148,15274.0,0.712
03201,盛岡市,289686,79978,6480,790.0,79978,289686,35281,0.4411,116567,0.4024,59218,0.7404,0.2474,19800.0,0.561
31204,境港市,32704,10729,767,895.0,10729,32704,4732,0.441,14245,0.4356,7698,0.7175,0.2345,2518.0,0.532
01208,北見市,115477,38847,3904,637.0,38847,115477,17122,0.4408,50066,0.4336,29887,0.7694,0.2674,10385.0,0.607
25207,守山市,82971,18019,1192,967.0,18019,82971,7900,0.4384,32835,0.3957,12745,0.7073,0.2615,4732.0,0.596
29210,香芝市,77897,18556,958,1240.0,18556,77897,8121,0.4376,32383,0.4157,14632,0.7885,0.2795,5151.0,0.639
47314,金武町,10809,3011,281,686.0,3005,10745,1314,0.4373,4833,0.4498,2461,0.819,0.3466,1042.0,0.793
23236,みよし市,61728,11235,1057,680.0,11235,61728,4910,0.437,28162,0.4562,9798,0.8721,0.2686,3017.0,0.615
27362,田尻町,8524,2060,107,1232.0,2060,8524,900,0.4369,3757,0.4408,1602,0.7777,0.4401,879.0,1.007
01470,音威子府村,706,213,63,216.0,213,706,93,0.4366,262,0.3711,93,0.4366,0.4198,87.0,0.961
01468,下川町,3126,1257,270,298.0,1257,3126,548,0.436,1524,0.4875,645,0.5131,0.307,386.0,0.704
14363,松田町,10857,3659,265,884.0,3659,10857,1584,0.4329,4108,0.3784,3217,0.8792,0.4448,1624.0,1.028
47301,国頭村,4458,1539,270,365.0,1539,4451,663,0.4308,2091,0.4698,965,0.627,0.3421,530.0,0.794
13228,あきる野市,79151,23894,1274,1200.0,23894,79151,10261,0.4294,31939,0.4035,18388,0.7696,0.386,9183.0,0.899
22424,吉田町,28849,7461,755,632.0,7461,28849,3202,0.4292,12468,0.4322,5429,0.7277,0.2331,1740.0,0.543
11211,本庄市,78762,22694,2181,666.0,22694,78762,9717,0.4282,32100,0.4076,17811,0.7848,0.2117,4798.0,0.494
12222,我孫子市,130846,39966,1347,1899.0,39966,130846,17101,0.4279,48425,0.3701,29745,0.7443,0.3239,12917.0,0.757
36201,徳島市,252338,70792,5014,904.0,70792,252338,30295,0.4279,101423,0.4019,50146,0.7084,0.2929,20740.0,0.684
01408,余市町,17905,7218,838,551.0,7208,17887,3083,0.4277,7532,0.4211,5077,0.7044,0.3334,2421.0,0.779
40231,那珂川市,49719,11636,765,973.0,11636,49719,4967,0.4269,15633,0.3144,6563,0.564,0.2414,2826.0,0.566
23362,扶桑町,34459,9086,537,1083.0,9086,34459,3875,0.4265,13383,0.3884,7215,0.7941,0.3267,2938.0,0.766
09201,宇都宮市,518536,129846,10922,761.0,129846,518536,55312,0.426,204366,0.3941,98933,0.7619,0.2517,32690.0,0.591
23203,一宮市,379715,102453,5798,1131.0,102453,379715,43541,0.425,147342,0.388,81503,0.7955,0.3017,30936.0,0.71
34302,府中町,50653,12404,353,2249.0,12404,50653,5272,0.425,17034,0.3363,8135,0.6558,0.1899,2387.0,0.447
43442,嘉島町,9602,2552,329,496.0,2552,9602,1083,0.4244,3707,0.3861,1869,0.7324,0.2414,611.0,0.569
27219,和泉市,183760,46892,2008,1495.0,46892,183760,19885,0.4241,73065,0.3976,35779,0.763,0.315,14803.0,0.743
01487,天塩町,2950,1099,263,267.0,1099,2950,466,0.424,1299,0.4403,681,0.6197,0.3128,343.0,0.738
22210,富士市,245444,69319,4506,985.0,69319,245444,29257,0.4221,100793,0.4107,51804,0.7473,0.2396,16607.0,0.568
40342,篠栗町,30730,7949,487,1045.0,7949,30730,3354,0.4219,10772,0.3505,4755,0.5982,0.2624,2095.0,0.622
27231,大阪狭山市,58375,16360,587,1784.0,16360,58375,6899,0.4217,24751,0.424,10508,0.6423,0.3948,6487.0,0.936
40345,新宮町,32849,6344,418,971.0,6344,32847,2674,0.4215,10785,0.3283,5086,0.8017,0.239,1440.0,0.567
12228,四街道市,93566,27037,1284,1348.0,27037,93566,11387,0.4212,34060,0.364,20537,0.7596,0.2598,7032.0,0.617
27208,貝塚市,84748,23174,1065,1393.0,23174,84748,9757,0.421,34561,0.4078,19173,0.8273,0.3151,7252.0,0.748
12232,白井市,62494,17147,1069,1027.0,17147,62494,7208,0.4204,23238,0.3718,11833,0.6901,0.2234,3821.0,0.531
04203,塩竈市,52320,17820,773,1475.0,17813,52301,7482,0.42,21384,0.4089,14006,0.7863,0.261,4614.0,0.621
28214,宝塚市,226294,63676,1932,2109.0,63676,226294,26649,0.4185,89055,0.3935,43136,0.6774,0.2985,19010.0,0.713
46201,鹿児島市,592696,158614,9563,1062.0,158577,592590,66339,0.4183,216342,0.3651,103320,0.6515,0.2647,42036.0,0.633
22130,浜松市,790722,220913,17711,798.0,220913,790722,92229,0.4175,297148,0.3758,156457,0.7082,0.2745,60638.0,0.657
25208,栗東市,69019,13261,1080,786.0,13261,69019,5528,0.4169,26463,0.3834,10604,0.7996,0.2888,3795.0,0.693
47313,宜野座村,5836,1486,276,345.0,1486,5832,618,0.4159,2433,0.4172,931,0.6265,0.2457,366.0,0.591
01486,遠別町,2520,1036,211,314.0,1036,2520,430,0.4151,1175,0.4663,600,0.5792,0.3053,316.0,0.735
18202,敦賀市,64241,18464,1474,802.0,18464,64218,7643,0.4139,26248,0.4087,14127,0.7651,0.3316,6125.0,0.801
23224,知多市,84205,23474,1213,1239.0,23467,84123,9697,0.4132,32659,0.3882,17006,0.7247,0.3416,8014.0,0.827
11239,坂戸市,99868,29196,1528,1223.0,29196,99868,12057,0.413,35335,0.3538,19856,0.6801,0.2347,6908.0,0.568
47326,北谷町,27946,5712,323,1132.0,5712,27946,2358,0.4128,9225,0.3301,3568,0.6246,0.1689,973.0,0.409
18201,福井市,262368,75812,5983,811.0,75800,262336,31239,0.4121,96317,0.3672,57665,0.7608,0.2826,21420.0,0.686
23208,津島市,61007,18394,1182,996.0,18394,61007,7575,0.4118,23858,0.3911,14088,0.7659,0.2801,5125.0,0.68
47209,名護市,63513,13870,1502,591.0,13867,63472,5697,0.4108,22722,0.358,10400,0.75,0.311,4323.0,0.757
23447,武豊町,43849,10865,769,904.0,10865,43847,4458,0.4103,16056,0.3662,8779,0.808,0.3183,3436.0,0.776
30201,和歌山市,357281,110078,5650,1247.0,109988,357052,45045,0.4095,144881,0.4058,79483,0.7227,0.2791,30689.0,0.682
36401,松茂町,14589,3933,374,673.0,3933,14589,1610,0.4094,5685,0.3897,3410,0.867,0.2406,942.0,0.588
44201,大分市,475499,129205,8161,1013.0,129203,475471,52698,0.4079,177734,0.3738,91485,0.7081,0.2332,30154.0,0.572
27222,羽曳野市,109336,33499,1016,2110.0,33499,109336,13628,0.4068,44090,0.4033,22206,0.6629,0.2475,8245.0,0.608
47210,糸満市,60644,13473,967,892.0,13471,60626,5464,0.4056,20536,0.3387,10379,0.7705,0.235,3177.0,0.579
15100,新潟市,789213,230965,13976,1058.0,230965,789213,93393,0.4044,298793,0.3786,172200,0.7456,0.2081,48067.0,0.515
14301,葉山町,31618,10094,529,1221.0,10094,31618,4073,0.4035,11719,0.3706,5643,0.559,0.3953,3981.0,0.98
34304,海田町,29320,6961,306,1456.0,6961,29320,2793,0.4012,10903,0.3719,4192,0.6022,0.1607,1135.0,0.401
11217,鴻巣市,117178,35100,2221,1011.0,35100,117178,14078,0.4011,46059,0.3931,25483,0.726,0.2264,7921.0,0.564
25206,草津市,143993,30026,1708,1125.0,30026,143993,12041,0.401,49023,0.3405,21312,0.7098,0.3378,10153.0,0.842
23207,豊川市,184690,48233,3671,841.0,48224,184663,19315,0.4005,65835,0.3565,38344,0.7951,0.2578,12437.0,0.644
19210,甲斐市,75117,18972,1448,839.0,18972,75117,7589,0.4,29730,0.3958,16108,0.849,0.2279,4351.0,0.57
14204,鎌倉市,172997,53513,1885,1817.0,53513,172997,21371,0.3994,63337,0.3661,38228,0.7144,0.3989,21290.0,0.999
06201,山形市,247555,72247,4787,966.0,72247,247555,28829,0.399,88034,0.3556,47112,0.6521,0.2307,16688.0,0.578
40219,大野城市,102288,22747,846,1721.0,22747,102288,9052,0.3979,33908,0.3315,15512,0.6819,0.2509,5615.0,0.631
23219,小牧市,148521,37196,2346,1015.0,37196,148521,14652,0.3939,51855,0.3491,27853,0.7488,0.2593,9637.0,0.658
39201,高知市,326540,95899,5172,1187.0,95856,326354,37689,0.3932,121608,0.3726,62386,0.6508,0.2081,19955.0,0.529
37403,琴平町,8444,3463,325,682.0,3463,8444,1361,0.393,3804,0.4505,1852,0.5348,0.3003,1042.0,0.764
14341,大磯町,31606,10811,525,1318.0,10811,31603,4240,0.3922,11550,0.3655,7039,0.6511,0.3744,4063.0,0.955
27213,泉佐野市,100135,26160,1339,1250.0,26160,100135,10194,0.3897,36251,0.362,18864,0.7211,0.3105,8146.0,0.797
27341,忠岡町,17214,4852,154,2016.0,4852,17214,1888,0.3891,6407,0.3722,4562,0.9402,0.2965,1417.0,0.762
34309,坂町,12635,3724,241,989.0,3695,12504,1431,0.3873,4455,0.3563,1624,0.4395,0.3251,1208.0,0.839
23361,大口町,24321,5799,523,710.0,5799,24321,2245,0.3871,9284,0.3817,5036,0.8684,0.2852,1646.0,0.737
01206,釧路市,165295,56425,3354,1077.0,56425,165295,21785,0.3861,57466,0.3477,43169,0.7651,0.2608,14696.0,0.675
23202,岡崎市,383815,89481,6064,944.0,89481,383815,34391,0.3843,135513,0.3531,67413,0.7534,0.2479,22234.0,0.645
21201,岐阜市,402663,113095,6868,1054.0,113095,402663,43408,0.3838,144562,0.359,83582,0.739,0.2678,30286.0,0.698
29424,上牧町,21216,7558,261,1853.0,7558,21216,2879,0.3809,8881,0.4186,6198,0.8201,0.3247,2527.0,0.852
14208,逗子市,56916,17910,601,1907.0,17910,56916,6780,0.3786,21232,0.373,11059,0.6175,0.4222,7578.0,1.115
47324,読谷村,41196,9050,633,915.0,9050,41196,3423,0.3782,16581,0.4025,5556,0.6139,0.1616,1462.0,0.427
34100,広島市,1201486,301090,13295,1449.0,300606,1200682,113305,0.3769,386027,0.3215,183788,0.6114,0.2517,75728.0,0.668
01513,中頓別町,1637,660,139,304.0,660,1637,248,0.3758,690,0.4215,511,0.7742,0.3937,258.0,1.048
22212,焼津市,136723,40836,2881,907.0,40836,136723,15345,0.3758,48532,0.355,25651,0.6281,0.2574,10520.0,0.685
01235,石狩市,56851,19368,1443,859.0,19368,56851,7221,0.3728,19335,0.3401,15878,0.8198,0.2292,4448.0,0.615
10426,草津町,6049,2353,222,678.0,2353,6049,876,0.3723,2205,0.3645,1727,0.734,0.4748,1115.0,1.275
13205,青梅市,133480,42506,1929,1410.0,42506,133480,15737,0.3702,41197,0.3086,28402,0.6682,0.3765,15997.0,1.017
30361,湯浅町,11058,4071,344,757.0,4071,11058,1500,0.3685,4544,0.4109,1824,0.448,0.2765,1131.0,0.75
11215,狭山市,149302,47651,1830,1666.0,47651,149302,17514,0.3675,53614,0.3591,35617,0.7475,0.299,14248.0,0.813
11324,三芳町,39165,11643,495,1505.0,11643,39165,4210,0.3616,11238,0.2869,7047,0.6053,0.1969,2270.0,0.545
28216,高砂市,88035,25681,1132,1452.0,25681,88035,9266,0.3608,31367,0.3563,18880,0.7352,0.3071,7862.0,0.851
04216,富谷市,51080,10994,786,895.0,10994,51080,3954,0.3597,18762,0.3673,9070,0.825,0.233,2597.0,0.648
14401,愛川町,40016,11987,746,1028.0,11987,40016,4308,0.3594,13198,0.3298,8144,0.6794,0.2698,3223.0,0.751
01231,恵庭市,70340,19675,1417,889.0,19675,70340,7066,0.3591,23528,0.3345,15168,0.7709,0.2709,5328.0,0.754
04321,大河原町,23677,6568,628,669.0,6568,23677,2344,0.3569,7194,0.3038,5306,0.8079,0.2221,1448.0,0.622
40100,北九州市,939126,286082,11191,1636.0,286034,938936,101978,0.3565,301712,0.3213,183529,0.6416,0.2808,80364.0,0.788
43100,熊本市,738109,190945,11140,1097.0,190889,737989,67885,0.3556,236605,0.3206,125384,0.6568,0.2587,49423.0,0.727
47212,豊見城市,65474,12952,687,1207.0,12952,65474,4595,0.3548,21195,0.3237,8536,0.659,0.1284,1634.0,0.362
14384,湯河原町,23439,9946,486,1310.0,9936,23428,3506,0.3529,8071,0.3445,5579,0.5615,0.3204,3191.0,0.908
13201,八王子市,579265,153512,5336,1841.0,153512,579265,54132,0.3526,181000,0.3125,109400,0.7126,0.3981,61105.0,1.129
26207,城陽市,74855,25175,700,2302.0,25175,74855,8871,0.3524,24064,0.3215,16914,0.6719,0.3223,8091.0,0.915
23223,大府市,94031,20034,1330,964.0,20034,94031,7057,0.3523,28454,0.3026,15290,0.7632,0.3143,6262.0,0.892
12217,柏市,426067,110252,4056,1740.0,110252,426067,38743,0.3514,138925,0.3261,74944,0.6798,0.2639,29082.0,0.751
23201,豊橋市,372301,95867,6932,885.0,95865,372263,33663,0.3512,127285,0.3419,65169,0.6798,0.235,22500.0,0.669
27229,四條畷市,54637,15053,438,2200.0,15053,54637,5285,0.3511,19620,0.3591,10341,0.687,0.3177,4813.0,0.905
21303,笠松町,22147,6177,430,919.0,6177,22147,2167,0.3508,8087,0.3652,4465,0.7228,0.2755,1711.0,0.785
27230,交野市,75670,21844,713,1961.0,21844,75670,7634,0.3495,26539,0.3507,14997,0.6866,0.2934,6331.0,0.839
19202,富士吉田市,46609,13998,1084,826.0,13998,46609,4857,0.347,16723,0.3588,9274,0.6625,0.2177,3049.0,0.627
23214,蒲郡市,79573,23414,1522,985.0,23343,79209,8095,0.3468,25739,0.325,17643,0.7558,0.2866,6709.0,0.827
23229,豊明市,69190,17930,895,1282.0,17930,69190,6217,0.3467,21582,0.3119,13319,0.7428,0.279,5056.0,0.805
13224,多摩市,146821,42645,984,2774.0,42645,146821,14758,0.3461,42295,0.2881,28775,0.6748,0.3453,14703.0,0.998
23217,江南市,98595,26649,1585,1076.0,26649,98595,9217,0.3459,30368,0.308,19095,0.7165,0.3219,8572.0,0.931
40221,太宰府市,73156,20153,883,1461.0,20153,73156,6945,0.3446,24326,0.3325,13019,0.646,0.34,6912.0,0.987
26209,長岡京市,80359,21969,585,2403.0,21969,80359,7545,0.3434,26539,0.3303,16277,0.7409,0.3542,7800.0,1.031
01213,苫小牧市,170087,50001,2763,1158.0,49995,170071,17156,0.3432,54934,0.323,38068,0.7614,0.2218,11097.0,0.646
23212,安城市,187993,39580,3033,835.0,39580,187993,13585,0.3432,58333,0.3103,30776,0.7776,0.2569,10147.0,0.748
04211,岩沼市,43977,11739,981,766.0,11739,43977,4020,0.3424,14151,0.3218,10147,0.8644,0.1994,2344.0,0.582
40349,粕屋町,48879,8600,522,1054.0,8600,48879,2940,0.3419,16574,0.3391,6535,0.7599,0.2733,2327.0,0.799
23233,清須市,67365,15174,852,1140.0,15174,67365,5171,0.3408,21537,0.3197,11928,0.7861,0.3352,5091.0,0.984
38201,松山市,510294,139182,7134,1249.0,139060,509986,47082,0.3386,146627,0.2875,90612,0.6516,0.2572,35893.0,0.76
27204,池田市,105382,27826,716,2487.0,27826,105382,9417,0.3384,33538,0.3183,16944,0.6089,0.2532,7036.0,0.748
12220,流山市,200896,46082,1717,1718.0,46082,200896,15579,0.3381,54284,0.2702,29481,0.6398,0.2396,11035.0,0.709
27210,枚方市,396287,109847,2599,2705.0,109847,396287,37053,0.3373,131386,0.3315,70643,0.6431,0.2809,30979.0,0.833
47382,与那国町,1672,360,63,366.0,360,1672,121,0.3361,633,0.3786,212,0.5889,0.5296,191.0,1.576
23226,尾張旭市,83822,21661,900,1540.0,21661,83822,7251,0.3347,26241,0.3131,14702,0.6787,0.2885,6196.0,0.862
11233,北本市,65139,21141,945,1432.0,21141,65139,7019,0.332,21671,0.3327,13988,0.6617,0.217,4596.0,0.654
14201,横須賀市,387490,124472,3742,2129.0,124242,384847,41232,0.3319,120506,0.3131,82950,0.6676,0.3557,44364.0,1.072
14214,伊勢原市,102449,26784,1492,1149.0,26784,102449,8887,0.3318,29329,0.2863,18948,0.7074,0.3344,8888.0,1.008
13225,稲城市,93620,20143,684,1885.0,20143,93620,6682,0.3317,24768,0.2646,12624,0.6267,0.2704,5432.0,0.815
11201,川越市,353886,89087,4262,1338.0,89087,353886,29493,0.3311,108907,0.3077,59035,0.6627,0.2749,24479.0,0.83
14212,厚木市,223026,57346,2761,1329.0,57346,223026,18890,0.3294,64753,0.2903,41390,0.7218,0.3142,18075.0,0.954
40343,志免町,45205,10818,450,1539.0,10818,45205,3563,0.3294,11684,0.2585,5845,0.5403,0.2475,2731.0,0.751
23206,春日井市,308636,79426,3615,1406.0,79426,308636,25906,0.3262,88848,0.2879,58327,0.7344,0.2832,22522.0,0.868
01217,江別市,121055,36730,2112,1113.0,36730,121055,11958,0.3256,39929,0.3298,28513,0.7763,0.3083,11339.0,0.947
28100,神戸市,1523291,418976,12272,2185.0,418887,1522719,136384,0.3256,449123,0.2949,241348,0.5762,0.2601,109028.0,0.799
22203,沼津市,189207,60360,2812,1374.0,60360,189207,19589,0.3245,57674,0.3048,36092,0.5979,0.2608,15774.0,0.804
30207,新宮市,27171,10120,745,869.0,10120,27171,3275,0.3236,8741,0.3217,6375,0.6299,0.3106,3140.0,0.96
47325,嘉手納町,13374,3247,115,1807.0,3247,13374,1039,0.32,4182,0.3127,1418,0.4367,0.1825,597.0,0.57
21302,岐南町,25361,5732,452,812.0,5732,25361,1831,0.3194,8201,0.3234,4487,0.7828,0.1724,1004.0,0.54
11225,入間市,145444,42899,1577,1741.0,42899,145444,13676,0.3188,43141,0.2966,28561,0.6658,0.238,10217.0,0.747
26210,八幡市,71069,22215,745,1908.0,22215,71069,7069,0.3182,22281,0.3135,13976,0.6291,0.321,7079.0,1.009
23238,長久手市,60100,10120,731,886.0,10120,60100,3205,0.3167,15117,0.2515,7893,0.7799,0.3026,2978.0,0.956
14321,寒川町,47946,13145,582,1445.0,13145,47946,4161,0.3165,15357,0.3203,9196,0.6996,0.3347,4434.0,1.057
19201,甲府市,189804,54546,3329,1049.0,54546,189804,17140,0.3142,58383,0.3076,37464,0.6868,0.2429,13235.0,0.773
23222,東海市,113507,24993,1336,1197.0,24993,113507,7846,0.3139,32574,0.287,19015,0.7608,0.2849,7125.0,0.908
37386,宇多津町,18610,3947,331,763.0,3947,18610,1237,0.3134,5353,0.2876,2621,0.664,0.2854,1131.0,0.911
23205,半田市,117524,28418,1591,1143.0,28418,117524,8898,0.3131,34055,0.2898,20298,0.7143,0.2376,6792.0,0.759
26204,宇治市,179393,53723,1404,2449.0,53723,179393,16790,0.3125,55651,0.3102,34686,0.6456,0.2758,14838.0,0.883
01207,帯広市,166529,49008,3338,940.0,49008,166529,15275,0.3117,51424,0.3088,35020,0.7146,0.2184,10699.0,0.701
04100,仙台市,1095511,256987,11646,1412.0,256987,1095511,80085,0.3116,294076,0.2684,171340,0.6667,0.2791,71785.0,0.896
07545,大熊町,848,84,32,168.0,84,848,26,0.3095,384,0.4528,84,1.0,0.0765,7.0,0.247
17365,内灘町,26759,7131,373,1224.0,7131,26759,2199,0.3084,8634,0.3227,3800,0.5329,0.1974,1397.0,0.64
26303,大山崎町,15645,4280,147,1863.0,4280,15645,1319,0.3082,5207,0.3328,2725,0.6367,0.5688,2475.0,1.846
23425,蟹江町,37374,9539,537,1137.0,9539,37374,2932,0.3074,9693,0.2594,5489,0.5754,0.2492,2360.0,0.811
11231,桶川市,74701,22122,1110,1276.0,22122,74701,6797,0.3073,20370,0.2727,15224,0.6882,0.2272,5027.0,0.739
28382,播磨町,33555,9263,338,1754.0,9259,33547,2842,0.3069,10493,0.3128,5617,0.6067,0.2302,2109.0,0.75
23225,知立市,72060,14309,793,1155.0,14309,72060,4387,0.3066,22145,0.3073,8575,0.5993,0.2974,4271.0,0.97
01204,旭川市,329269,112383,6807,1057.0,112383,329269,34449,0.3065,98503,0.2992,77435,0.689,0.2485,27929.0,0.811
27202,岸和田市,190386,53418,1993,1715.0,53418,190385,16272,0.3046,52736,0.277,37054,0.6937,0.2978,15933.0,0.978
27226,藤井寺市,63971,18089,447,2590.0,18089,63971,5480,0.3029,19447,0.304,12871,0.7115,0.2282,4125.0,0.753
11243,吉川市,71942,17377,1094,1017.0,17377,71942,5243,0.3017,18923,0.263,10909,0.6278,0.2698,4672.0,0.894
27301,島本町,31129,8482,233,2330.0,8482,31129,2558,0.3016,9323,0.2995,5540,0.6531,0.2695,2288.0,0.894
13303,瑞穂町,31662,9442,540,1119.0,9442,31662,2847,0.3015,9604,0.3033,7363,0.7798,0.424,4035.0,1.406
12221,八千代市,198674,50353,1839,1752.0,50353,198674,15087,0.2996,59881,0.3014,33027,0.6559,0.2743,13847.0,0.915
01202,函館市,250494,89043,4510,1264.0,88980,250239,26641,0.2994,72042,0.2879,61957,0.6963,0.2331,20807.0,0.779
01224,千歳市,97964,22686,1630,891.0,22686,97964,6789,0.2993,29810,0.3043,17661,0.7785,0.2203,4999.0,0.736
27221,柏原市,68098,19834,613,2071.0,19834,68098,5883,0.2966,18844,0.2767,11770,0.5934,0.3369,6726.0,1.136
22342,長泉町,43377,9626,596,1034.0,9626,43377,2849,0.296,11029,0.2543,6343,0.6589,0.2318,2215.0,0.783
14206,小田原市,188843,56609,2575,1407.0,56609,188838,16698,0.295,51709,0.2738,37178,0.6568,0.3081,17437.0,1.045
26322,久御山町,15344,4944,301,1051.0,4944,15344,1455,0.2943,4162,0.2712,3041,0.6151,0.1849,902.0,0.628
27207,高槻市,353156,102590,2436,2695.0,102590,353156,30146,0.2938,91400,0.2588,55521,0.5412,0.2624,26822.0,0.893
01402,岩内町,11663,4366,382,731.0,4366,11663,1263,0.2893,3232,0.2771,2745,0.6287,0.3526,1539.0,1.219
23227,高浜市,45981,8885,579,982.0,8879,45948,2548,0.287,13089,0.2849,6564,0.7393,0.2295,2042.0,0.8
12224,鎌ケ谷市,109262,31654,1020,1986.0,31654,109262,9067,0.2864,30122,0.2757,21722,0.6862,0.2804,8829.0,0.979
04209,多賀城市,63116,15429,720,1371.0,15429,63116,4406,0.2856,16452,0.2607,12395,0.8034,0.2527,3914.0,0.885
28203,明石市,303138,79205,2267,2236.0,79182,303035,22571,0.2851,80086,0.2643,52008,0.6568,0.2652,21112.0,0.93
12100,千葉市,975733,250079,9373,1708.0,250079,975733,70169,0.2806,244963,0.2511,149740,0.5988,0.2531,63275.0,0.902
22100,静岡市,693345,209603,9283,1445.0,209603,693334,58671,0.2799,174886,0.2522,121140,0.5779,0.2525,52929.0,0.902
44202,別府市,115283,39011,1567,1593.0,38942,115142,10730,0.2755,30505,0.2649,21239,0.5454,0.2505,9775.0,0.909
11301,伊奈町,44537,10819,673,1029.0,10819,44537,2974,0.2749,11954,0.2684,8684,0.8027,0.2785,3042.0,1.013
11208,所沢市,342299,87050,3076,1811.0,87050,342299,23908,0.2746,79753,0.233,55514,0.6377,0.2529,22015.0,0.921
10524,大泉町,41306,9402,713,844.0,9402,41306,2536,0.2697,10994,0.2662,5725,0.6089,0.2014,1906.0,0.747
23210,刈谷市,154232,31081,1908,1043.0,31081,154232,8358,0.2689,37390,0.2424,22866,0.7357,0.3024,9382.0,1.124
47348,与那原町,19579,3857,185,1334.0,3819,19194,1027,0.2689,5219,0.2719,2127,0.557,0.131,511.0,0.487
11237,三郷市,141747,38399,1396,1760.0,38399,141747,10314,0.2686,37693,0.2659,27306,0.7111,0.2489,9609.0,0.927
11219,上尾市,228035,61601,2345,1681.0,61601,228035,16476,0.2675,58367,0.256,39540,0.6419,0.2337,14309.0,0.874
17201,金沢市,461973,120705,6128,1261.0,120705,461973,32287,0.2675,113612,0.2459,79958,0.6624,0.1985,24065.0,0.742
14218,綾瀬市,83875,23183,853,1739.0,23183,83875,6087,0.2626,20059,0.2392,16647,0.7181,0.3164,7337.0,1.205
23424,大治町,32180,6707,357,1202.0,6707,32180,1759,0.2623,8902,0.2766,5343,0.7966,0.329,2193.0,1.254
13212,日野市,190644,45579,1359,2146.0,45579,190644,11903,0.2612,43096,0.2261,30841,0.6766,0.3353,15308.0,1.284
13209,町田市,431760,116720,3477,2148.0,116720,431760,30396,0.2604,112320,0.2601,70336,0.6026,0.3201,37283.0,1.229
19384,昭和町,20886,4070,423,616.0,4070,20886,1058,0.26,6024,0.2884,3025,0.7432,0.1953,778.0,0.751
23234,北名古屋市,86588,20718,979,1354.0,20718,86588,5368,0.2591,22635,0.2614,14505,0.7001,0.2811,5845.0,1.085
11214,春日部市,230336,68772,2802,1571.0,68772,230336,17734,0.2579,56236,0.2441,42272,0.6147,0.2424,16645.0,0.94
47205,宜野湾市,99545,18831,713,1690.0,18831,99545,4796,0.2547,23556,0.2366,11212,0.5954,0.1555,2944.0,0.611
23209,碧南市,72656,17291,1091,1014.0,17291,72656,4374,0.253,18243,0.2511,10830,0.6263,0.2171,3745.0,0.858
28204,西宮市,484948,115707,2803,2642.0,115701,484945,29087,0.2514,98915,0.204,63233,0.5465,0.2381,27605.0,0.947
08309,大洗町,15798,5263,447,754.0,5263,15798,1319,0.2506,3967,0.2511,3135,0.5957,0.2183,1141.0,0.871
47207,石垣市,47566,10452,1086,616.0,10449,47534,2607,0.2495,11454,0.241,4953,0.474,0.3156,3308.0,1.265
27211,茨木市,287700,68457,1975,2218.0,68457,287700,17050,0.2491,63767,0.2216,40572,0.5927,0.2851,19586.0,1.145
27140,堺市,825041,232994,6097,2446.0,232994,825038,57913,0.2486,188845,0.2289,139080,0.5969,0.2644,61635.0,1.064
12204,船橋市,646105,153564,3945,2491.0,153562,646069,38062,0.2479,142898,0.2212,91715,0.5973,0.2869,43832.0,1.158
27220,箕面市,135826,35100,1080,2080.0,35100,135826,8642,0.2462,36052,0.2654,22125,0.6303,0.2278,8032.0,0.925
27217,松原市,117300,34993,832,2692.0,34993,117300,8558,0.2446,27831,0.2373,20849,0.5958,0.2891,10196.0,1.182
28206,芦屋市,95414,27827,644,2765.0,27778,95178,6783,0.2442,23616,0.2481,12961,0.4666,0.2065,5710.0,0.846
27218,大東市,118488,31094,739,2693.0,31094,118488,7445,0.2394,28744,0.2426,18622,0.5989,0.1948,6126.0,0.813
23228,岩倉市,47918,11990,516,1487.0,11990,47918,2822,0.2354,11265,0.2351,8335,0.6952,0.2618,3140.0,1.112
14100,横浜市,3776521,920503,21282,2768.0,920240,3775557,214320,0.2329,793396,0.2101,511047,0.5553,0.2432,223886.0,1.044
22341,清水町,31332,8198,434,1209.0,8198,31332,1906,0.2325,6783,0.2165,5829,0.711,0.2061,1707.0,0.886
14215,海老名市,136696,33831,1152,1880.0,33831,136696,7826,0.2313,31949,0.2337,22544,0.6664,0.3287,11117.0,1.421
11241,鶴ヶ島市,70967,20590,836,1576.0,20590,70967,4727,0.2296,14647,0.2064,11616,0.5642,0.2074,4197.0,0.903
14205,藤沢市,438440,106906,3406,2009.0,106906,438440,24351,0.2278,92314,0.2106,66244,0.6196,0.2759,29393.0,1.211
11222,越谷市,341137,87079,3039,1834.0,87079,341137,19729,0.2266,66424,0.1947,50582,0.5809,0.2352,20491.0,1.038
11234,八潮市,93344,21329,924,1477.0,21329,93344,4768,0.2235,17728,0.1899,15504,0.7269,0.2866,6099.0,1.282
14150,相模原市,724347,185014,6306,1878.0,185014,724347,41208,0.2227,132610,0.1831,112809,0.6097,0.2767,51247.0,1.242
14203,平塚市,258328,72444,2547,1820.0,72444,258328,15939,0.22,52501,0.2032,44068,0.6083,0.2694,19537.0,1.225
47211,沖縄市,142698,28945,1331,1392.0,28942,142657,6263,0.2164,29981,0.2102,15447,0.5337,0.1676,4835.0,0.774
12216,習志野市,176074,40258,926,2782.0,40258,176074,8672,0.2154,38769,0.2202,22746,0.565,0.2975,12044.0,1.381
27205,吹田市,387504,89121,1788,3190.0,89121,387504,18788,0.2108,77010,0.1987,45974,0.5159,0.2226,19698.0,1.056
11230,新座市,165146,41937,1163,2308.0,41937,165146,8834,0.2106,34008,0.2059,23871,0.5692,0.2068,8721.0,0.981
27224,摂津市,86949,21916,645,2175.0,21916,86949,4439,0.2025,17287,0.1988,15065,0.6874,0.2929,6472.0,1.446
11228,志木市,74789,18743,428,2803.0,18743,74789,3788,0.2021,13894,0.1858,9660,0.5154,0.2534,4735.0,1.254
14207,茅ヶ崎市,242442,64930,1721,2415.0,64930,242442,12930,0.1991,45704,0.1885,37634,0.5796,0.2597,16849.0,1.304
11100,さいたま市,1323624,304869,10128,1927.0,304869,1323624,60662,0.199,214119,0.1618,161101,0.5284,0.2323,70859.0,1.168
13221,清瀬市,75940,21431,561,2445.0,21431,75940,4236,0.1977,16366,0.2155,14210,0.6631,0.4347,9337.0,2.199
40218,春日市,112016,24534,732,2145.0,24534,112016,4833,0.197,18710,0.167,13610,0.5547,0.1665,4059.0,0.845
13213,東村山市,151801,40808,960,2721.0,40808,151801,8012,0.1963,29034,0.1913,23113,0.5664,0.2518,10261.0,1.283
11235,富士見市,110313,26889,857,2008.0,26889,110313,5272,0.1961,17729,0.1607,13811,0.5136,0.1901,5164.0,0.969
01100,札幌市,1973273,541415,17000,2038.0,541415,1973273,105195,0.1943,335617,0.1701,297084,0.5487,0.2359,127665.0,1.214
21421,北方町,17732,4419,254,1113.0,4419,17732,842,0.1905,3219,0.1815,3148,0.7124,0.2579,1149.0,1.353
47208,浦添市,115850,23303,736,2026.0,23303,115848,4421,0.1897,18761,0.1619,12040,0.5167,0.1373,3183.0,0.724
40130,福岡市,1612410,338711,10257,2113.0,338477,1611161,63734,0.1883,234664,0.1456,158517,0.4683,0.229,77618.0,1.216
12203,市川市,493377,102231,2542,2574.0,102231,493377,19226,0.1881,75143,0.1523,47299,0.4627,0.2593,26806.0,1.379
12207,松戸市,497906,127637,3244,2518.0,127637,497906,23264,0.1823,85787,0.1723,67688,0.5303,0.2238,28561.0,1.228
27225,高石市,55759,15668,357,2809.0,15668,55759,2814,0.1796,10001,0.1794,9137,0.5832,0.286,4480.0,1.592
27215,寝屋川市,231488,68748,1265,3478.0,68748,231488,12311,0.1791,41359,0.1787,37896,0.5512,0.2223,15129.0,1.241
14216,座間市,130992,33371,809,2640.0,33371,130992,5965,0.1787,23062,0.1761,15524,0.4652,0.2251,7571.0,1.259
13214,国分寺市,129953,27378,683,2565.0,27378,129953,4889,0.1786,21794,0.1677,15305,0.559,0.2468,6709.0,1.382
26208,向日市,57598,15322,367,2672.0,15322,57598,2701,0.1763,10216,0.1774,9808,0.6401,0.2584,3918.0,1.466
28207,伊丹市,198603,51607,1159,2850.0,51607,198603,8882,0.1721,33404,0.1682,25664,0.4973,0.2664,13712.0,1.548
26100,京都市,1462888,394178,10519,2398.0,394178,1462888,67214,0.1705,223165,0.1526,163882,0.4158,0.2421,95488.0,1.42
13202,立川市,183010,45596,1167,2501.0,45596,183010,7725,0.1694,33443,0.1827,21820,0.4786,0.3014,13723.0,1.779
13222,東久留米市,115276,32587,757,2755.0,32587,115276,5491,0.1685,21383,0.1855,14277,0.4381,0.1798,5886.0,1.067
17212,野々市市,58250,11744,671,1120.0,11744,58250,1967,0.1675,7612,0.1307,7895,0.6723,0.1682,1884.0,1.004
13220,東大和市,83540,22726,590,2465.0,22726,83540,3784,0.1665,13927,0.1667,12542,0.5519,0.1984,4548.0,1.192
11245,ふじみ野市,114392,29302,774,2423.0,29302,114392,4500,0.1536,13965,0.1221,13367,0.4562,0.141,4134.0,0.918
12227,浦安市,171847,30036,684,2810.0,30029,171787,4591,0.1529,29383,0.171,15189,0.5058,0.2277,6823.0,1.489
13211,小平市,200523,45491,1156,2519.0,45491,200523,6937,0.1525,31973,0.1594,24502,0.5386,0.2296,10346.0,1.506
27212,八尾市,265361,75139,1854,2594.0,75139,265361,11407,0.1518,40240,0.1516,37440,0.4983,0.2491,18660.0,1.641
13210,小金井市,127215,25931,617,2690.0,25931,127215,3784,0.1459,16458,0.1294,14327,0.5525,0.2704,6919.0,1.853
13227,羽村市,54441,14736,456,2068.0,14736,54441,2124,0.1441,6760,0.1242,8382,0.5688,0.2346,3455.0,1.628
23342,豊山町,15826,3705,211,1124.0,3705,15826,525,0.1417,2168,0.137,3023,0.8159,0.2202,758.0,1.554
14213,大和市,239037,56526,1437,2518.0,56526,239037,7964,0.1409,32890,0.1376,29762,0.5265,0.2651,15029.0,1.881
13207,昭島市,114135,29993,721,2662.0,29993,114135,4194,0.1398,16276,0.1426,18460,0.6155,0.2465,7397.0,1.763
11229,和光市,85257,15415,445,2217.0,15415,85257,2154,0.1397,12777,0.1499,7952,0.5159,0.3474,5225.0,2.486
13206,府中市,262684,56730,1373,2644.0,56730,262684,7710,0.1359,32469,0.1236,32380,0.5708,0.3465,19671.0,2.55
23100,名古屋市,2330794,565144,16246,2226.0,565144,2330789,76230,0.1349,301765,0.1295,306970,0.5432,0.2415,136704.0,1.79
11203,川口市,594608,137970,3491,2529.0,137970,594608,18098,0.1312,68936,0.1159,60947,0.4417,0.1911,26351.0,1.456
27206,泉大津市,75061,19022,510,2387.0,19022,75061,2486,0.1307,10241,0.1364,9886,0.5197,0.2165,4100.0,1.656
11227,朝霞市,141979,27810,792,2247.0,27810,141979,3626,0.1304,16925,0.1192,14653,0.5269,0.1928,5308.0,1.479
13223,武蔵村山市,71483,19084,680,1796.0,19084,71483,2342,0.1227,9537,0.1334,12894,0.6756,0.3305,6229.0,2.693
13215,国立市,76296,17483,446,2509.0,17483,76296,2142,0.1225,9185,0.1204,8022,0.4588,0.2911,5167.0,2.376
14130,川崎市,1539244,301183,6376,3023.0,301183,1539244,36894,0.1225,158668,0.1031,117248,0.3893,0.1739,52383.0,1.42
11221,草加市,248615,61652,1530,2579.0,61652,248615,7541,0.1223,29781,0.1198,32607,0.5289,0.2237,13795.0,1.829
13219,狛江市,84970,20010,365,3509.0,20010,84970,2202,0.11,9766,0.1149,8947,0.4471,0.2254,4499.0,2.048
47201,那覇市,315745,71640,1617,2835.0,71640,315743,7715,0.1077,33349,0.1056,26718,0.3729,0.1453,10503.0,1.349
13229,西東京市,206910,48333,949,3260.0,48333,206910,5138,0.1063,21795,0.1053,25151,0.5204,0.2429,11767.0,2.285
13218,福生市,56685,15238,414,2356.0,15238,56685,1607,0.1055,6449,0.1138,8329,0.5466,0.2289,3469.0,2.171
27203,豊中市,401823,105132,1909,3525.0,105132,401823,10426,0.0992,37656,0.0937,52232,0.4968,0.1691,17821.0,1.705
27227,東大阪市,494394,135800,2824,3078.0,135800,494394,13198,0.0972,47187,0.0954,71195,0.5243,0.2205,29938.0,2.269
13208,調布市,242740,50349,1135,2839.0,50349,242740,4724,0.0938,20972,0.0864,22978,0.4564,0.2166,10919.0,2.308
28202,尼崎市,460092,120292,2229,3454.0,120292,460092,10662,0.0886,37457,0.0814,44041,0.3661,0.1768,21235.0,1.995
27223,門真市,118799,35270,679,3324.0,35270,118799,2606,0.0739,8517,0.0717,16060,0.4553,0.2099,7468.0,2.841
27209,守口市,143332,41006,641,4094.0,41006,143332,3014,0.0735,9627,0.0672,13721,0.3346,0.1636,6689.0,2.226
13204,三鷹市,195183,41572,932,2855.0,41572,195183,2878,0.0692,13950,0.0715,19215,0.4622,0.2271,9452.0,3.28
13123,江戸川区,697549,145750,2406,3877.0,145750,697549,9561,0.0656,43135,0.0618,39344,0.2699,0.1322,19270.0,2.015
13203,武蔵野市,149113,31475,617,3265.0,31475,149113,2004,0.0637,8975,0.0602,12064,0.3833,0.225,7137.0,3.533
11224,戸田市,139096,22826,752,1943.0,22826,139096,1420,0.0622,6282,0.0452,9351,0.4097,0.1989,4587.0,3.197
13120,練馬区,752871,159531,2873,3554.0,159531,752871,9249,0.058,38719,0.0514,58679,0.3678,0.1622,25830.0,2.797
13112,世田谷区,942246,189398,3385,3581.0,189398,942246,9930,0.0524,49289,0.0523,55290,0.2919,0.1334,25357.0,2.545
13115,杉並区,591285,117378,2054,3657.0,117378,591285,5907,0.0503,26117,0.0442,34569,0.2945,0.1359,15905.0,2.7
13121,足立区,693806,170144,2901,3754.0,170144,693806,8383,0.0493,32432,0.0467,54704,0.3215,0.1547,26341.0,3.14
13117,北区,358993,87980,1110,5073.0,87980,358993,3589,0.0408,13326,0.0371,19922,0.2264,0.0876,7652.0,2.147
27100,大阪市,2750381,676534,9922,4364.0,676534,2750381,24616,0.0364,87794,0.0319,179634,0.2655,0.1356,91788.0,3.727
13108,江東区,524757,110180,1312,5375.0,110008,524354,3615,0.0329,16428,0.0313,20389,0.1853,0.0834,9172.0,2.537
13122,葛飾区,454516,111921,1833,3908.0,111921,454516,3399,0.0304,13839,0.0304,18707,0.1671,0.1477,16530.0,4.864
13119,板橋区,583958,132383,1787,4741.0,132383,583958,3489,0.0264,13316,0.0228,25355,0.1915,0.0841,11148.0,3.19
13103,港区,259529,42343,990,2737.0,42063,256935,951,0.0226,5350,0.0208,6572,0.1562,0.0855,3638.0,3.782
13118,荒川区,213550,49830,555,5746.0,49830,213550,989,0.0198,6270,0.0294,6143,0.1233,0.0508,2561.0,2.56
13111,大田区,749711,162073,2221,4670.0,162073,749711,3158,0.0195,13411,0.0179,20883,0.1288,0.0789,12773.0,4.05
13107,墨田区,271750,60009,754,5094.0,60009,271750,1116,0.0186,4551,0.0167,4694,0.0782,0.0388,2333.0,2.087
13105,文京区,239092,41910,646,4152.0,41910,239092,623,0.0149,3195,0.0134,3266,0.0779,0.0367,1542.0,2.469
13109,品川区,421853,79554,1020,4992.0,79442,420178,1179,0.0148,5211,0.0124,10136,0.1276,0.0625,4970.0,4.21
13113,渋谷区,243618,41233,815,3238.0,41233,243618,454,0.011,2675,0.011,4216,0.1022,0.0517,2135.0,4.699
13110,目黒区,290369,56336,884,4079.0,56336,290369,544,0.0097,2897,0.01,8860,0.1573,0.0507,2831.0,5.253
13114,中野区,342504,65445,942,4446.0,65445,342504,320,0.0049,1836,0.0054,8456,0.1292,0.0584,3846.0,11.939
13101,千代田区,66484,10841,376,1845.0,10841,66484,45,0.0042,1034,0.0156,550,0.0507,0.0451,490.0,10.87
13116,豊島区,300452,58357,770,4850.0,58357,300452,220,0.0038,1058,0.0035,3222,0.0552,0.026,1519.0,6.885
13104,新宿区,351746,63282,1008,4018.0,63282,351746,179,0.0028,1342,0.0038,5127,0.081,0.0482,3044.0,17.029
13102,中央区,169445,24825,471,3373.0,24821,169431,49,0.002,1133,0.0067,1341,0.054,0.0442,1091.0,22.394
13106,台東区,212924,47595,572,5325.0,47595,212924,51,0.0011,145,0.0007,858,0.018,0.0386,1835.0,36.052
11223,蕨市,75805,17337,311,3568.0,17337,75805,11,0.0006,96,0.0013,2345,0.1353,0.1073,1850.0,169.07
